ISO-10303-21;
HEADER;
FILE_DESCRIPTION (( 'STEP AP214' ),
    '1' );
FILE_NAME ('ir sensor holder.STEP',
    '2026-05-07T10:45:01',
    ( '' ),
    ( '' ),
    'SwSTEP 2.0',
    'SolidWorks 2024',
    '' );
FILE_SCHEMA (( 'AUTOMOTIVE_DESIGN' ));
ENDSEC;

DATA;
#1 = COLOUR_RGB ( '',0.7921568627450980005, 0.8196078431372548767, 0.9333333333333333481 ) ;
#2 = ORIENTED_EDGE ( 'NONE', *, *, #616, .F. ) ;
#3 = EDGE_LOOP ( 'NONE', ( #759, #257, #593, #1182 ) ) ;
#4 = DIRECTION ( 'NONE',  ( -2.065146995210484695E-17, -0.000000000000000000, 1.000000000000000000 ) ) ;
#5 = APPLICATION_PROTOCOL_DEFINITION ( 'draft international standard', 'automotive_design', 1998, #1312 ) ;
#6 = CARTESIAN_POINT ( 'NONE',  ( 5.016929396987471534, -1.915776135163671512, 4.520000000000000462 ) ) ;
#7 = FACE_BOUND ( 'NONE', #395, .T. ) ;
#8 = ORIENTED_EDGE ( 'NONE', *, *, #242, .T. ) ;
#9 = EDGE_LOOP ( 'NONE', ( #988, #134, #1180, #754 ) ) ;
#10 = DIRECTION ( 'NONE',  ( -0.000000000000000000, 1.000000000000000000, -0.000000000000000000 ) ) ;
#11 = LINE ( 'NONE', #392, #133 ) ;
#12 = CARTESIAN_POINT ( 'NONE',  ( 0.8498953835061084927, -2.865776135163672134, 1.000000000000000000 ) ) ;
#13 = EDGE_CURVE ( 'NONE', #127, #420, #609, .T. ) ;
#14 = EDGE_CURVE ( 'NONE', #1379, #268, #979, .T. ) ;
#15 = EDGE_CURVE ( 'NONE', #44, #717, #450, .T. ) ;
#16 = EDGE_LOOP ( 'NONE', ( #104, #648, #421, #794 ) ) ;
#17 = VECTOR ( 'NONE', #1193, 100.0000000000000000 ) ;
#18 = VERTEX_POINT ( 'NONE', #337 ) ;
#19 = VERTEX_POINT ( 'NONE', #567 ) ;
#20 = DIRECTION ( 'NONE',  ( 1.000000000000000000, 0.000000000000000000, -0.000000000000000000 ) ) ;
#21 = PRODUCT_DEFINITION_SHAPE ( 'NONE', 'NONE',  #461 ) ;
#22 = VECTOR ( 'NONE', #74, 100.0000000000000000 ) ;
#23 = FILL_AREA_STYLE ('',( #1416 ) ) ;
#24 = CARTESIAN_POINT ( 'NONE',  ( 0.02489538350610789874, -1.915776135163671512, 4.320000000000001172 ) ) ;
#25 = EDGE_CURVE ( 'NONE', #536, #732, #1587, .T. ) ;
#26 = SURFACE_STYLE_FILL_AREA ( #410 ) ;
#27 = VECTOR ( 'NONE', #823, 100.0000000000000000 ) ;
#28 = EDGE_CURVE ( 'NONE', #268, #1238, #1575, .T. ) ;
#29 = ORIENTED_EDGE ( 'NONE', *, *, #1285, .F. ) ;
#30 = CARTESIAN_POINT ( 'NONE',  ( 5.561929396987470575, -1.815776135163672755, 0.5000000000000000000 ) ) ;
#31 = DIRECTION ( 'NONE',  ( 1.000000000000000000, 1.224510688924804848E-16, -0.000000000000000000 ) ) ;
#32 = LINE ( 'NONE', #231, #53 ) ;
#33 = DIRECTION ( 'NONE',  ( -1.000000000000000000, 0.000000000000000000, 0.000000000000000000 ) ) ;
#34 = CARTESIAN_POINT ( 'NONE',  ( 6.106929396987470504, -2.215776135163671334, 1.570000000000000506 ) ) ;
#35 = VECTOR ( 'NONE', #382, 100.0000000000000000 ) ;
#36 = VERTEX_POINT ( 'NONE', #1094 ) ;
#37 = VERTEX_POINT ( 'NONE', #1596 ) ;
#38 = CARTESIAN_POINT ( 'NONE',  ( 5.016929396987471534, -2.115776135163671690, 4.520000000000000462 ) ) ;
#39 = ADVANCED_FACE ( 'NONE', ( #1434, #817 ), #458, .F. ) ;
#40 = DIRECTION ( 'NONE',  ( 0.000000000000000000, 0.000000000000000000, -1.000000000000000000 ) ) ;
#41 = CARTESIAN_POINT ( 'NONE',  ( 15.40097125891808005, -0.8157761351636714231, 1.000000000000000000 ) ) ;
#42 =( LENGTH_UNIT ( ) NAMED_UNIT ( * ) SI_UNIT ( .CENTI., .METRE. ) );
#43 = ADVANCED_FACE ( 'NONE', ( #440 ), #929, .T. ) ;
#44 = VERTEX_POINT ( 'NONE', #936 ) ;
#45 = VERTEX_POINT ( 'NONE', #967 ) ;
#46 = VECTOR ( 'NONE', #1064, 100.0000000000000000 ) ;
#47 = CARTESIAN_POINT ( 'NONE',  ( -0.5201046164938921690, -2.215776135163671334, 5.770000000000000462 ) ) ;
#48 = CARTESIAN_POINT ( 'NONE',  ( -0.8001046164938920846, -1.915776135163671512, 1.300000000000000044 ) ) ;
#49 = CARTESIAN_POINT ( 'NONE',  ( -0.5201046164938920580, -1.915776135163671512, 5.770000000000000462 ) ) ;
#50 = LINE ( 'NONE', #336, #1047 ) ;
#51 = EDGE_CURVE ( 'NONE', #19, #105, #826, .T. ) ;
#52 = PLANE ( 'NONE',  #1446 ) ;
#53 = VECTOR ( 'NONE', #726, 100.0000000000000000 ) ;
#54 = AXIS2_PLACEMENT_3D ( 'NONE', #1337, #1450, #1187 ) ;
#55 = ORIENTED_EDGE ( 'NONE', *, *, #367, .T. ) ;
#56 = ORIENTED_EDGE ( 'NONE', *, *, #709, .T. ) ;
#57 = FACE_OUTER_BOUND ( 'NONE', #1070, .T. ) ;
#58 = DIRECTION ( 'NONE',  ( -1.000000000000000000, 0.000000000000000000, 0.000000000000000000 ) ) ;
#59 =( NAMED_UNIT ( * ) SI_UNIT ( $, .STERADIAN. ) SOLID_ANGLE_UNIT ( ) );
#60 = ORIENTED_EDGE ( 'NONE', *, *, #1511, .F. ) ;
#61 = ORIENTED_EDGE ( 'NONE', *, *, #187, .T. ) ;
#62 = ORIENTED_EDGE ( 'NONE', *, *, #1577, .F. ) ;
#63 = VECTOR ( 'NONE', #10, 100.0000000000000000 ) ;
#64 = DIRECTION ( 'NONE',  ( -1.000000000000000000, 0.000000000000000000, -0.000000000000000000 ) ) ;
#65 = LINE ( 'NONE', #1033, #1466 ) ;
#66 = CARTESIAN_POINT ( 'NONE',  ( 0.02489538350610789874, -2.115776135163671690, 4.320000000000001172 ) ) ;
#67 = UNCERTAINTY_MEASURE_WITH_UNIT (LENGTH_MEASURE( 1.000000000000000082E-05 ), #503, 'distance_accuracy_value', 'NONE');
#68 = CARTESIAN_POINT ( 'NONE',  ( 0.8498953835061079376, -1.915776135163671512, 6.040000000000000924 ) ) ;
#69 = EDGE_CURVE ( 'NONE', #105, #477, #1455, .T. ) ;
#70 = EDGE_LOOP ( 'NONE', ( #1188, #95, #303, #1625 ) ) ;
#71 = EDGE_CURVE ( 'NONE', #444, #1503, #1346, .T. ) ;
#72 = EDGE_CURVE ( 'NONE', #1132, #1396, #319, .T. ) ;
#73 = VERTEX_POINT ( 'NONE', #1331 ) ;
#74 = DIRECTION ( 'NONE',  ( -1.000000000000000000, -0.000000000000000000, -0.000000000000000000 ) ) ;
#75 = PLANE ( 'NONE',  #978 ) ;
#76 = CARTESIAN_POINT ( 'NONE',  ( 0.5698953835061079110, -1.915776135163671512, 5.770000000000000462 ) ) ;
#77 = CARTESIAN_POINT ( 'NONE',  ( -0.8001046164938920846, -0.8157761351636715341, 1.300000000000000044 ) ) ;
#78 = DIRECTION ( 'NONE',  ( 0.000000000000000000, 1.000000000000000000, 0.000000000000000000 ) ) ;
#79 = ADVANCED_FACE ( 'NONE', ( #1560 ), #52, .T. ) ;
#80 = EDGE_LOOP ( 'NONE', ( #350, #1306, #1430, #942 ) ) ;
#81 = VECTOR ( 'NONE', #1081, 100.0000000000000000 ) ;
#82 = LINE ( 'NONE', #1479, #688 ) ;
#83 = DIRECTION ( 'NONE',  ( -1.326553246335205396E-16, 1.000000000000000000, 0.000000000000000000 ) ) ;
#84 = ADVANCED_FACE ( 'NONE', ( #203 ), #182, .F. ) ;
#85 = DIRECTION ( 'NONE',  ( 0.000000000000000000, -0.000000000000000000, -1.000000000000000000 ) ) ;
#86 = VECTOR ( 'NONE', #94, 100.0000000000000000 ) ;
#87 = VERTEX_POINT ( 'NONE', #329 ) ;
#88 = VERTEX_POINT ( 'NONE', #373 ) ;
#89 = EDGE_CURVE ( 'NONE', #290, #477, #220, .T. ) ;
#90 = ORIENTED_EDGE ( 'NONE', *, *, #1616, .F. ) ;
#91 = DIRECTION ( 'NONE',  ( 1.326553246335205396E-16, -1.000000000000000000, -0.000000000000000000 ) ) ;
#92 = CARTESIAN_POINT ( 'NONE',  ( 5.016929396987470646, -1.915776135163671512, 5.770000000000000462 ) ) ;
#93 = FACE_OUTER_BOUND ( 'NONE', #795, .T. ) ;
#94 = DIRECTION ( 'NONE',  ( -1.000000000000000000, -0.000000000000000000, -0.000000000000000000 ) ) ;
#95 = ORIENTED_EDGE ( 'NONE', *, *, #709, .F. ) ;
#96 = ORIENTED_EDGE ( 'NONE', *, *, #1561, .F. ) ;
#97 = DIRECTION ( 'NONE',  ( 0.000000000000000000, 0.000000000000000000, 1.000000000000000000 ) ) ;
#98 = CARTESIAN_POINT ( 'NONE',  ( 4.736929396987470398, -1.915776135163671512, 1.300000000000000044 ) ) ;
#99 = CARTESIAN_POINT ( 'NONE',  ( 0.02489538350610789874, -1.915776135163671512, 4.220000000000000639 ) ) ;
#100 = CYLINDRICAL_SURFACE ( 'NONE', #827, 0.1000000000000000888 ) ;
#101 = CARTESIAN_POINT ( 'NONE',  ( 6.386929396987469865, -2.215776135163670890, 1.000000000000000000 ) ) ;
#102 = AXIS2_PLACEMENT_3D ( 'NONE', #1400, #1523, #33 ) ;
#103 = ADVANCED_FACE ( 'NONE', ( #1216, #606 ), #1622, .F. ) ;
#104 = ORIENTED_EDGE ( 'NONE', *, *, #534, .F. ) ;
#105 = VERTEX_POINT ( 'NONE', #1500 ) ;
#106 = LINE ( 'NONE', #240, #159 ) ;
#107 = LINE ( 'NONE', #1498, #903 ) ;
#108 = VECTOR ( 'NONE', #561, 100.0000000000000000 ) ;
#109 = DIRECTION ( 'NONE',  ( 0.000000000000000000, 0.000000000000000000, 1.000000000000000000 ) ) ;
#110 = DIRECTION ( 'NONE',  ( -1.000000000000000000, -1.224510688924804848E-16, 0.000000000000000000 ) ) ;
#111 = CARTESIAN_POINT ( 'NONE',  ( 9.863937245436718015, -1.115776135163671468, 1.000000000000000000 ) ) ;
#112 = ORIENTED_EDGE ( 'NONE', *, *, #225, .F. ) ;
#113 = ORIENTED_EDGE ( 'NONE', *, *, #714, .T. ) ;
#114 = CARTESIAN_POINT ( 'NONE',  ( 4.736929396987470398, -1.915776135163671512, 6.040000000000000924 ) ) ;
#115 = SURFACE_STYLE_FILL_AREA ( #466 ) ;
#116 = COLOUR_RGB ( '',0.7921568627450980005, 0.8196078431372548767, 0.9333333333333333481 ) ;
#117 = DIRECTION ( 'NONE',  ( 0.000000000000000000, 1.000000000000000000, 0.000000000000000000 ) ) ;
#118 = VECTOR ( 'NONE', #1277, 100.0000000000000000 ) ;
#119 = ADVANCED_FACE ( 'NONE', ( #1129 ), #1376, .T. ) ;
#120 = VECTOR ( 'NONE', #1022, 100.0000000000000000 ) ;
#121 = ORIENTED_EDGE ( 'NONE', *, *, #487, .T. ) ;
#122 = EDGE_LOOP ( 'NONE', ( #1512, #1568 ) ) ;
#123 = ORIENTED_EDGE ( 'NONE', *, *, #1139, .T. ) ;
#124 = LINE ( 'NONE', #482, #1332 ) ;
#125 = LINE ( 'NONE', #362, #1536 ) ;
#126 = LINE ( 'NONE', #629, #1010 ) ;
#127 = VERTEX_POINT ( 'NONE', #475 ) ;
#128 = ORIENTED_EDGE ( 'NONE', *, *, #1343, .T. ) ;
#129 = CARTESIAN_POINT ( 'NONE',  ( 5.561929396987470575, -2.115776135163671690, 4.220000000000000639 ) ) ;
#130 = AXIS2_PLACEMENT_3D ( 'NONE', #665, #1035, #1418 ) ;
#131 = CYLINDRICAL_SURFACE ( 'NONE', #1263, 0.1500000000000001332 ) ;
#132 = DIRECTION ( 'NONE',  ( 1.000000000000000000, 0.000000000000000000, -0.000000000000000000 ) ) ;
#133 = VECTOR ( 'NONE', #1148, 100.0000000000000000 ) ;
#134 = ORIENTED_EDGE ( 'NONE', *, *, #1078, .T. ) ;
#135 = AXIS2_PLACEMENT_3D ( 'NONE', #752, #746, #236 ) ;
#136 = ORIENTED_EDGE ( 'NONE', *, *, #441, .T. ) ;
#137 = EDGE_CURVE ( 'NONE', #229, #44, #1362, .T. ) ;
#138 = ORIENTED_EDGE ( 'NONE', *, *, #918, .F. ) ;
#139 = DIRECTION ( 'NONE',  ( 0.000000000000000000, 1.000000000000000000, 0.000000000000000000 ) ) ;
#140 = LINE ( 'NONE', #1409, #692 ) ;
#141 = DIRECTION ( 'NONE',  ( -0.000000000000000000, 1.000000000000000000, -0.000000000000000000 ) ) ;
#142 = ORIENTED_EDGE ( 'NONE', *, *, #769, .F. ) ;
#143 = ORIENTED_EDGE ( 'NONE', *, *, #533, .F. ) ;
#144 = ORIENTED_EDGE ( 'NONE', *, *, #150, .T. ) ;
#145 = CARTESIAN_POINT ( 'NONE',  ( 6.106929396987470504, -2.215776135163671334, 5.770000000000000462 ) ) ;
#146 = ADVANCED_FACE ( 'NONE', ( #1629 ), #729, .F. ) ;
#147 = SURFACE_STYLE_USAGE ( .BOTH. , #900 ) ;
#148 = LINE ( 'NONE', #645, #1391 ) ;
#149 = CARTESIAN_POINT ( 'NONE',  ( 6.386929396987469865, -0.8157761351636714231, 1.000000000000000000 ) ) ;
#150 = EDGE_CURVE ( 'NONE', #73, #578, #615, .T. ) ;
#151 = AXIS2_PLACEMENT_3D ( 'NONE', #1102, #483, #1602 ) ;
#152 = VERTEX_POINT ( 'NONE', #228 ) ;
#153 = VERTEX_POINT ( 'NONE', #1003 ) ;
#154 = CARTESIAN_POINT ( 'NONE',  ( 0.5698953835061079110, -2.215776135163671334, 5.770000000000000462 ) ) ;
#155 = VECTOR ( 'NONE', #1185, 100.0000000000000000 ) ;
#156 = LINE ( 'NONE', #661, #295 ) ;
#157 = DIRECTION ( 'NONE',  ( 1.000000000000000000, 1.326553246335205396E-16, 0.000000000000000000 ) ) ;
#158 = PLANE ( 'NONE',  #314 ) ;
#159 = VECTOR ( 'NONE', #991, 100.0000000000000000 ) ;
#160 = ORIENTED_EDGE ( 'NONE', *, *, #552, .T. ) ;
#161 = ORIENTED_EDGE ( 'NONE', *, *, #243, .F. ) ;
#162 = LINE ( 'NONE', #1009, #1095 ) ;
#163 = DIRECTION ( 'NONE',  ( -2.065146995210484695E-17, -0.000000000000000000, 1.000000000000000000 ) ) ;
#164 = CARTESIAN_POINT ( 'NONE',  ( 6.106929396987470504, -2.215776135163671334, 5.770000000000000462 ) ) ;
#165 = LINE ( 'NONE', #12, #411 ) ;
#166 = AXIS2_PLACEMENT_3D ( 'NONE', #129, #169, #1167 ) ;
#167 = ORIENTED_EDGE ( 'NONE', *, *, #1120, .F. ) ;
#168 = ORIENTED_EDGE ( 'NONE', *, *, #1027, .T. ) ;
#169 = DIRECTION ( 'NONE',  ( 0.000000000000000000, 1.000000000000000000, 0.000000000000000000 ) ) ;
#170 = EDGE_CURVE ( 'NONE', #777, #846, #485, .T. ) ;
#171 = FACE_OUTER_BOUND ( 'NONE', #1323, .T. ) ;
#172 = DIRECTION ( 'NONE',  ( -1.000000000000000000, -0.000000000000000000, -0.000000000000000000 ) ) ;
#173 =( NAMED_UNIT ( * ) PLANE_ANGLE_UNIT ( ) SI_UNIT ( $, .RADIAN. ) );
#174 = ORIENTED_EDGE ( 'NONE', *, *, #309, .T. ) ;
#175 = EDGE_LOOP ( 'NONE', ( #123, #1296, #1166, #239 ) ) ;
#176 = ORIENTED_EDGE ( 'NONE', *, *, #1085, .F. ) ;
#177 = AXIS2_PLACEMENT_3D ( 'NONE', #814, #919, #1573 ) ;
#178 = CARTESIAN_POINT ( 'NONE',  ( 0.1748953835061079487, -1.815776135163672755, 0.5000000000000000000 ) ) ;
#179 = FACE_OUTER_BOUND ( 'NONE', #390, .T. ) ;
#180 = DIRECTION ( 'NONE',  ( -1.000000000000000000, 0.000000000000000000, -0.000000000000000000 ) ) ;
#181 = DIRECTION ( 'NONE',  ( -1.000000000000000000, 0.000000000000000000, 0.000000000000000000 ) ) ;
#182 = PLANE ( 'NONE',  #741 ) ;
#183 = STYLED_ITEM ( 'NONE', ( #543 ), #1484 ) ;
#184 = AXIS2_PLACEMENT_3D ( 'NONE', #101, #1604, #1112 ) ;
#185 = ORIENTED_EDGE ( 'NONE', *, *, #664, .F. ) ;
#186 = ORIENTED_EDGE ( 'NONE', *, *, #72, .T. ) ;
#187 = EDGE_CURVE ( 'NONE', #768, #1429, #1234, .T. ) ;
#188 = EDGE_CURVE ( 'NONE', #290, #37, #1615, .T. ) ;
#189 = LINE ( 'NONE', #1571, #656 ) ;
#190 = DIRECTION ( 'NONE',  ( -1.000000000000000000, -1.326553246335205396E-16, 8.688419574616818714E-17 ) ) ;
#191 = CARTESIAN_POINT ( 'NONE',  ( 9.863937245436718015, -0.8157761351636714231, 0.000000000000000000 ) ) ;
#192 = SURFACE_SIDE_STYLE ('',( #26 ) ) ;
#193 = CARTESIAN_POINT ( 'NONE',  ( 6.106929396987470504, -2.115776135163671690, 3.920000000000000373 ) ) ;
#194 = VECTOR ( 'NONE', #796, 100.0000000000000000 ) ;
#195 = ORIENTED_EDGE ( 'NONE', *, *, #1561, .T. ) ;
#196 = VECTOR ( 'NONE', #538, 100.0000000000000000 ) ;
#197 = DIRECTION ( 'NONE',  ( -1.000000000000000000, -1.326553246335205396E-16, 8.688419574616818714E-17 ) ) ;
#198 = EDGE_CURVE ( 'NONE', #420, #127, #428, .T. ) ;
#199 = PLANE ( 'NONE',  #788 ) ;
#200 = EDGE_CURVE ( 'NONE', #477, #529, #1224, .T. ) ;
#201 = CARTESIAN_POINT ( 'NONE',  ( -0.5201046164938921690, -2.215776135163671334, 5.770000000000000462 ) ) ;
#202 = CARTESIAN_POINT ( 'NONE',  ( 6.386929396987469865, 0.000000000000000000, 0.000000000000000000 ) ) ;
#203 = FACE_OUTER_BOUND ( 'NONE', #452, .T. ) ;
#204 = EDGE_CURVE ( 'NONE', #18, #369, #738, .T. ) ;
#205 = ORIENTED_EDGE ( 'NONE', *, *, #1526, .F. ) ;
#206 = EDGE_LOOP ( 'NONE', ( #930, #338, #304, #1212 ) ) ;
#207 = LINE ( 'NONE', #712, #559 ) ;
#208 = CARTESIAN_POINT ( 'NONE',  ( 4.736929396987470398, -2.215776135163671334, 6.040000000000000924 ) ) ;
#209 = DIRECTION ( 'NONE',  ( 1.326553246335205396E-16, -1.000000000000000000, -0.000000000000000000 ) ) ;
#210 = DIRECTION ( 'NONE',  ( 0.000000000000000000, 1.000000000000000000, 0.000000000000000000 ) ) ;
#211 = EDGE_CURVE ( 'NONE', #1395, #291, #1210, .T. ) ;
#212 = EDGE_CURVE ( 'NONE', #999, #1262, #1558, .T. ) ;
#213 = ORIENTED_EDGE ( 'NONE', *, *, #956, .T. ) ;
#214 = STYLED_ITEM ( 'NONE', ( #622 ), #937 ) ;
#215 = VERTEX_POINT ( 'NONE', #1252 ) ;
#216 = DIRECTION ( 'NONE',  ( -1.000000000000000000, -0.000000000000000000, -0.000000000000000000 ) ) ;
#217 = LINE ( 'NONE', #92, #1538 ) ;
#218 = CARTESIAN_POINT ( 'NONE',  ( 0.8498953835061079376, 1.127431480035331789E-16, 0.000000000000000000 ) ) ;
#219 = DIRECTION ( 'NONE',  ( -1.000000000000000000, -0.000000000000000000, -0.000000000000000000 ) ) ;
#220 = LINE ( 'NONE', #873, #891 ) ;
#221 = EDGE_CURVE ( 'NONE', #378, #554, #126, .T. ) ;
#222 = VERTEX_POINT ( 'NONE', #1510 ) ;
#223 = CARTESIAN_POINT ( 'NONE',  ( 6.106929396987470504, -1.915776135163671512, 5.770000000000000462 ) ) ;
#224 = CARTESIAN_POINT ( 'NONE',  ( -0.1251046164938921512, -0.8157761351636727554, 0.5000000000000000000 ) ) ;
#225 = EDGE_CURVE ( 'NONE', #684, #1436, #851, .T. ) ;
#226 =( NAMED_UNIT ( * ) PLANE_ANGLE_UNIT ( ) SI_UNIT ( $, .RADIAN. ) );
#227 = FACE_OUTER_BOUND ( 'NONE', #869, .T. ) ;
#228 = CARTESIAN_POINT ( 'NONE',  ( 6.386929396987471641, -0.8157761351636723113, 1.000000000000000000 ) ) ;
#229 = VERTEX_POINT ( 'NONE', #1474 ) ;
#230 = ORIENTED_EDGE ( 'NONE', *, *, #170, .F. ) ;
#231 = CARTESIAN_POINT ( 'NONE',  ( -0.1251046164938920124, -1.815776135163672755, 0.5000000000000000000 ) ) ;
#232 = CARTESIAN_POINT ( 'NONE',  ( -0.5201046164938920580, -2.215776135163671334, 1.570000000000000506 ) ) ;
#233 = CARTESIAN_POINT ( 'NONE',  ( 4.736929396987470398, -1.061381376417757214E-16, 1.000000000000000000 ) ) ;
#234 = LINE ( 'NONE', #721, #618 ) ;
#235 = DIRECTION ( 'NONE',  ( 1.000000000000000000, 0.000000000000000000, -0.000000000000000000 ) ) ;
#236 = DIRECTION ( 'NONE',  ( -0.000000000000000000, 0.000000000000000000, -1.000000000000000000 ) ) ;
#237 = ORIENTED_EDGE ( 'NONE', *, *, #784, .F. ) ;
#238 = CIRCLE ( 'NONE', #1261, 0.1000000000000000888 ) ;
#239 = ORIENTED_EDGE ( 'NONE', *, *, #1292, .F. ) ;
#240 = CARTESIAN_POINT ( 'NONE',  ( 5.016929396987470646, -2.215776135163671334, 5.770000000000000462 ) ) ;
#241 = DIRECTION ( 'NONE',  ( -0.000000000000000000, 1.000000000000000000, -0.000000000000000000 ) ) ;
#242 = EDGE_CURVE ( 'NONE', #906, #331, #1353, .T. ) ;
#243 = EDGE_CURVE ( 'NONE', #896, #880, #1163, .T. ) ;
#244 = DIRECTION ( 'NONE',  ( 0.000000000000000000, 1.000000000000000000, 0.000000000000000000 ) ) ;
#245 = DIRECTION ( 'NONE',  ( 0.000000000000000000, 1.000000000000000000, 0.000000000000000000 ) ) ;
#246 = EDGE_CURVE ( 'NONE', #37, #396, #902, .T. ) ;
#247 = EDGE_CURVE ( 'NONE', #347, #1429, #532, .T. ) ;
#248 = ORIENTED_EDGE ( 'NONE', *, *, #1407, .T. ) ;
#249 = EDGE_CURVE ( 'NONE', #846, #1290, #165, .T. ) ;
#250 = ORIENTED_EDGE ( 'NONE', *, *, #442, .T. ) ;
#251 = DIRECTION ( 'NONE',  ( 0.000000000000000000, 1.000000000000000000, 0.000000000000000000 ) ) ;
#252 = ADVANCED_FACE ( 'NONE', ( #7, #894, #1410, #1025 ), #424, .F. ) ;
#253 = CARTESIAN_POINT ( 'NONE',  ( -0.5201046164938920580, -2.215776135163671334, 1.570000000000000506 ) ) ;
#254 = AXIS2_PLACEMENT_3D ( 'NONE', #728, #484, #110 ) ;
#255 = DIRECTION ( 'NONE',  ( 0.000000000000000000, 1.000000000000000000, 0.000000000000000000 ) ) ;
#256 = ORIENTED_EDGE ( 'NONE', *, *, #654, .F. ) ;
#257 = ORIENTED_EDGE ( 'NONE', *, *, #441, .F. ) ;
#258 = ORIENTED_EDGE ( 'NONE', *, *, #1488, .T. ) ;
#259 = DIRECTION ( 'NONE',  ( 0.000000000000000000, -1.156482317317871133E-15, 1.000000000000000000 ) ) ;
#260 = DIRECTION ( 'NONE',  ( 0.000000000000000000, 1.000000000000000000, 0.000000000000000000 ) ) ;
#261 = AXIS2_PLACEMENT_3D ( 'NONE', #1344, #975, #575 ) ;
#262 = CARTESIAN_POINT ( 'NONE',  ( -0.5201046164938921690, -1.915776135163671512, 5.770000000000000462 ) ) ;
#263 = PLANE ( 'NONE',  #1310 ) ;
#264 = VECTOR ( 'NONE', #58, 100.0000000000000000 ) ;
#265 = ADVANCED_FACE ( 'NONE', ( #653 ), #783, .F. ) ;
#266 = ORIENTED_EDGE ( 'NONE', *, *, #1577, .T. ) ;
#267 = EDGE_LOOP ( 'NONE', ( #1412, #853, #1477, #469 ) ) ;
#268 = VERTEX_POINT ( 'NONE', #1017 ) ;
#269 = CARTESIAN_POINT ( 'NONE',  ( 6.106929396987470504, -2.115776135163671690, 4.520000000000000462 ) ) ;
#270 = VECTOR ( 'NONE', #1448, 100.0000000000000000 ) ;
#271 = LINE ( 'NONE', #1522, #479 ) ;
#272 = CARTESIAN_POINT ( 'NONE',  ( 6.386929396987469865, -2.215776135163670890, 1.000000000000000000 ) ) ;
#273 = VECTOR ( 'NONE', #1209, 100.0000000000000000 ) ;
#274 = VECTOR ( 'NONE', #260, 100.0000000000000000 ) ;
#275 = ORIENTED_EDGE ( 'NONE', *, *, #981, .T. ) ;
#276 = ORIENTED_EDGE ( 'NONE', *, *, #895, .F. ) ;
#277 = ORIENTED_EDGE ( 'NONE', *, *, #246, .T. ) ;
#278 = CARTESIAN_POINT ( 'NONE',  ( 6.106929396987470504, -1.915776135163671512, 1.570000000000000506 ) ) ;
#279 = EDGE_CURVE ( 'NONE', #369, #404, #1156, .T. ) ;
#280 = DIRECTION ( 'NONE',  ( -0.000000000000000000, -1.000000000000000000, -0.000000000000000000 ) ) ;
#281 = PLANE ( 'NONE',  #1105 ) ;
#282 = VECTOR ( 'NONE', #380, 100.0000000000000000 ) ;
#283 = EDGE_LOOP ( 'NONE', ( #174, #1570, #230, #693 ) ) ;
#284 = ORIENTED_EDGE ( 'NONE', *, *, #89, .T. ) ;
#285 = ORIENTED_EDGE ( 'NONE', *, *, #613, .F. ) ;
#286 = DIRECTION ( 'NONE',  ( -1.326553246335205396E-16, 1.000000000000000000, -0.000000000000000000 ) ) ;
#287 = CARTESIAN_POINT ( 'NONE',  ( 6.106929396987470504, -2.215776135163671334, 5.770000000000000462 ) ) ;
#288 = DIRECTION ( 'NONE',  ( -1.000000000000000000, 0.000000000000000000, 0.000000000000000000 ) ) ;
#289 = CARTESIAN_POINT ( 'NONE',  ( 6.386929396987469865, -2.215776135163670890, 1.000000000000000000 ) ) ;
#290 = VERTEX_POINT ( 'NONE', #1515 ) ;
#291 = VERTEX_POINT ( 'NONE', #24 ) ;
#292 = DIRECTION ( 'NONE',  ( -1.000000000000000000, -1.326553246335205396E-16, 0.000000000000000000 ) ) ;
#293 = FACE_OUTER_BOUND ( 'NONE', #16, .T. ) ;
#294 = CARTESIAN_POINT ( 'NONE',  ( -0.5201046164938921690, -1.915776135163671512, 3.920000000000001261 ) ) ;
#295 = VECTOR ( 'NONE', #31, 100.0000000000000000 ) ;
#296 = EDGE_CURVE ( 'NONE', #545, #1257, #884, .T. ) ;
#297 = ORIENTED_EDGE ( 'NONE', *, *, #496, .T. ) ;
#298 = ORIENTED_EDGE ( 'NONE', *, *, #844, .T. ) ;
#299 = LINE ( 'NONE', #38, #194 ) ;
#300 = CARTESIAN_POINT ( 'NONE',  ( 4.736929396987470398, -2.215776135163670890, 1.000000000000000000 ) ) ;
#301 = LINE ( 'NONE', #798, #682 ) ;
#302 = DIRECTION ( 'NONE',  ( 0.000000000000000000, 1.000000000000000000, 0.000000000000000000 ) ) ;
#303 = ORIENTED_EDGE ( 'NONE', *, *, #25, .F. ) ;
#304 = ORIENTED_EDGE ( 'NONE', *, *, #442, .F. ) ;
#305 = CARTESIAN_POINT ( 'NONE',  ( 5.711929396987470930, -0.8157761351636727554, 0.5000000000000000000 ) ) ;
#306 = LINE ( 'NONE', #191, #17 ) ;
#307 =( NAMED_UNIT ( * ) SI_UNIT ( $, .STERADIAN. ) SOLID_ANGLE_UNIT ( ) );
#308 = CARTESIAN_POINT ( 'NONE',  ( -0.5201046164938920580, -2.115776135163671690, 3.920000000000000373 ) ) ;
#309 = EDGE_CURVE ( 'NONE', #776, #88, #671, .T. ) ;
#310 = EDGE_CURVE ( 'NONE', #1013, #578, #520, .T. ) ;
#311 = EDGE_CURVE ( 'NONE', #396, #18, #1149, .T. ) ;
#312 = ORIENTED_EDGE ( 'NONE', *, *, #486, .F. ) ;
#313 = ORIENTED_EDGE ( 'NONE', *, *, #246, .F. ) ;
#314 = AXIS2_PLACEMENT_3D ( 'NONE', #41, #1542, #910 ) ;
#315 = DIRECTION ( 'NONE',  ( -1.224510688924804848E-16, 1.000000000000000000, 0.000000000000000000 ) ) ;
#316 = DIRECTION ( 'NONE',  ( -1.326553246335205396E-16, 1.000000000000000000, 0.000000000000000000 ) ) ;
#317 = LINE ( 'NONE', #1440, #526 ) ;
#318 =( NAMED_UNIT ( * ) PLANE_ANGLE_UNIT ( ) SI_UNIT ( $, .RADIAN. ) );
#319 = LINE ( 'NONE', #681, #691 ) ;
#320 = STYLED_ITEM ( 'NONE', ( #1295 ), #1516 ) ;
#321 = VECTOR ( 'NONE', #345, 100.0000000000000000 ) ;
#322 = ADVANCED_FACE ( 'NONE', ( #541, #402 ), #158, .F. ) ;
#323 = ORIENTED_EDGE ( 'NONE', *, *, #939, .F. ) ;
#324 = DIRECTION ( 'NONE',  ( 8.688419574616818714E-17, 1.063906263898180028E-32, 1.000000000000000000 ) ) ;
#325 = LINE ( 'NONE', #973, #585 ) ;
#326 = ADVANCED_FACE ( 'NONE', ( #1143, #293 ), #281, .F. ) ;
#327 = CARTESIAN_POINT ( 'NONE',  ( 4.736929396987470398, -0.8157761351636727554, 0.000000000000000000 ) ) ;
#328 = CARTESIAN_POINT ( 'NONE',  ( 0.8498953835061081596, -0.8157761351636723113, 0.000000000000000000 ) ) ;
#329 = CARTESIAN_POINT ( 'NONE',  ( 0.5698953835061079110, -2.115776135163671690, 3.920000000000000373 ) ) ;
#330 = VECTOR ( 'NONE', #1032, 100.0000000000000000 ) ;
#331 = VERTEX_POINT ( 'NONE', #1170 ) ;
#332 = VECTOR ( 'NONE', #669, 100.0000000000000000 ) ;
#333 = CARTESIAN_POINT ( 'NONE',  ( 0.5698953835061079110, -2.115776135163671690, 3.920000000000000373 ) ) ;
#334 = CARTESIAN_POINT ( 'NONE',  ( 0.8498953835061081596, -0.8157761351636723113, 1.000000000000000000 ) ) ;
#335 = DIRECTION ( 'NONE',  ( -0.000000000000000000, -1.000000000000000000, -0.000000000000000000 ) ) ;
#336 = CARTESIAN_POINT ( 'NONE',  ( 6.106929396987470504, -1.915776135163671512, 3.920000000000000373 ) ) ;
#337 = CARTESIAN_POINT ( 'NONE',  ( 6.386929396987469865, -2.215776135163671334, 6.040000000000000924 ) ) ;
#338 = ORIENTED_EDGE ( 'NONE', *, *, #221, .F. ) ;
#339 = EDGE_LOOP ( 'NONE', ( #1270, #1114 ) ) ;
#340 = CARTESIAN_POINT ( 'NONE',  ( 5.016929396987470646, -1.915776135163671512, 3.920000000000001261 ) ) ;
#341 = CARTESIAN_POINT ( 'NONE',  ( 0.5698953835061079110, -2.115776135163671690, 3.920000000000000373 ) ) ;
#342 = ADVANCED_FACE ( 'NONE', ( #1382 ), #263, .F. ) ;
#343 = CARTESIAN_POINT ( 'NONE',  ( 0.02489538350610796466, -1.815776135163672755, 0.5000000000000000000 ) ) ;
#344 = CARTESIAN_POINT ( 'NONE',  ( 0.5698953835061079110, -2.215776135163671334, 1.570000000000000506 ) ) ;
#345 = DIRECTION ( 'NONE',  ( 0.000000000000000000, -5.782411586589355667E-16, 1.000000000000000000 ) ) ;
#346 = VECTOR ( 'NONE', #1162, 100.0000000000000000 ) ;
#347 = VERTEX_POINT ( 'NONE', #637 ) ;
#348 = EDGE_CURVE ( 'NONE', #152, #554, #1425, .T. ) ;
#349 = MECHANICAL_DESIGN_GEOMETRIC_PRESENTATION_REPRESENTATION (  '', ( #764 ), #1137 ) ;
#350 = ORIENTED_EDGE ( 'NONE', *, *, #939, .T. ) ;
#351 = CARTESIAN_POINT ( 'NONE',  ( 4.736929396987471286, -2.865776135163673466, 1.516279717780146585 ) ) ;
#352 = CARTESIAN_POINT ( 'NONE',  ( 0.1748953835061078932, -1.115776135163672800, 0.5000000000000000000 ) ) ;
#353 = FACE_OUTER_BOUND ( 'NONE', #443, .T. ) ;
#354 = DIRECTION ( 'NONE',  ( -0.000000000000000000, 0.000000000000000000, -1.000000000000000000 ) ) ;
#355 = AXIS2_PLACEMENT_3D ( 'NONE', #977, #117, #623 ) ;
#356 = CARTESIAN_POINT ( 'NONE',  ( 6.386929396987469865, -2.215776135163670890, 1.000000000000000000 ) ) ;
#357 = ORIENTED_EDGE ( 'NONE', *, *, #348, .T. ) ;
#358 = ORIENTED_EDGE ( 'NONE', *, *, #200, .F. ) ;
#359 = DIRECTION ( 'NONE',  ( 0.000000000000000000, 1.000000000000000000, 0.000000000000000000 ) ) ;
#360 = PLANE ( 'NONE',  #569 ) ;
#361 = CARTESIAN_POINT ( 'NONE',  ( 4.736929396987470398, -1.915776135163671512, 6.040000000000000924 ) ) ;
#362 = CARTESIAN_POINT ( 'NONE',  ( -0.8001046164938920846, -0.8157761351636727554, 1.000000000000000000 ) ) ;
#363 = DIRECTION ( 'NONE',  ( -2.065146995210484695E-17, -0.000000000000000000, 1.000000000000000000 ) ) ;
#364 = DIRECTION ( 'NONE',  ( -1.000000000000000000, -0.000000000000000000, -0.000000000000000000 ) ) ;
#365 = VERTEX_POINT ( 'NONE', #49 ) ;
#366 = EDGE_CURVE ( 'NONE', #1552, #599, #589, .T. ) ;
#367 = EDGE_CURVE ( 'NONE', #1238, #1029, #1605, .T. ) ;
#368 =( GEOMETRIC_REPRESENTATION_CONTEXT ( 3 ) GLOBAL_UNCERTAINTY_ASSIGNED_CONTEXT ( ( #566 ) ) GLOBAL_UNIT_ASSIGNED_CONTEXT ( ( #858, #226, #948 ) ) REPRESENTATION_CONTEXT ( 'NONE', 'WORKASPACE' ) );
#369 = VERTEX_POINT ( 'NONE', #1301 ) ;
#370 = CARTESIAN_POINT ( 'NONE',  ( 4.736929396987470398, -0.8157761351636715341, 1.300000000000000044 ) ) ;
#371 = DIRECTION ( 'NONE',  ( -1.000000000000000000, 0.000000000000000000, -2.065146995210484695E-17 ) ) ;
#372 = PLANE ( 'NONE',  #542 ) ;
#373 = CARTESIAN_POINT ( 'NONE',  ( 0.8498953835061079376, -1.115776135163672578, 0.000000000000000000 ) ) ;
#374 = VECTOR ( 'NONE', #363, 100.0000000000000000 ) ;
#375 = ORIENTED_EDGE ( 'NONE', *, *, #1556, .T. ) ;
#376 = ADVANCED_FACE ( 'NONE', ( #1309 ), #697, .F. ) ;
#377 = CIRCLE ( 'NONE', #660, 0.1500000000000001332 ) ;
#378 = VERTEX_POINT ( 'NONE', #327 ) ;
#379 = VERTEX_POINT ( 'NONE', #687 ) ;
#380 = DIRECTION ( 'NONE',  ( 1.000000000000000000, -0.000000000000000000, -0.000000000000000000 ) ) ;
#381 = PRODUCT_CONTEXT ( 'NONE', #1312, 'mechanical' ) ;
#382 = DIRECTION ( 'NONE',  ( 0.000000000000000000, 1.000000000000000000, 0.000000000000000000 ) ) ;
#383 = CARTESIAN_POINT ( 'NONE',  ( 6.106929396987470504, -1.915776135163671512, 1.570000000000000506 ) ) ;
#384 = EDGE_LOOP ( 'NONE', ( #845, #641 ) ) ;
#385 = ORIENTED_EDGE ( 'NONE', *, *, #707, .F. ) ;
#386 = CARTESIAN_POINT ( 'NONE',  ( 0.5698953835061079110, -2.115776135163671690, 4.520000000000000462 ) ) ;
#387 = CARTESIAN_POINT ( 'NONE',  ( 4.736929396987470398, -2.215776135163671334, 1.300000000000000044 ) ) ;
#388 = CARTESIAN_POINT ( 'NONE',  ( 0.5698953835061079110, -2.215776135163671334, 5.770000000000000462 ) ) ;
#389 = EDGE_CURVE ( 'NONE', #1249, #45, #1320, .T. ) ;
#390 = EDGE_LOOP ( 'NONE', ( #1226, #1487, #128, #1617, #1421, #56, #1378, #1255 ) ) ;
#391 = LINE ( 'NONE', #1632, #196 ) ;
#392 = CARTESIAN_POINT ( 'NONE',  ( -0.8001046164938920846, -2.215776135163670890, 1.000000000000000000 ) ) ;
#393 = CARTESIAN_POINT ( 'NONE',  ( 15.40097125891808005, -1.115776135163671468, 0.000000000000000000 ) ) ;
#394 = VECTOR ( 'NONE', #927, 100.0000000000000000 ) ;
#395 = EDGE_LOOP ( 'NONE', ( #624, #527, #1348, #1316 ) ) ;
#396 = VERTEX_POINT ( 'NONE', #208 ) ;
#397 = EDGE_CURVE ( 'NONE', #1436, #896, #317, .T. ) ;
#398 = ORIENTED_EDGE ( 'NONE', *, *, #1525, .F. ) ;
#399 = DIRECTION ( 'NONE',  ( 0.000000000000000000, -0.000000000000000000, 1.000000000000000000 ) ) ;
#400 = CIRCLE ( 'NONE', #130, 0.1000000000000000888 ) ;
#401 = PLANE ( 'NONE',  #426 ) ;
#402 = FACE_OUTER_BOUND ( 'NONE', #931, .T. ) ;
#403 = ORIENTED_EDGE ( 'NONE', *, *, #397, .F. ) ;
#404 = VERTEX_POINT ( 'NONE', #447 ) ;
#405 = LINE ( 'NONE', #650, #1043 ) ;
#406 = DIRECTION ( 'NONE',  ( 1.000000000000000000, 0.000000000000000000, -0.000000000000000000 ) ) ;
#407 = LINE ( 'NONE', #901, #346 ) ;
#408 = DIRECTION ( 'NONE',  ( 1.000000000000000000, 1.224510688924804848E-16, -0.000000000000000000 ) ) ;
#409 = VECTOR ( 'NONE', #751, 100.0000000000000000 ) ;
#410 = FILL_AREA_STYLE ('',( #1550 ) ) ;
#411 = VECTOR ( 'NONE', #1549, 100.0000000000000000 ) ;
#412 = AXIS2_PLACEMENT_3D ( 'NONE', #30, #286, #778 ) ;
#413 = ORIENTED_EDGE ( 'NONE', *, *, #188, .T. ) ;
#414 = EDGE_CURVE ( 'NONE', #1589, #876, #306, .T. ) ;
#415 = ORIENTED_EDGE ( 'NONE', *, *, #852, .F. ) ;
#416 = DIRECTION ( 'NONE',  ( 0.000000000000000000, 0.000000000000000000, -1.000000000000000000 ) ) ;
#417 = CARTESIAN_POINT ( 'NONE',  ( 6.386929396987469865, -2.215776135163670890, 1.000000000000000000 ) ) ;
#418 = FACE_OUTER_BOUND ( 'NONE', #1045, .T. ) ;
#419 = CARTESIAN_POINT ( 'NONE',  ( -0.8001046164938920846, -1.915776135163671512, 6.040000000000000924 ) ) ;
#420 = VERTEX_POINT ( 'NONE', #66 ) ;
#421 = ORIENTED_EDGE ( 'NONE', *, *, #414, .T. ) ;
#422 = CARTESIAN_POINT ( 'NONE',  ( 0.5698953835061079110, -1.915776135163671512, 1.570000000000000506 ) ) ;
#423 = FACE_OUTER_BOUND ( 'NONE', #667, .T. ) ;
#424 = PLANE ( 'NONE',  #1328 ) ;
#425 = CARTESIAN_POINT ( 'NONE',  ( 6.106929396987470504, -1.915776135163671512, 3.920000000000000373 ) ) ;
#426 = AXIS2_PLACEMENT_3D ( 'NONE', #417, #1381, #406 ) ;
#427 = ORIENTED_EDGE ( 'NONE', *, *, #170, .T. ) ;
#428 = CIRCLE ( 'NONE', #1347, 0.1000000000000000888 ) ;
#429 = ORIENTED_EDGE ( 'NONE', *, *, #922, .T. ) ;
#430 = DIRECTION ( 'NONE',  ( -1.326553246335205396E-16, 1.000000000000000000, -0.000000000000000000 ) ) ;
#431 = CARTESIAN_POINT ( 'NONE',  ( 0.5698953835061079110, -1.915776135163671512, 4.520000000000000462 ) ) ;
#432 = UNCERTAINTY_MEASURE_WITH_UNIT (LENGTH_MEASURE( 1.000000000000000082E-05 ), #1065, 'distance_accuracy_value', 'NONE');
#433 = FILL_AREA_STYLE ('',( #1171 ) ) ;
#434 = EDGE_CURVE ( 'NONE', #215, #1608, #574, .T. ) ;
#435 = CARTESIAN_POINT ( 'NONE',  ( 0.02489538350610789874, -2.115776135163671690, 4.220000000000000639 ) ) ;
#436 = EDGE_LOOP ( 'NONE', ( #185, #1349, #753, #730 ) ) ;
#437 = ORIENTED_EDGE ( 'NONE', *, *, #71, .T. ) ;
#438 = DIRECTION ( 'NONE',  ( 0.000000000000000000, 0.000000000000000000, -1.000000000000000000 ) ) ;
#439 = DIRECTION ( 'NONE',  ( 0.000000000000000000, 0.000000000000000000, -1.000000000000000000 ) ) ;
#440 = FACE_OUTER_BOUND ( 'NONE', #1153, .T. ) ;
#441 = EDGE_CURVE ( 'NONE', #229, #514, #301, .T. ) ;
#442 = EDGE_CURVE ( 'NONE', #906, #378, #1186, .T. ) ;
#443 = EDGE_LOOP ( 'NONE', ( #882, #1211, #1597, #1322 ) ) ;
#444 = VERTEX_POINT ( 'NONE', #565 ) ;
#445 = DIRECTION ( 'NONE',  ( -1.000000000000000000, 0.000000000000000000, 0.000000000000000000 ) ) ;
#446 = FACE_OUTER_BOUND ( 'NONE', #980, .T. ) ;
#447 = CARTESIAN_POINT ( 'NONE',  ( 4.736929396987470398, -2.215776135163670890, 1.000000000000000000 ) ) ;
#448 = VECTOR ( 'NONE', #163, 100.0000000000000000 ) ;
#449 = FACE_BOUND ( 'NONE', #1354, .T. ) ;
#450 = LINE ( 'NONE', #1087, #1527 ) ;
#451 = AXIS2_PLACEMENT_3D ( 'NONE', #1082, #1334, #573 ) ;
#452 = EDGE_LOOP ( 'NONE', ( #1019, #237, #528, #323, #497, #1458 ) ) ;
#453 = CARTESIAN_POINT ( 'NONE',  ( -0.8001046164938920846, -1.915776135163671512, 6.040000000000000924 ) ) ;
#454 = CARTESIAN_POINT ( 'NONE',  ( 5.537034013481362926, 0.000000000000000000, 6.040000000000000924 ) ) ;
#455 = LINE ( 'NONE', #1449, #264 ) ;
#456 = FACE_OUTER_BOUND ( 'NONE', #889, .T. ) ;
#457 = LINE ( 'NONE', #1223, #1079 ) ;
#458 = PLANE ( 'NONE',  #1184 ) ;
#459 = CIRCLE ( 'NONE', #1377, 0.1500000000000001332 ) ;
#460 = ORIENTED_EDGE ( 'NONE', *, *, #844, .F. ) ;
#461 = PRODUCT_DEFINITION ( 'UNKNOWN', '', #1130, #807 ) ;
#462 = EDGE_LOOP ( 'NONE', ( #1145, #508, #546, #537, #403, #702, #1053, #460 ) ) ;
#463 = FACE_OUTER_BOUND ( 'NONE', #206, .T. ) ;
#464 = PLANE ( 'NONE',  #621 ) ;
#465 = CYLINDRICAL_SURFACE ( 'NONE', #151, 0.1000000000000000888 ) ;
#466 = FILL_AREA_STYLE ('',( #840 ) ) ;
#467 = CARTESIAN_POINT ( 'NONE',  ( 0.5698953835061079110, -2.115776135163671690, 4.520000000000000462 ) ) ;
#468 = ORIENTED_EDGE ( 'NONE', *, *, #1052, .T. ) ;
#469 = ORIENTED_EDGE ( 'NONE', *, *, #1357, .F. ) ;
#470 = LINE ( 'NONE', #600, #1551 ) ;
#471 = DIRECTION ( 'NONE',  ( 0.000000000000000000, 1.000000000000000000, 0.000000000000000000 ) ) ;
#472 = VECTOR ( 'NONE', #1454, 100.0000000000000000 ) ;
#473 = DIRECTION ( 'NONE',  ( 0.000000000000000000, -5.782411586589355667E-16, 1.000000000000000000 ) ) ;
#474 = DIRECTION ( 'NONE',  ( 0.000000000000000000, 0.000000000000000000, -1.000000000000000000 ) ) ;
#475 = CARTESIAN_POINT ( 'NONE',  ( 0.02489538350610790915, -2.115776135163671690, 4.120000000000000995 ) ) ;
#476 = AXIS2_PLACEMENT_3D ( 'NONE', #816, #673, #1178 ) ;
#477 = VERTEX_POINT ( 'NONE', #832 ) ;
#478 = VECTOR ( 'NONE', #808, 100.0000000000000000 ) ;
#479 = VECTOR ( 'NONE', #893, 100.0000000000000000 ) ;
#480 = ORIENTED_EDGE ( 'NONE', *, *, #964, .F. ) ;
#481 = LINE ( 'NONE', #223, #27 ) ;
#482 = CARTESIAN_POINT ( 'NONE',  ( 9.863937245436718015, -0.8157761351636714231, 1.000000000000000000 ) ) ;
#483 = DIRECTION ( 'NONE',  ( 0.000000000000000000, 1.000000000000000000, 0.000000000000000000 ) ) ;
#484 = DIRECTION ( 'NONE',  ( -1.224510688924804848E-16, 1.000000000000000000, 0.000000000000000000 ) ) ;
#485 = LINE ( 'NONE', #111, #792 ) ;
#486 = EDGE_CURVE ( 'NONE', #331, #1630, #1083, .T. ) ;
#487 = EDGE_CURVE ( 'NONE', #365, #1528, #1565, .T. ) ;
#488 = ORIENTED_EDGE ( 'NONE', *, *, #1004, .F. ) ;
#489 = ORIENTED_EDGE ( 'NONE', *, *, #1343, .F. ) ;
#490 = DIRECTION ( 'NONE',  ( 1.000000000000000000, 0.000000000000000000, -0.000000000000000000 ) ) ;
#491 = PLANE ( 'NONE',  #544 ) ;
#492 = CIRCLE ( 'NONE', #775, 0.1000000000000000888 ) ;
#493 = FACE_OUTER_BOUND ( 'NONE', #1173, .T. ) ;
#494 = LINE ( 'NONE', #1482, #374 ) ;
#495 = DIRECTION ( 'NONE',  ( -1.000000000000000000, 0.000000000000000000, 0.000000000000000000 ) ) ;
#496 = EDGE_CURVE ( 'NONE', #819, #626, #455, .T. ) ;
#497 = ORIENTED_EDGE ( 'NONE', *, *, #518, .F. ) ;
#498 = ADVANCED_FACE ( 'NONE', ( #1326 ), #1335, .F. ) ;
#499 = ORIENTED_EDGE ( 'NONE', *, *, #28, .T. ) ;
#500 = ORIENTED_EDGE ( 'NONE', *, *, #1475, .T. ) ;
#501 = FACE_OUTER_BOUND ( 'NONE', #1125, .T. ) ;
#502 = DIRECTION ( 'NONE',  ( 1.000000000000000000, 0.000000000000000000, 0.000000000000000000 ) ) ;
#503 =( LENGTH_UNIT ( ) NAMED_UNIT ( * ) SI_UNIT ( .CENTI., .METRE. ) );
#504 = DIRECTION ( 'NONE',  ( -2.065146995210484695E-17, -0.000000000000000000, 1.000000000000000000 ) ) ;
#505 = DIRECTION ( 'NONE',  ( 0.000000000000000000, 1.000000000000000000, 0.000000000000000000 ) ) ;
#506 = ORIENTED_EDGE ( 'NONE', *, *, #309, .F. ) ;
#507 = ORIENTED_EDGE ( 'NONE', *, *, #630, .F. ) ;
#508 = ORIENTED_EDGE ( 'NONE', *, *, #852, .T. ) ;
#509 = AXIS2_PLACEMENT_3D ( 'NONE', #954, #1423, #1555 ) ;
#510 = DIRECTION ( 'NONE',  ( -0.000000000000000000, 1.000000000000000000, 1.156482317317871133E-15 ) ) ;
#511 = CARTESIAN_POINT ( 'NONE',  ( 0.8498953835061079376, -0.8157761351636726443, 1.000000000000000888 ) ) ;
#512 = DIRECTION ( 'NONE',  ( 0.000000000000000000, 0.000000000000000000, 1.000000000000000000 ) ) ;
#513 = EDGE_LOOP ( 'NONE', ( #905, #810, #694, #1067 ) ) ;
#514 = VERTEX_POINT ( 'NONE', #581 ) ;
#515 = ORIENTED_EDGE ( 'NONE', *, *, #1616, .T. ) ;
#516 = CARTESIAN_POINT ( 'NONE',  ( 0.8498953835061079376, -1.915776135163671512, 6.040000000000000924 ) ) ;
#517 = PRODUCT ( 'ir sensor holder', 'ir sensor holder', '', ( #381 ) ) ;
#518 = EDGE_CURVE ( 'NONE', #1159, #215, #1557, .T. ) ;
#519 = PLANE ( 'NONE',  #1207 ) ;
#520 = LINE ( 'NONE', #1268, #809 ) ;
#521 = ADVANCED_FACE ( 'NONE', ( #1432 ), #1206, .T. ) ;
#522 = ORIENTED_EDGE ( 'NONE', *, *, #756, .F. ) ;
#523 = ORIENTED_EDGE ( 'NONE', *, *, #1285, .T. ) ;
#524 = PLANE ( 'NONE',  #1246 ) ;
#525 = DIRECTION ( 'NONE',  ( 0.000000000000000000, -1.000000000000000000, 0.000000000000000000 ) ) ;
#526 = VECTOR ( 'NONE', #439, 100.0000000000000000 ) ;
#527 = ORIENTED_EDGE ( 'NONE', *, *, #389, .T. ) ;
#528 = ORIENTED_EDGE ( 'NONE', *, *, #952, .F. ) ;
#529 = VERTEX_POINT ( 'NONE', #98 ) ;
#530 = CARTESIAN_POINT ( 'NONE',  ( 0.8498953835061079376, -1.915776135163671512, 1.300000000000000044 ) ) ;
#531 = VECTOR ( 'NONE', #935, 100.0000000000000000 ) ;
#532 = LINE ( 'NONE', #646, #700 ) ;
#533 = EDGE_CURVE ( 'NONE', #127, #1395, #107, .T. ) ;
#534 = EDGE_CURVE ( 'NONE', #1290, #1413, #124, .T. ) ;
#535 = ADVANCED_FACE ( 'NONE', ( #750 ), #620, .T. ) ;
#536 = VERTEX_POINT ( 'NONE', #1214 ) ;
#537 = ORIENTED_EDGE ( 'NONE', *, *, #731, .F. ) ;
#538 = DIRECTION ( 'NONE',  ( -0.000000000000000000, 1.000000000000000000, -0.000000000000000000 ) ) ;
#539 = CARTESIAN_POINT ( 'NONE',  ( 5.561929396987470575, -1.915776135163671512, 4.320000000000001172 ) ) ;
#540 = CARTESIAN_POINT ( 'NONE',  ( -0.5201046164938920580, -1.915776135163671512, 4.520000000000000462 ) ) ;
#541 = FACE_BOUND ( 'NONE', #1530, .T. ) ;
#542 = AXIS2_PLACEMENT_3D ( 'NONE', #1628, #354, #1369 ) ;
#543 = PRESENTATION_STYLE_ASSIGNMENT (( #1059 ) ) ;
#544 = AXIS2_PLACEMENT_3D ( 'NONE', #1491, #371, #838 ) ;
#545 = VERTEX_POINT ( 'NONE', #224 ) ;
#546 = ORIENTED_EDGE ( 'NONE', *, *, #1292, .T. ) ;
#547 = DIRECTION ( 'NONE',  ( -0.000000000000000000, 0.000000000000000000, 1.000000000000000000 ) ) ;
#548 = DIRECTION ( 'NONE',  ( 1.000000000000000000, 0.000000000000000000, -0.000000000000000000 ) ) ;
#549 = CARTESIAN_POINT ( 'NONE',  ( -0.8001046164938917515, -2.865776135163673466, 1.516279717780146585 ) ) ;
#550 = DIRECTION ( 'NONE',  ( 0.000000000000000000, -1.000000000000000000, -5.782411586589355667E-16 ) ) ;
#551 = DIRECTION ( 'NONE',  ( -1.000000000000000000, 0.000000000000000000, 0.000000000000000000 ) ) ;
#552 = EDGE_CURVE ( 'NONE', #880, #626, #1469, .T. ) ;
#553 = VERTEX_POINT ( 'NONE', #352 ) ;
#554 = VERTEX_POINT ( 'NONE', #1250 ) ;
#555 = ADVANCED_FACE ( 'NONE', ( #612 ), #360, .F. ) ;
#556 = CARTESIAN_POINT ( 'NONE',  ( 4.736929396987470398, -2.215776135163670890, 1.000000000000000000 ) ) ;
#557 = DIRECTION ( 'NONE',  ( -0.000000000000000000, 1.000000000000000000, -0.000000000000000000 ) ) ;
#558 = CARTESIAN_POINT ( 'NONE',  ( 5.537034013481362926, 0.000000000000000000, 1.000000000000000000 ) ) ;
#559 = VECTOR ( 'NONE', #1205, 100.0000000000000000 ) ;
#560 = SURFACE_SIDE_STYLE ('',( #904 ) ) ;
#561 = DIRECTION ( 'NONE',  ( -1.326553246335205396E-16, 1.000000000000000000, -0.000000000000000000 ) ) ;
#562 = ORIENTED_EDGE ( 'NONE', *, *, #1123, .F. ) ;
#563 = ORIENTED_EDGE ( 'NONE', *, *, #348, .F. ) ;
#564 = DIRECTION ( 'NONE',  ( 0.000000000000000000, 0.000000000000000000, 1.000000000000000000 ) ) ;
#565 = CARTESIAN_POINT ( 'NONE',  ( -0.5201046164938921690, -2.115776135163671690, 3.920000000000000373 ) ) ;
#566 = UNCERTAINTY_MEASURE_WITH_UNIT (LENGTH_MEASURE( 1.000000000000000082E-05 ), #858, 'distance_accuracy_value', 'NONE');
#567 = CARTESIAN_POINT ( 'NONE',  ( 6.386929396987469865, -0.8157761351636714231, 1.000000000000000000 ) ) ;
#568 = ADVANCED_FACE ( 'NONE', ( #1367 ), #848, .F. ) ;
#569 = AXIS2_PLACEMENT_3D ( 'NONE', #627, #1001, #1101 ) ;
#570 = VERTEX_POINT ( 'NONE', #1374 ) ;
#571 = ORIENTED_EDGE ( 'NONE', *, *, #1407, .F. ) ;
#572 = FACE_BOUND ( 'NONE', #384, .T. ) ;
#573 = DIRECTION ( 'NONE',  ( -1.000000000000000000, 0.000000000000000000, 0.000000000000000000 ) ) ;
#574 = LINE ( 'NONE', #824, #734 ) ;
#575 = DIRECTION ( 'NONE',  ( 1.000000000000000000, 0.000000000000000000, -0.000000000000000000 ) ) ;
#576 = DIRECTION ( 'NONE',  ( -0.000000000000000000, 0.000000000000000000, -1.000000000000000000 ) ) ;
#577 =( GEOMETRIC_REPRESENTATION_CONTEXT ( 3 ) GLOBAL_UNCERTAINTY_ASSIGNED_CONTEXT ( ( #1074 ) ) GLOBAL_UNIT_ASSIGNED_CONTEXT ( ( #42, #318, #59 ) ) REPRESENTATION_CONTEXT ( 'NONE', 'WORKASPACE' ) );
#578 = VERTEX_POINT ( 'NONE', #744 ) ;
#579 = DIRECTION ( 'NONE',  ( -1.326553246335205396E-16, 1.000000000000000000, -0.000000000000000000 ) ) ;
#580 = DIRECTION ( 'NONE',  ( 0.000000000000000000, 1.000000000000000000, 0.000000000000000000 ) ) ;
#581 = CARTESIAN_POINT ( 'NONE',  ( -0.8001046164938920846, -0.8157761351636714231, 1.000000000000000000 ) ) ;
#582 = VECTOR ( 'NONE', #504, 100.0000000000000000 ) ;
#583 = DIRECTION ( 'NONE',  ( 0.000000000000000000, -1.000000000000000000, 0.000000000000000000 ) ) ;
#584 = DIRECTION ( 'NONE',  ( 0.000000000000000000, 0.000000000000000000, 1.000000000000000000 ) ) ;
#585 = VECTOR ( 'NONE', #1468, 100.0000000000000000 ) ;
#586 = CIRCLE ( 'NONE', #941, 0.1499999999999999944 ) ;
#587 = VERTEX_POINT ( 'NONE', #727 ) ;
#588 = DIRECTION ( 'NONE',  ( 0.000000000000000000, -0.000000000000000000, 1.000000000000000000 ) ) ;
#589 = LINE ( 'NONE', #934, #1518 ) ;
#590 = CARTESIAN_POINT ( 'NONE',  ( 6.386929396987471641, -1.115776135163672800, 1.000000000000000000 ) ) ;
#591 = ORIENTED_EDGE ( 'NONE', *, *, #1236, .F. ) ;
#592 = EDGE_LOOP ( 'NONE', ( #398, #1386, #1204, #186 ) ) ;
#593 = ORIENTED_EDGE ( 'NONE', *, *, #1300, .F. ) ;
#594 = CARTESIAN_POINT ( 'NONE',  ( -0.8001046164938920846, -0.8157761351636727554, 1.000000000000000000 ) ) ;
#595 = DIRECTION ( 'NONE',  ( 0.000000000000000000, 0.000000000000000000, 1.000000000000000000 ) ) ;
#596 = DIRECTION ( 'NONE',  ( -1.326553246335205396E-16, 1.000000000000000000, 0.000000000000000000 ) ) ;
#597 = CARTESIAN_POINT ( 'NONE',  ( 0.02489538350610789874, -2.115776135163671690, 4.220000000000000639 ) ) ;
#598 = ORIENTED_EDGE ( 'NONE', *, *, #296, .T. ) ;
#599 = VERTEX_POINT ( 'NONE', #1220 ) ;
#600 = CARTESIAN_POINT ( 'NONE',  ( -0.5201046164938920580, -2.115776135163671690, 4.520000000000000462 ) ) ;
#601 = DIRECTION ( 'NONE',  ( 0.000000000000000000, 0.000000000000000000, -1.000000000000000000 ) ) ;
#602 = VECTOR ( 'NONE', #1583, 100.0000000000000000 ) ;
#603 = EDGE_CURVE ( 'NONE', #1608, #913, #1610, .T. ) ;
#604 = CARTESIAN_POINT ( 'NONE',  ( 0.02489538350610783282, -0.8157761351636727554, 0.5000000000000000000 ) ) ;
#605 = DIRECTION ( 'NONE',  ( -0.000000000000000000, 0.000000000000000000, 1.000000000000000000 ) ) ;
#606 = FACE_OUTER_BOUND ( 'NONE', #513, .T. ) ;
#607 = AXIS2_PLACEMENT_3D ( 'NONE', #1100, #588, #1219 ) ;
#608 = VERTEX_POINT ( 'NONE', #984 ) ;
#609 = CIRCLE ( 'NONE', #1392, 0.1000000000000000888 ) ;
#610 = ORIENTED_EDGE ( 'NONE', *, *, #188, .F. ) ;
#611 = CARTESIAN_POINT ( 'NONE',  ( 0.5698953835061079110, -2.215776135163676663, 5.770000000000000462 ) ) ;
#612 = FACE_OUTER_BOUND ( 'NONE', #1403, .T. ) ;
#613 = EDGE_CURVE ( 'NONE', #570, #222, #719, .T. ) ;
#614 = DIRECTION ( 'NONE',  ( -1.000000000000000000, 0.000000000000000000, 0.000000000000000000 ) ) ;
#615 = LINE ( 'NONE', #994, #1426 ) ;
#616 = EDGE_CURVE ( 'NONE', #777, #776, #1480, .T. ) ;
#617 = VERTEX_POINT ( 'NONE', #856 ) ;
#618 = VECTOR ( 'NONE', #737, 100.0000000000000000 ) ;
#619 = ORIENTED_EDGE ( 'NONE', *, *, #1475, .F. ) ;
#620 = PLANE ( 'NONE',  #701 ) ;
#621 = AXIS2_PLACEMENT_3D ( 'NONE', #963, #1460, #1342 ) ;
#622 = PRESENTATION_STYLE_ASSIGNMENT (( #1243 ) ) ;
#623 = DIRECTION ( 'NONE',  ( 0.000000000000000000, 0.000000000000000000, 1.000000000000000000 ) ) ;
#624 = ORIENTED_EDGE ( 'NONE', *, *, #1215, .F. ) ;
#625 = ORIENTED_EDGE ( 'NONE', *, *, #1230, .T. ) ;
#626 = VERTEX_POINT ( 'NONE', #1360 ) ;
#627 = CARTESIAN_POINT ( 'NONE',  ( 0.5698953835061079110, -2.215776135163671334, 5.770000000000000462 ) ) ;
#628 = LINE ( 'NONE', #287, #1614 ) ;
#629 = CARTESIAN_POINT ( 'NONE',  ( 4.736929396987470398, -0.8157761351636727554, 1.000000000000000000 ) ) ;
#630 = EDGE_CURVE ( 'NONE', #1089, #36, #492, .T. ) ;
#631 = EDGE_LOOP ( 'NONE', ( #61, #683, #1631, #770 ) ) ;
#632 = PRESENTATION_LAYER_ASSIGNMENT (  '', '', ( #183 ) ) ;
#633 = ORIENTED_EDGE ( 'NONE', *, *, #1584, .T. ) ;
#634 = CARTESIAN_POINT ( 'NONE',  ( 0.8498953835061079376, -2.215776135163670890, 1.000000000000000000 ) ) ;
#635 =( GEOMETRIC_REPRESENTATION_CONTEXT ( 3 ) GLOBAL_UNCERTAINTY_ASSIGNED_CONTEXT ( ( #67 ) ) GLOBAL_UNIT_ASSIGNED_CONTEXT ( ( #503, #1251, #976 ) ) REPRESENTATION_CONTEXT ( 'NONE', 'WORKASPACE' ) );
#636 = CARTESIAN_POINT ( 'NONE',  ( -0.8001046164938920846, -2.215776135163670890, 1.000000000000000000 ) ) ;
#637 = CARTESIAN_POINT ( 'NONE',  ( 5.016929396987471534, -2.215776135163671334, 1.570000000000000506 ) ) ;
#638 = ADVANCED_FACE ( 'NONE', ( #1620 ), #491, .F. ) ;
#639 = VECTOR ( 'NONE', #1103, 100.0000000000000000 ) ;
#640 = ORIENTED_EDGE ( 'NONE', *, *, #943, .F. ) ;
#641 = ORIENTED_EDGE ( 'NONE', *, *, #1304, .T. ) ;
#642 = ORIENTED_EDGE ( 'NONE', *, *, #1269, .T. ) ;
#643 = CARTESIAN_POINT ( 'NONE',  ( 6.106929396987470504, -2.115776135163671690, 3.920000000000000373 ) ) ;
#644 = CARTESIAN_POINT ( 'NONE',  ( 6.386929396987469865, -0.8157761351636714231, 1.000000000000000000 ) ) ;
#645 = CARTESIAN_POINT ( 'NONE',  ( 4.736929396987470398, -1.115776135163672800, 1.000000000000000000 ) ) ;
#646 = CARTESIAN_POINT ( 'NONE',  ( 5.016929396987471534, -2.215776135163671334, 1.570000000000000506 ) ) ;
#647 = ORIENTED_EDGE ( 'NONE', *, *, #1525, .T. ) ;
#648 = ORIENTED_EDGE ( 'NONE', *, *, #997, .T. ) ;
#649 = ORIENTED_EDGE ( 'NONE', *, *, #1183, .F. ) ;
#650 = CARTESIAN_POINT ( 'NONE',  ( 5.016929396987470646, -1.915776135163671512, 5.770000000000000462 ) ) ;
#651 = VECTOR ( 'NONE', #209, 100.0000000000000000 ) ;
#652 =( LENGTH_UNIT ( ) NAMED_UNIT ( * ) SI_UNIT ( .CENTI., .METRE. ) );
#653 = FACE_OUTER_BOUND ( 'NONE', #1401, .T. ) ;
#654 = EDGE_CURVE ( 'NONE', #37, #529, #1240, .T. ) ;
#655 = ADVANCED_FACE ( 'NONE', ( #1627, #501 ), #464, .F. ) ;
#656 = VECTOR ( 'NONE', #40, 100.0000000000000000 ) ;
#657 = EDGE_LOOP ( 'NONE', ( #1543, #507, #1520, #990 ) ) ;
#658 = ORIENTED_EDGE ( 'NONE', *, *, #518, .T. ) ;
#659 = CARTESIAN_POINT ( 'NONE',  ( 6.106929396987470504, -2.115776135163671690, 3.920000000000000373 ) ) ;
#660 = AXIS2_PLACEMENT_3D ( 'NONE', #1321, #920, #181 ) ;
#661 = CARTESIAN_POINT ( 'NONE',  ( 15.40097125891808005, -1.115776135163671468, 1.000000000000000000 ) ) ;
#662 = CARTESIAN_POINT ( 'NONE',  ( 6.386929396987471641, -2.865776135163672134, -0.9965926611610637087 ) ) ;
#663 = CARTESIAN_POINT ( 'NONE',  ( 4.736929396987470398, -1.915776135163671512, 6.040000000000000924 ) ) ;
#664 = EDGE_CURVE ( 'NONE', #1013, #1445, #217, .T. ) ;
#665 = CARTESIAN_POINT ( 'NONE',  ( 5.561929396987470575, -1.915776135163671512, 4.220000000000000639 ) ) ;
#666 = ADVANCED_FACE ( 'NONE', ( #1265 ), #1521, .F. ) ;
#667 = EDGE_LOOP ( 'NONE', ( #971, #176, #96, #1519 ) ) ;
#668 = ORIENTED_EDGE ( 'NONE', *, *, #664, .T. ) ;
#669 = DIRECTION ( 'NONE',  ( -0.000000000000000000, 1.000000000000000000, -0.000000000000000000 ) ) ;
#670 = CARTESIAN_POINT ( 'NONE',  ( 5.016929396987471534, -2.115776135163671690, 4.520000000000000462 ) ) ;
#671 = LINE ( 'NONE', #1034, #1441 ) ;
#672 = VECTOR ( 'NONE', #1514, 100.0000000000000000 ) ;
#673 = DIRECTION ( 'NONE',  ( -0.000000000000000000, 0.000000000000000000, -1.000000000000000000 ) ) ;
#674 = EDGE_CURVE ( 'NONE', #1429, #1396, #405, .T. ) ;
#675 = ORIENTED_EDGE ( 'NONE', *, *, #137, .F. ) ;
#676 = ORIENTED_EDGE ( 'NONE', *, *, #137, .T. ) ;
#677 = EDGE_CURVE ( 'NONE', #1044, #378, #763, .T. ) ;
#678 = PLANE ( 'NONE',  #789 ) ;
#679 = DIRECTION ( 'NONE',  ( 0.000000000000000000, 0.000000000000000000, -1.000000000000000000 ) ) ;
#680 = VECTOR ( 'NONE', #596, 100.0000000000000000 ) ;
#681 = CARTESIAN_POINT ( 'NONE',  ( 5.016929396987471534, -2.115776135163671690, 3.920000000000000373 ) ) ;
#682 = VECTOR ( 'NONE', #172, 100.0000000000000000 ) ;
#683 = ORIENTED_EDGE ( 'NONE', *, *, #247, .F. ) ;
#684 = VERTEX_POINT ( 'NONE', #1147 ) ;
#685 = LINE ( 'NONE', #1048, #22 ) ;
#686 = PLANE ( 'NONE',  #760 ) ;
#687 = CARTESIAN_POINT ( 'NONE',  ( 5.016929396987470646, -2.115776135163671690, 4.520000000000000462 ) ) ;
#688 = VECTOR ( 'NONE', #847, 100.0000000000000000 ) ;
#689 = ADVANCED_FACE ( 'NONE', ( #787, #883 ), #898, .F. ) ;
#690 = DIRECTION ( 'NONE',  ( 1.000000000000000000, 0.000000000000000000, -0.000000000000000000 ) ) ;
#691 = VECTOR ( 'NONE', #78, 100.0000000000000000 ) ;
#692 = VECTOR ( 'NONE', #1293, 100.0000000000000000 ) ;
#693 = ORIENTED_EDGE ( 'NONE', *, *, #616, .T. ) ;
#694 = ORIENTED_EDGE ( 'NONE', *, *, #204, .F. ) ;
#695 = CARTESIAN_POINT ( 'NONE',  ( 6.106929396987470504, -2.215776135163671334, 5.770000000000000462 ) ) ;
#696 = DIRECTION ( 'NONE',  ( 1.326553246335205396E-16, -1.000000000000000000, 0.000000000000000000 ) ) ;
#697 = PLANE ( 'NONE',  #1225 ) ;
#698 = PLANE ( 'NONE',  #476 ) ;
#699 = DIRECTION ( 'NONE',  ( 0.000000000000000000, 0.000000000000000000, -1.000000000000000000 ) ) ;
#700 = VECTOR ( 'NONE', #141, 100.0000000000000000 ) ;
#701 = AXIS2_PLACEMENT_3D ( 'NONE', #341, #601, #1109 ) ;
#702 = ORIENTED_EDGE ( 'NONE', *, *, #843, .T. ) ;
#703 = CARTESIAN_POINT ( 'NONE',  ( 0.02489538350610787099, -1.115776135163672800, 0.5000000000000000000 ) ) ;
#704 = DIRECTION ( 'NONE',  ( 0.000000000000000000, 0.000000000000000000, -1.000000000000000000 ) ) ;
#705 = DIRECTION ( 'NONE',  ( -1.000000000000000000, 0.000000000000000000, -2.065146995210484695E-17 ) ) ;
#706 = DIRECTION ( 'NONE',  ( -1.000000000000000000, 0.000000000000000000, 0.000000000000000000 ) ) ;
#707 = EDGE_CURVE ( 'NONE', #18, #290, #391, .T. ) ;
#708 = DIRECTION ( 'NONE',  ( 0.000000000000000000, -0.000000000000000000, 1.000000000000000000 ) ) ;
#709 = EDGE_CURVE ( 'NONE', #732, #608, #1397, .T. ) ;
#710 = ORIENTED_EDGE ( 'NONE', *, *, #899, .F. ) ;
#711 = ORIENTED_EDGE ( 'NONE', *, *, #998, .F. ) ;
#712 = CARTESIAN_POINT ( 'NONE',  ( 5.561929396987470575, -2.115776135163671690, 4.320000000000001172 ) ) ;
#713 = DIRECTION ( 'NONE',  ( 1.000000000000000000, -0.000000000000000000, -0.000000000000000000 ) ) ;
#714 = EDGE_CURVE ( 'NONE', #1608, #1146, #1389, .T. ) ;
#715 = DIRECTION ( 'NONE',  ( -1.326553246335205396E-16, 1.000000000000000000, -0.000000000000000000 ) ) ;
#716 = DIRECTION ( 'NONE',  ( -0.000000000000000000, -1.000000000000000000, -0.000000000000000000 ) ) ;
#717 = VERTEX_POINT ( 'NONE', #530 ) ;
#718 = LINE ( 'NONE', #1213, #1579 ) ;
#719 = LINE ( 'NONE', #1117, #282 ) ;
#720 = LINE ( 'NONE', #1462, #995 ) ;
#721 = CARTESIAN_POINT ( 'NONE',  ( 6.386929396987471641, -2.865776135163672134, 1.000000000000000000 ) ) ;
#722 = CARTESIAN_POINT ( 'NONE',  ( 5.561929396987470575, -2.115776135163671690, 4.220000000000000639 ) ) ;
#723 = ORIENTED_EDGE ( 'NONE', *, *, #714, .F. ) ;
#724 = EDGE_CURVE ( 'NONE', #222, #87, #1140, .T. ) ;
#725 = ORIENTED_EDGE ( 'NONE', *, *, #603, .T. ) ;
#726 = DIRECTION ( 'NONE',  ( -1.326553246335205396E-16, 1.000000000000000000, -0.000000000000000000 ) ) ;
#727 = CARTESIAN_POINT ( 'NONE',  ( 4.736929396987470398, -1.115776135163672800, 1.000000000000000000 ) ) ;
#728 = CARTESIAN_POINT ( 'NONE',  ( 15.40097125891808005, -1.115776135163671468, 1.000000000000000000 ) ) ;
#729 = CYLINDRICAL_SURFACE ( 'NONE', #1266, 0.1000000000000000888 ) ;
#730 = ORIENTED_EDGE ( 'NONE', *, *, #1499, .F. ) ;
#731 = EDGE_CURVE ( 'NONE', #896, #819, #1291, .T. ) ;
#732 = VERTEX_POINT ( 'NONE', #1154 ) ;
#733 = DIRECTION ( 'NONE',  ( 0.000000000000000000, -1.000000000000000000, -5.782411586589355667E-16 ) ) ;
#734 = VECTOR ( 'NONE', #1073, 100.0000000000000000 ) ;
#735 = ADVANCED_FACE ( 'NONE', ( #892 ), #524, .T. ) ;
#736 = VECTOR ( 'NONE', #445, 100.0000000000000000 ) ;
#737 = DIRECTION ( 'NONE',  ( -1.326553246335205396E-16, 1.000000000000000000, -0.000000000000000000 ) ) ;
#738 = LINE ( 'NONE', #356, #639 ) ;
#739 = MECHANICAL_DESIGN_GEOMETRIC_PRESENTATION_REPRESENTATION (  '', ( #320 ), #577 ) ;
#740 = EDGE_LOOP ( 'NONE', ( #113, #1099, #658, #1513 ) ) ;
#741 = AXIS2_PLACEMENT_3D ( 'NONE', #1195, #690, #576 ) ;
#742 = EDGE_LOOP ( 'NONE', ( #1020, #413, #277, #1037 ) ) ;
#743 = PLANE ( 'NONE',  #888 ) ;
#744 = CARTESIAN_POINT ( 'NONE',  ( 6.106929396987470504, -1.915776135163671512, 4.520000000000000462 ) ) ;
#745 = CARTESIAN_POINT ( 'NONE',  ( 0.02489538350610789874, -2.115776135163671690, 4.320000000000001172 ) ) ;
#746 = DIRECTION ( 'NONE',  ( 1.000000000000000000, 0.000000000000000000, -0.000000000000000000 ) ) ;
#747 = ORIENTED_EDGE ( 'NONE', *, *, #211, .F. ) ;
#748 = VECTOR ( 'NONE', #867, 100.0000000000000000 ) ;
#749 = ORIENTED_EDGE ( 'NONE', *, *, #296, .F. ) ;
#750 = FACE_OUTER_BOUND ( 'NONE', #1606, .T. ) ;
#751 = DIRECTION ( 'NONE',  ( 0.000000000000000000, 1.000000000000000000, 0.000000000000000000 ) ) ;
#752 = CARTESIAN_POINT ( 'NONE',  ( 0.8498953835061079376, 0.000000000000000000, 0.000000000000000000 ) ) ;
#753 = ORIENTED_EDGE ( 'NONE', *, *, #821, .F. ) ;
#754 = ORIENTED_EDGE ( 'NONE', *, *, #397, .T. ) ;
#755 = DIRECTION ( 'NONE',  ( 0.000000000000000000, 0.000000000000000000, -1.000000000000000000 ) ) ;
#756 = EDGE_CURVE ( 'NONE', #347, #536, #1015, .T. ) ;
#757 = APPLICATION_PROTOCOL_DEFINITION ( 'draft international standard', 'automotive_design', 1998, #1096 ) ;
#758 = CARTESIAN_POINT ( 'NONE',  ( 0.000000000000000000, 0.000000000000000000, 0.000000000000000000 ) ) ;
#759 = ORIENTED_EDGE ( 'NONE', *, *, #952, .T. ) ;
#760 = AXIS2_PLACEMENT_3D ( 'NONE', #164, #813, #1424 ) ;
#761 = ORIENTED_EDGE ( 'NONE', *, *, #310, .F. ) ;
#762 = CLOSED_SHELL ( 'NONE', ( #666, #1319, #521, #1288, #857, #322, #1254, #940 ) ) ;
#763 = LINE ( 'NONE', #1414, #828 ) ;
#764 = STYLED_ITEM ( 'NONE', ( #781 ), #950 ) ;
#765 = DIRECTION ( 'NONE',  ( -0.000000000000000000, -0.000000000000000000, -1.000000000000000000 ) ) ;
#766 = DIRECTION ( 'NONE',  ( 0.000000000000000000, -0.000000000000000000, -1.000000000000000000 ) ) ;
#767 = AXIS2_PLACEMENT_3D ( 'NONE', #1634, #245, #860 ) ;
#768 = VERTEX_POINT ( 'NONE', #278 ) ;
#769 = EDGE_CURVE ( 'NONE', #1626, #1132, #772, .T. ) ;
#770 = ORIENTED_EDGE ( 'NONE', *, *, #1241, .T. ) ;
#771 = EDGE_CURVE ( 'NONE', #1626, #1465, #1258, .T. ) ;
#772 = LINE ( 'NONE', #659, #672 ) ;
#773 = DIRECTION ( 'NONE',  ( -1.326553246335205396E-16, 1.000000000000000000, -0.000000000000000000 ) ) ;
#774 = DIRECTION ( 'NONE',  ( 1.326553246335205396E-16, -1.000000000000000000, 0.000000000000000000 ) ) ;
#775 = AXIS2_PLACEMENT_3D ( 'NONE', #1600, #251, #595 ) ;
#776 = VERTEX_POINT ( 'NONE', #1531 ) ;
#777 = VERTEX_POINT ( 'NONE', #1274 ) ;
#778 = DIRECTION ( 'NONE',  ( -1.000000000000000000, 0.000000000000000000, 0.000000000000000000 ) ) ;
#779 = ADVANCED_FACE ( 'NONE', ( #1408 ), #1280, .F. ) ;
#780 = CIRCLE ( 'NONE', #969, 0.1499999999999999944 ) ;
#781 = PRESENTATION_STYLE_ASSIGNMENT (( #147 ) ) ;
#782 = PLANE ( 'NONE',  #1501 ) ;
#783 = PLANE ( 'NONE',  #1040 ) ;
#784 = EDGE_CURVE ( 'NONE', #514, #1552, #162, .T. ) ;
#785 = ORIENTED_EDGE ( 'NONE', *, *, #51, .F. ) ;
#786 = EDGE_LOOP ( 'NONE', ( #358, #1363, #972, #1456 ) ) ;
#787 = FACE_BOUND ( 'NONE', #9, .T. ) ;
#788 = AXIS2_PLACEMENT_3D ( 'NONE', #1228, #1572, #1090 ) ;
#789 = AXIS2_PLACEMENT_3D ( 'NONE', #695, #564, #548 ) ;
#790 = LINE ( 'NONE', #636, #274 ) ;
#791 = CARTESIAN_POINT ( 'NONE',  ( 9.863937245436718015, -0.8157761351636714231, 1.000000000000000000 ) ) ;
#792 = VECTOR ( 'NONE', #1483, 100.0000000000000000 ) ;
#793 = ADVANCED_FACE ( 'NONE', ( #878 ), #1380, .F. ) ;
#794 = ORIENTED_EDGE ( 'NONE', *, *, #899, .T. ) ;
#795 = EDGE_LOOP ( 'NONE', ( #1036, #276, #499, #55 ) ) ;
#796 = DIRECTION ( 'NONE',  ( 1.445602896647339656E-16, -0.000000000000000000, 1.000000000000000000 ) ) ;
#797 = LINE ( 'NONE', #333, #736 ) ;
#798 = CARTESIAN_POINT ( 'NONE',  ( 0.8498953835061079376, -0.8157761351636714231, 1.000000000000000000 ) ) ;
#799 = EDGE_LOOP ( 'NONE', ( #1554, #248, #1080, #250 ) ) ;
#800 = EDGE_CURVE ( 'NONE', #1132, #379, #299, .T. ) ;
#801 = ORIENTED_EDGE ( 'NONE', *, *, #918, .T. ) ;
#802 = ORIENTED_EDGE ( 'NONE', *, *, #247, .T. ) ;
#803 = ADVANCED_FACE ( 'NONE', ( #1046 ), #1422, .T. ) ;
#804 = CARTESIAN_POINT ( 'NONE',  ( 0.8498953835061079376, -1.115776135163672578, 1.000000000000000888 ) ) ;
#805 = LINE ( 'NONE', #1541, #1084 ) ;
#806 = CARTESIAN_POINT ( 'NONE',  ( 6.386929396987469865, -2.215776135163671334, 1.300000000000000044 ) ) ;
#807 = PRODUCT_DEFINITION_CONTEXT ( 'detailed design', #1096, 'design' ) ;
#808 = DIRECTION ( 'NONE',  ( 0.000000000000000000, 1.000000000000000000, 0.000000000000000000 ) ) ;
#809 = VECTOR ( 'NONE', #1283, 100.0000000000000000 ) ;
#810 = ORIENTED_EDGE ( 'NONE', *, *, #279, .F. ) ;
#811 = ORIENTED_EDGE ( 'NONE', *, *, #911, .T. ) ;
#812 = CARTESIAN_POINT ( 'NONE',  ( 6.106929396987470504, -2.215776135163671334, 1.570000000000000506 ) ) ;
#813 = DIRECTION ( 'NONE',  ( 1.000000000000000000, 0.000000000000000000, 0.000000000000000000 ) ) ;
#814 = CARTESIAN_POINT ( 'NONE',  ( 5.561929396987470575, -0.8157761351636727554, 0.5000000000000000000 ) ) ;
#815 = COLOUR_RGB ( '',0.7921568627450980005, 0.8196078431372548767, 0.9333333333333333481 ) ;
#816 = CARTESIAN_POINT ( 'NONE',  ( 6.106929396987470504, -2.215776135163671334, 1.570000000000000506 ) ) ;
#817 = FACE_OUTER_BOUND ( 'NONE', #283, .T. ) ;
#818 = CLOSED_SHELL ( 'NONE', ( #793, #376, #103, #951, #265, #1197, #1383, #1601, #1355, #638, #1437, #1245, #1066, #79, #735, #1026, #146 ) ) ;
#819 = VERTEX_POINT ( 'NONE', #422 ) ;
#820 = ADVANCED_FACE ( 'NONE', ( #915 ), #372, .F. ) ;
#821 = EDGE_CURVE ( 'NONE', #608, #578, #1222, .T. ) ;
#822 = CARTESIAN_POINT ( 'NONE',  ( 0.02489538350610796466, -1.815776135163672755, 0.5000000000000000000 ) ) ;
#823 = DIRECTION ( 'NONE',  ( 0.000000000000000000, 0.000000000000000000, -1.000000000000000000 ) ) ;
#824 = CARTESIAN_POINT ( 'NONE',  ( -0.8001046164938920846, -2.215776135163671334, 6.040000000000000924 ) ) ;
#825 = FACE_BOUND ( 'NONE', #436, .T. ) ;
#826 = LINE ( 'NONE', #1464, #321 ) ;
#827 = AXIS2_PLACEMENT_3D ( 'NONE', #1463, #244, #1361 ) ;
#828 = VECTOR ( 'NONE', #292, 100.0000000000000000 ) ;
#829 = ORIENTED_EDGE ( 'NONE', *, *, #1556, .F. ) ;
#830 = LINE ( 'NONE', #178, #1157 ) ;
#831 = LINE ( 'NONE', #955, #1235 ) ;
#832 = CARTESIAN_POINT ( 'NONE',  ( 6.386929396987469865, -1.915776135163671512, 1.300000000000000044 ) ) ;
#833 = LINE ( 'NONE', #218, #651 ) ;
#834 = DIRECTION ( 'NONE',  ( -1.224510688924804848E-16, 1.000000000000000000, 0.000000000000000000 ) ) ;
#835 = ORIENTED_EDGE ( 'NONE', *, *, #1004, .T. ) ;
#836 = ORIENTED_EDGE ( 'NONE', *, *, #1269, .F. ) ;
#837 = LINE ( 'NONE', #1341, #1113 ) ;
#838 = DIRECTION ( 'NONE',  ( -2.065146995210484695E-17, 0.000000000000000000, 1.000000000000000000 ) ) ;
#839 = LINE ( 'NONE', #1075, #861 ) ;
#840 = FILL_AREA_STYLE_COLOUR ( '', #116 ) ;
#841 = CARTESIAN_POINT ( 'NONE',  ( 6.386929396987469865, -2.215776135163671334, 1.300000000000000044 ) ) ;
#842 =( GEOMETRIC_REPRESENTATION_CONTEXT ( 3 ) GLOBAL_UNCERTAINTY_ASSIGNED_CONTEXT ( ( #432 ) ) GLOBAL_UNIT_ASSIGNED_CONTEXT ( ( #1065, #173, #307 ) ) REPRESENTATION_CONTEXT ( 'NONE', 'WORKASPACE' ) );
#843 = EDGE_CURVE ( 'NONE', #1436, #1528, #850, .T. ) ;
#844 = EDGE_CURVE ( 'NONE', #222, #45, #1603, .T. ) ;
#845 = ORIENTED_EDGE ( 'NONE', *, *, #630, .T. ) ;
#846 = VERTEX_POINT ( 'NONE', #1352 ) ;
#847 = DIRECTION ( 'NONE',  ( -1.326553246335205396E-16, 1.000000000000000000, -0.000000000000000000 ) ) ;
#848 = PLANE ( 'NONE',  #1126 ) ;
#849 = DIRECTION ( 'NONE',  ( -1.326553246335205396E-16, 1.000000000000000000, 0.000000000000000000 ) ) ;
#850 = LINE ( 'NONE', #1472, #748 ) ;
#851 = LINE ( 'NONE', #388, #1168 ) ;
#852 = EDGE_CURVE ( 'NONE', #87, #1247, #1481, .T. ) ;
#853 = ORIENTED_EDGE ( 'NONE', *, *, #1387, .T. ) ;
#854 = ORIENTED_EDGE ( 'NONE', *, *, #534, .T. ) ;
#855 = FACE_OUTER_BOUND ( 'NONE', #799, .T. ) ;
#856 = CARTESIAN_POINT ( 'NONE',  ( -0.1251046164938920957, -1.115776135163672800, 0.5000000000000000000 ) ) ;
#857 = ADVANCED_FACE ( 'NONE', ( #1002, #227 ), #859, .F. ) ;
#858 =( LENGTH_UNIT ( ) NAMED_UNIT ( * ) SI_UNIT ( .CENTI., .METRE. ) );
#859 = PLANE ( 'NONE',  #254 ) ;
#860 = DIRECTION ( 'NONE',  ( 0.000000000000000000, 0.000000000000000000, 1.000000000000000000 ) ) ;
#861 = VECTOR ( 'NONE', #985, 100.0000000000000000 ) ;
#862 = EDGE_LOOP ( 'NONE', ( #1529, #710, #1388, #2 ) ) ;
#863 = ORIENTED_EDGE ( 'NONE', *, *, #1415, .F. ) ;
#864 = FACE_OUTER_BOUND ( 'NONE', #631, .T. ) ;
#865 = DIRECTION ( 'NONE',  ( -1.000000000000000000, -1.326553246335205396E-16, 0.000000000000000000 ) ) ;
#866 = VECTOR ( 'NONE', #1508, 100.0000000000000000 ) ;
#867 = DIRECTION ( 'NONE',  ( -0.000000000000000000, 1.000000000000000000, -0.000000000000000000 ) ) ;
#868 = DIRECTION ( 'NONE',  ( 0.000000000000000000, 0.000000000000000000, 1.000000000000000000 ) ) ;
#869 = EDGE_LOOP ( 'NONE', ( #8, #1179, #711, #625 ) ) ;
#870 = ORIENTED_EDGE ( 'NONE', *, *, #552, .F. ) ;
#871 = CARTESIAN_POINT ( 'NONE',  ( -0.8001046164938920846, -1.115776135163672800, 1.000000000000000000 ) ) ;
#872 = CARTESIAN_POINT ( 'NONE',  ( 0.5698953835061079110, -2.115776135163671690, 3.920000000000000373 ) ) ;
#873 = CARTESIAN_POINT ( 'NONE',  ( 6.386929396987469865, -1.915776135163671512, 6.040000000000000924 ) ) ;
#874 = ORIENTED_EDGE ( 'NONE', *, *, #922, .F. ) ;
#875 = VECTOR ( 'NONE', #474, 100.0000000000000000 ) ;
#876 = VERTEX_POINT ( 'NONE', #1595 ) ;
#877 = ORIENTED_EDGE ( 'NONE', *, *, #1027, .F. ) ;
#878 = FACE_OUTER_BOUND ( 'NONE', #267, .T. ) ;
#879 = DIRECTION ( 'NONE',  ( 1.000000000000000000, -0.000000000000000000, -0.000000000000000000 ) ) ;
#880 = VERTEX_POINT ( 'NONE', #253 ) ;
#881 = ORIENTED_EDGE ( 'NONE', *, *, #187, .F. ) ;
#882 = ORIENTED_EDGE ( 'NONE', *, *, #13, .F. ) ;
#883 = FACE_OUTER_BOUND ( 'NONE', #80, .T. ) ;
#884 = CIRCLE ( 'NONE', #102, 0.1499999999999999944 ) ;
#885 = CARTESIAN_POINT ( 'NONE',  ( 0.5698953835061079110, -2.215776135163671334, 1.570000000000000506 ) ) ;
#886 = ADVANCED_FACE ( 'NONE', ( #493 ), #100, .F. ) ;
#887 = ORIENTED_EDGE ( 'NONE', *, *, #800, .T. ) ;
#888 = AXIS2_PLACEMENT_3D ( 'NONE', #1619, #1366, #490 ) ;
#889 = EDGE_LOOP ( 'NONE', ( #1006, #1504, #523, #598 ) ) ;
#890 = ORIENTED_EDGE ( 'NONE', *, *, #956, .F. ) ;
#891 = VECTOR ( 'NONE', #1370, 100.0000000000000000 ) ;
#892 = FACE_OUTER_BOUND ( 'NONE', #1127, .T. ) ;
#893 = DIRECTION ( 'NONE',  ( 1.000000000000000000, -0.000000000000000000, -0.000000000000000000 ) ) ;
#894 = FACE_BOUND ( 'NONE', #175, .T. ) ;
#895 = EDGE_CURVE ( 'NONE', #268, #1379, #459, .T. ) ;
#896 = VERTEX_POINT ( 'NONE', #344 ) ;
#897 = ORIENTED_EDGE ( 'NONE', *, *, #221, .T. ) ;
#898 = PLANE ( 'NONE',  #1623 ) ;
#899 = EDGE_CURVE ( 'NONE', #876, #1413, #125, .T. ) ;
#900 = SURFACE_SIDE_STYLE ('',( #1267 ) ) ;
#901 = CARTESIAN_POINT ( 'NONE',  ( 0.8498953835061079376, -2.215776135163670890, 1.000000000000000000 ) ) ;
#902 = LINE ( 'NONE', #663, #1402 ) ;
#903 = VECTOR ( 'NONE', #471, 100.0000000000000000 ) ;
#904 = SURFACE_STYLE_FILL_AREA ( #433 ) ;
#905 = ORIENTED_EDGE ( 'NONE', *, *, #1104, .T. ) ;
#906 = VERTEX_POINT ( 'NONE', #993 ) ;
#907 = DIRECTION ( 'NONE',  ( -2.065146995210484695E-17, -0.000000000000000000, 1.000000000000000000 ) ) ;
#908 = VECTOR ( 'NONE', #1612, 100.0000000000000000 ) ;
#909 = CARTESIAN_POINT ( 'NONE',  ( -0.8001046164938920846, -1.915776135163671512, 6.040000000000000924 ) ) ;
#910 = DIRECTION ( 'NONE',  ( 1.000000000000000000, 1.326553246335205396E-16, 0.000000000000000000 ) ) ;
#911 = EDGE_CURVE ( 'NONE', #420, #291, #1111, .T. ) ;
#912 = CARTESIAN_POINT ( 'NONE',  ( 5.016929396987471534, -1.915776135163671512, 5.770000000000000462 ) ) ;
#913 = VERTEX_POINT ( 'NONE', #1613 ) ;
#914 = ORIENTED_EDGE ( 'NONE', *, *, #1368, .T. ) ;
#915 = FACE_OUTER_BOUND ( 'NONE', #1008, .T. ) ;
#916 = CARTESIAN_POINT ( 'NONE',  ( 0.8498953835061079376, -2.215776135163671334, 1.300000000000000044 ) ) ;
#917 = LINE ( 'NONE', #48, #1181 ) ;
#918 = EDGE_CURVE ( 'NONE', #44, #1552, #966, .T. ) ;
#919 = DIRECTION ( 'NONE',  ( -1.326553246335205396E-16, 1.000000000000000000, 0.000000000000000000 ) ) ;
#920 = DIRECTION ( 'NONE',  ( -1.326553246335205396E-16, 1.000000000000000000, 0.000000000000000000 ) ) ;
#921 = VECTOR ( 'NONE', #495, 100.0000000000000000 ) ;
#922 = EDGE_CURVE ( 'NONE', #1630, #152, #234, .T. ) ;
#923 = ORIENTED_EDGE ( 'NONE', *, *, #367, .F. ) ;
#924 = ORIENTED_EDGE ( 'NONE', *, *, #279, .T. ) ;
#925 = LINE ( 'NONE', #300, #1419 ) ;
#926 = CARTESIAN_POINT ( 'NONE',  ( 5.411929396987471108, -0.8157761351636727554, 0.5000000000000000000 ) ) ;
#927 = DIRECTION ( 'NONE',  ( 1.000000000000000000, -0.000000000000000000, -0.000000000000000000 ) ) ;
#928 = SURFACE_STYLE_USAGE ( .BOTH. , #560 ) ;
#929 = PLANE ( 'NONE',  #1031 ) ;
#930 = ORIENTED_EDGE ( 'NONE', *, *, #1526, .T. ) ;
#931 = EDGE_LOOP ( 'NONE', ( #563, #642, #1303, #897 ) ) ;
#932 = CYLINDRICAL_SURFACE ( 'NONE', #1502, 0.1499999999999999944 ) ;
#933 = DIRECTION ( 'NONE',  ( 0.000000000000000000, 0.000000000000000000, -1.000000000000000000 ) ) ;
#934 = CARTESIAN_POINT ( 'NONE',  ( -0.8001046164938920846, -2.215776135163671334, 1.300000000000000044 ) ) ;
#935 = DIRECTION ( 'NONE',  ( 1.000000000000000000, -0.000000000000000000, -0.000000000000000000 ) ) ;
#936 = CARTESIAN_POINT ( 'NONE',  ( 0.8498953835061079376, -0.8157761351636715341, 1.300000000000000044 ) ) ;
#937 = MANIFOLD_SOLID_BREP ( 'Body-Move/Copy5[1]', #762 ) ;
#938 = VECTOR ( 'NONE', #83, 100.0000000000000000 ) ;
#939 = EDGE_CURVE ( 'NONE', #215, #1497, #11, .T. ) ;
#940 = ADVANCED_FACE ( 'NONE', ( #93 ), #131, .F. ) ;
#941 = AXIS2_PLACEMENT_3D ( 'NONE', #703, #315, #1547 ) ;
#942 = ORIENTED_EDGE ( 'NONE', *, *, #434, .F. ) ;
#943 = EDGE_CURVE ( 'NONE', #1159, #599, #1275, .T. ) ;
#944 = CARTESIAN_POINT ( 'NONE',  ( 0.5698953835061079110, -1.915776135163671512, 3.920000000000000373 ) ) ;
#945 = LINE ( 'NONE', #1591, #270 ) ;
#946 = CARTESIAN_POINT ( 'NONE',  ( 6.386929396987469865, -1.115776135163672578, 1.000000000000000888 ) ) ;
#947 = VECTOR ( 'NONE', #704, 100.0000000000000000 ) ;
#948 =( NAMED_UNIT ( * ) SI_UNIT ( $, .STERADIAN. ) SOLID_ANGLE_UNIT ( ) );
#949 = CARTESIAN_POINT ( 'NONE',  ( 9.863937245436718015, -1.115776135163671468, 1.000000000000000000 ) ) ;
#950 = MANIFOLD_SOLID_BREP ( 'Body-Move/Copy5[2]', #818 ) ;
#951 = ADVANCED_FACE ( 'NONE', ( #1532 ), #401, .F. ) ;
#952 = EDGE_CURVE ( 'NONE', #1497, #514, #790, .T. ) ;
#953 = EDGE_LOOP ( 'NONE', ( #1217, #1338 ) ) ;
#954 = CARTESIAN_POINT ( 'NONE',  ( 5.537034013481362926, -2.115776135163671690, 0.000000000000000000 ) ) ;
#955 = CARTESIAN_POINT ( 'NONE',  ( 0.8498953835061079376, -2.215776135163670890, 1.000000000000000000 ) ) ;
#956 = EDGE_CURVE ( 'NONE', #379, #73, #271, .T. ) ;
#957 = CARTESIAN_POINT ( 'NONE',  ( -0.8001046164938920846, -1.915776135163671512, 6.040000000000000924 ) ) ;
#958 = DIRECTION ( 'NONE',  ( 0.000000000000000000, 1.000000000000000000, 0.000000000000000000 ) ) ;
#959 = DIRECTION ( 'NONE',  ( 1.000000000000000000, 0.000000000000000000, -0.000000000000000000 ) ) ;
#960 = VECTOR ( 'NONE', #1621, 100.0000000000000000 ) ;
#961 = ORIENTED_EDGE ( 'NONE', *, *, #389, .F. ) ;
#962 = CARTESIAN_POINT ( 'NONE',  ( 0.02489538350610790915, -1.915776135163671512, 4.120000000000000995 ) ) ;
#963 = CARTESIAN_POINT ( 'NONE',  ( 0.000000000000000000, -2.115776135163671690, 0.000000000000000000 ) ) ;
#964 = EDGE_CURVE ( 'NONE', #1420, #529, #1399, .T. ) ;
#965 = CARTESIAN_POINT ( 'NONE',  ( 0.5698953835061079110, -1.915776135163671512, 5.770000000000000462 ) ) ;
#966 = LINE ( 'NONE', #1118, #1327 ) ;
#967 = CARTESIAN_POINT ( 'NONE',  ( 0.5698953835061079110, -1.915776135163671512, 4.520000000000000462 ) ) ;
#968 = EDGE_CURVE ( 'NONE', #776, #876, #140, .T. ) ;
#969 = AXIS2_PLACEMENT_3D ( 'NONE', #604, #849, #706 ) ;
#970 = VECTOR ( 'NONE', #713, 100.0000000000000000 ) ;
#971 = ORIENTED_EDGE ( 'NONE', *, *, #249, .F. ) ;
#972 = ORIENTED_EDGE ( 'NONE', *, *, #1098, .T. ) ;
#973 = CARTESIAN_POINT ( 'NONE',  ( 6.106929396987470504, -2.115776135163671690, 4.520000000000000462 ) ) ;
#974 = CARTESIAN_POINT ( 'NONE',  ( 0.8498953835061079376, -0.8157761351636714231, 1.000000000000000000 ) ) ;
#975 = DIRECTION ( 'NONE',  ( 0.000000000000000000, 0.000000000000000000, 1.000000000000000000 ) ) ;
#976 =( NAMED_UNIT ( * ) SI_UNIT ( $, .STERADIAN. ) SOLID_ANGLE_UNIT ( ) );
#977 = CARTESIAN_POINT ( 'NONE',  ( 5.561929396987470575, -1.915776135163671512, 4.220000000000000639 ) ) ;
#978 = AXIS2_PLACEMENT_3D ( 'NONE', #351, #1582, #1599 ) ;
#979 = CIRCLE ( 'NONE', #54, 0.1500000000000001332 ) ;
#980 = EDGE_LOOP ( 'NONE', ( #480, #62, #877, #1131, #313, #1000 ) ) ;
#981 = EDGE_CURVE ( 'NONE', #732, #1138, #628, .T. ) ;
#982 = ORIENTED_EDGE ( 'NONE', *, *, #51, .T. ) ;
#983 = FACE_OUTER_BOUND ( 'NONE', #742, .T. ) ;
#984 = CARTESIAN_POINT ( 'NONE',  ( 6.106929396987470504, -1.915776135163671512, 5.770000000000000462 ) ) ;
#985 = DIRECTION ( 'NONE',  ( 0.000000000000000000, 1.000000000000000000, 0.000000000000000000 ) ) ;
#986 = CARTESIAN_POINT ( 'NONE',  ( 5.561929396987470575, -1.115776135163672800, 0.5000000000000000000 ) ) ;
#987 = CARTESIAN_POINT ( 'NONE',  ( 4.736929396987470398, -1.915776135163671512, 6.040000000000000924 ) ) ;
#988 = ORIENTED_EDGE ( 'NONE', *, *, #243, .T. ) ;
#989 = VECTOR ( 'NONE', #1229, 100.0000000000000000 ) ;
#990 = ORIENTED_EDGE ( 'NONE', *, *, #212, .T. ) ;
#991 = DIRECTION ( 'NONE',  ( -0.000000000000000000, 1.000000000000000000, -0.000000000000000000 ) ) ;
#992 = DIRECTION ( 'NONE',  ( 0.000000000000000000, 0.000000000000000000, -1.000000000000000000 ) ) ;
#993 = CARTESIAN_POINT ( 'NONE',  ( 4.736929396987470398, -1.115776135163673466, 0.000000000000000000 ) ) ;
#994 = CARTESIAN_POINT ( 'NONE',  ( 6.106929396987470504, -2.115776135163671690, 4.520000000000000462 ) ) ;
#995 = VECTOR ( 'NONE', #473, 100.0000000000000000 ) ;
#996 = EDGE_LOOP ( 'NONE', ( #1563, #195, #506, #1061 ) ) ;
#997 = EDGE_CURVE ( 'NONE', #1290, #1589, #1281, .T. ) ;
#998 = EDGE_CURVE ( 'NONE', #587, #1630, #156, .T. ) ;
#999 = VERTEX_POINT ( 'NONE', #539 ) ;
#1000 = ORIENTED_EDGE ( 'NONE', *, *, #654, .T. ) ;
#1001 = DIRECTION ( 'NONE',  ( 0.000000000000000000, 0.000000000000000000, 1.000000000000000000 ) ) ;
#1002 = FACE_BOUND ( 'NONE', #953, .T. ) ;
#1003 = CARTESIAN_POINT ( 'NONE',  ( 4.736929396987470398, -0.8157761351636714231, 1.000000000000000000 ) ) ;
#1004 = EDGE_CURVE ( 'NONE', #19, #153, #1041, .T. ) ;
#1005 = AXIS2_PLACEMENT_3D ( 'NONE', #1324, #197, #1198 ) ;
#1006 = ORIENTED_EDGE ( 'NONE', *, *, #1077, .F. ) ;
#1007 = ORIENTED_EDGE ( 'NONE', *, *, #1578, .F. ) ;
#1008 = EDGE_LOOP ( 'NONE', ( #297, #870, #161, #1598 ) ) ;
#1009 = CARTESIAN_POINT ( 'NONE',  ( -0.8001046164938920846, -0.8157761351636714231, 1.000000000000000000 ) ) ;
#1010 = VECTOR ( 'NONE', #1135, 100.0000000000000000 ) ;
#1011 =( NAMED_UNIT ( * ) PLANE_ANGLE_UNIT ( ) SI_UNIT ( $, .RADIAN. ) );
#1012 = CARTESIAN_POINT ( 'NONE',  ( 4.736929396987470398, -1.915776135163671512, 1.300000000000000044 ) ) ;
#1013 = VERTEX_POINT ( 'NONE', #6 ) ;
#1014 = ORIENTED_EDGE ( 'NONE', *, *, #1192, .T. ) ;
#1015 = LINE ( 'NONE', #1539, #330 ) ;
#1016 =( NAMED_UNIT ( * ) SI_UNIT ( $, .STERADIAN. ) SOLID_ANGLE_UNIT ( ) );
#1017 = CARTESIAN_POINT ( 'NONE',  ( 5.411929396987471108, -1.115776135163672800, 0.5000000000000000000 ) ) ;
#1018 = ADVANCED_FACE ( 'NONE', ( #1142 ), #519, .F. ) ;
#1019 = ORIENTED_EDGE ( 'NONE', *, *, #366, .F. ) ;
#1020 = ORIENTED_EDGE ( 'NONE', *, *, #707, .T. ) ;
#1021 = ORIENTED_EDGE ( 'NONE', *, *, #756, .T. ) ;
#1022 = DIRECTION ( 'NONE',  ( -0.000000000000000000, 1.000000000000000000, -0.000000000000000000 ) ) ;
#1023 = VECTOR ( 'NONE', #1050, 100.0000000000000000 ) ;
#1024 = CARTESIAN_POINT ( 'NONE',  ( 5.561929396987470575, -1.815776135163672755, 0.5000000000000000000 ) ) ;
#1025 = FACE_BOUND ( 'NONE', #1517, .T. ) ;
#1026 = ADVANCED_FACE ( 'NONE', ( #572, #171 ), #1063, .F. ) ;
#1027 = EDGE_CURVE ( 'NONE', #404, #153, #925, .T. ) ;
#1028 = EDGE_LOOP ( 'NONE', ( #1372, #138, #675, #136 ) ) ;
#1029 = VERTEX_POINT ( 'NONE', #305 ) ;
#1030 = EDGE_LOOP ( 'NONE', ( #1624, #1021, #1152, #275 ) ) ;
#1031 = AXIS2_PLACEMENT_3D ( 'NONE', #467, #708, #959 ) ;
#1032 = DIRECTION ( 'NONE',  ( -2.065146995210484695E-17, -0.000000000000000000, 1.000000000000000000 ) ) ;
#1033 = CARTESIAN_POINT ( 'NONE',  ( 6.386929396987469865, -0.8157761351636726443, 1.000000000000000888 ) ) ;
#1034 = CARTESIAN_POINT ( 'NONE',  ( 9.863937245436718015, -1.115776135163671468, 0.000000000000000000 ) ) ;
#1035 = DIRECTION ( 'NONE',  ( 0.000000000000000000, 1.000000000000000000, 0.000000000000000000 ) ) ;
#1036 = ORIENTED_EDGE ( 'NONE', *, *, #1364, .F. ) ;
#1037 = ORIENTED_EDGE ( 'NONE', *, *, #311, .T. ) ;
#1038 = CARTESIAN_POINT ( 'NONE',  ( 0.5698953835061079110, -2.215776135163671334, 1.570000000000000506 ) ) ;
#1039 = AXIS2_PLACEMENT_3D ( 'NONE', #154, #1161, #416 ) ;
#1040 = AXIS2_PLACEMENT_3D ( 'NONE', #149, #550, #1390 ) ;
#1041 = LINE ( 'NONE', #644, #866 ) ;
#1042 = DIRECTION ( 'NONE',  ( 0.000000000000000000, -1.000000000000000000, 0.000000000000000000 ) ) ;
#1043 = VECTOR ( 'NONE', #4, 100.0000000000000000 ) ;
#1044 = VERTEX_POINT ( 'NONE', #1056 ) ;
#1045 = EDGE_LOOP ( 'NONE', ( #874, #312, #571, #836 ) ) ;
#1046 = FACE_OUTER_BOUND ( 'NONE', #740, .T. ) ;
#1047 = VECTOR ( 'NONE', #1201, 100.0000000000000000 ) ;
#1048 = CARTESIAN_POINT ( 'NONE',  ( 6.386929396987469865, -0.8157761351636715341, 1.300000000000000044 ) ) ;
#1049 = DIRECTION ( 'NONE',  ( -1.000000000000000000, -0.000000000000000000, -0.000000000000000000 ) ) ;
#1050 = DIRECTION ( 'NONE',  ( 1.000000000000000000, 0.000000000000000000, 0.000000000000000000 ) ) ;
#1051 = CARTESIAN_POINT ( 'NONE',  ( -0.8001046164938920846, -2.215776135163670890, 1.000000000000000000 ) ) ;
#1052 = EDGE_CURVE ( 'NONE', #87, #444, #797, .T. ) ;
#1053 = ORIENTED_EDGE ( 'NONE', *, *, #1068, .T. ) ;
#1054 = MECHANICAL_DESIGN_GEOMETRIC_PRESENTATION_REPRESENTATION (  '', ( #183 ), #842 ) ;
#1055 = EDGE_LOOP ( 'NONE', ( #591, #1590, #801, #1314 ) ) ;
#1056 = CARTESIAN_POINT ( 'NONE',  ( 6.386929396987471641, -0.8157761351636723113, 0.000000000000000000 ) ) ;
#1057 = DIRECTION ( 'NONE',  ( -2.065146995210484695E-17, 0.000000000000000000, 1.000000000000000000 ) ) ;
#1058 = PRESENTATION_LAYER_ASSIGNMENT (  '', '', ( #764 ) ) ;
#1059 = SURFACE_STYLE_USAGE ( .BOTH. , #192 ) ;
#1060 = DIRECTION ( 'NONE',  ( -1.000000000000000000, -1.224510688924804848E-16, 0.000000000000000000 ) ) ;
#1061 = ORIENTED_EDGE ( 'NONE', *, *, #968, .T. ) ;
#1062 = ORIENTED_EDGE ( 'NONE', *, *, #1077, .T. ) ;
#1063 = PLANE ( 'NONE',  #509 ) ;
#1064 = DIRECTION ( 'NONE',  ( 8.688419574616818714E-17, 1.063906263898180028E-32, 1.000000000000000000 ) ) ;
#1065 =( LENGTH_UNIT ( ) NAMED_UNIT ( * ) SI_UNIT ( .CENTI., .METRE. ) );
#1066 = ADVANCED_FACE ( 'NONE', ( #1299 ), #678, .F. ) ;
#1067 = ORIENTED_EDGE ( 'NONE', *, *, #311, .F. ) ;
#1068 = EDGE_CURVE ( 'NONE', #1528, #45, #189, .T. ) ;
#1069 = ORIENTED_EDGE ( 'NONE', *, *, #1236, .T. ) ;
#1070 = EDGE_LOOP ( 'NONE', ( #562, #1062, #1248, #29 ) ) ;
#1071 = LINE ( 'NONE', #556, #1576 ) ;
#1072 = CARTESIAN_POINT ( 'NONE',  ( 5.711929396987470930, -1.115776135163672800, 0.5000000000000000000 ) ) ;
#1073 = DIRECTION ( 'NONE',  ( 1.000000000000000000, 0.000000000000000000, 0.000000000000000000 ) ) ;
#1074 = UNCERTAINTY_MEASURE_WITH_UNIT (LENGTH_MEASURE( 1.000000000000000082E-05 ), #42, 'distance_accuracy_value', 'NONE');
#1075 = CARTESIAN_POINT ( 'NONE',  ( -0.5201046164938920580, -2.115776135163671690, 4.520000000000000462 ) ) ;
#1076 = ORIENTED_EDGE ( 'NONE', *, *, #212, .F. ) ;
#1077 = EDGE_CURVE ( 'NONE', #553, #1257, #830, .T. ) ;
#1078 = EDGE_CURVE ( 'NONE', #880, #684, #1175, .T. ) ;
#1079 = VECTOR ( 'NONE', #1233, 100.0000000000000000 ) ;
#1080 = ORIENTED_EDGE ( 'NONE', *, *, #242, .F. ) ;
#1081 = DIRECTION ( 'NONE',  ( -1.000000000000000000, 0.000000000000000000, 0.000000000000000000 ) ) ;
#1082 = CARTESIAN_POINT ( 'NONE',  ( 0.02489538350610787099, -1.115776135163672800, 0.5000000000000000000 ) ) ;
#1083 = LINE ( 'NONE', #946, #46 ) ;
#1084 = VECTOR ( 'NONE', #557, 100.0000000000000000 ) ;
#1085 = EDGE_CURVE ( 'NONE', #88, #846, #1190, .T. ) ;
#1086 = LINE ( 'NONE', #233, #680 ) ;
#1087 = CARTESIAN_POINT ( 'NONE',  ( 0.8498953835061079376, -2.215776135163671334, 1.300000000000000044 ) ) ;
#1088 = ORIENTED_EDGE ( 'NONE', *, *, #1486, .F. ) ;
#1089 = VERTEX_POINT ( 'NONE', #1431 ) ;
#1090 = DIRECTION ( 'NONE',  ( -0.000000000000000000, 0.000000000000000000, -1.000000000000000000 ) ) ;
#1091 = DIRECTION ( 'NONE',  ( 0.000000000000000000, -0.000000000000000000, 1.000000000000000000 ) ) ;
#1092 = DIRECTION ( 'NONE',  ( -1.000000000000000000, 0.000000000000000000, 0.000000000000000000 ) ) ;
#1093 = DIRECTION ( 'NONE',  ( -1.224510688924804848E-16, 1.000000000000000000, 0.000000000000000000 ) ) ;
#1094 = CARTESIAN_POINT ( 'NONE',  ( 5.561929396987470575, -2.115776135163671690, 4.120000000000000995 ) ) ;
#1095 = VECTOR ( 'NONE', #1506, 100.0000000000000000 ) ;
#1096 = APPLICATION_CONTEXT ( 'automotive_design' ) ;
#1097 = ORIENTED_EDGE ( 'NONE', *, *, #1584, .F. ) ;
#1098 = EDGE_CURVE ( 'NONE', #105, #1420, #685, .T. ) ;
#1099 = ORIENTED_EDGE ( 'NONE', *, *, #1404, .T. ) ;
#1100 = CARTESIAN_POINT ( 'NONE',  ( 5.537034013481362926, 0.000000000000000000, 0.000000000000000000 ) ) ;
#1101 = DIRECTION ( 'NONE',  ( 1.000000000000000000, 0.000000000000000000, -0.000000000000000000 ) ) ;
#1102 = CARTESIAN_POINT ( 'NONE',  ( 0.02489538350610789874, -2.115776135163671690, 4.220000000000000639 ) ) ;
#1103 = DIRECTION ( 'NONE',  ( -0.000000000000000000, 1.156482317317871133E-15, -1.000000000000000000 ) ) ;
#1104 = EDGE_CURVE ( 'NONE', #396, #404, #1071, .T. ) ;
#1105 = AXIS2_PLACEMENT_3D ( 'NONE', #791, #774, #1294 ) ;
#1106 = ORIENTED_EDGE ( 'NONE', *, *, #1404, .F. ) ;
#1107 = ORIENTED_EDGE ( 'NONE', *, *, #998, .T. ) ;
#1108 = PLANE ( 'NONE',  #607 ) ;
#1109 = DIRECTION ( 'NONE',  ( -1.000000000000000000, 0.000000000000000000, -0.000000000000000000 ) ) ;
#1110 = LINE ( 'NONE', #68, #908 ) ;
#1111 = LINE ( 'NONE', #745, #409 ) ;
#1112 = DIRECTION ( 'NONE',  ( 0.000000000000000000, -1.156482317317871133E-15, 1.000000000000000000 ) ) ;
#1113 = VECTOR ( 'NONE', #216, 100.0000000000000000 ) ;
#1114 = ORIENTED_EDGE ( 'NONE', *, *, #1123, .T. ) ;
#1115 = ORIENTED_EDGE ( 'NONE', *, *, #613, .T. ) ;
#1116 = FACE_OUTER_BOUND ( 'NONE', #1478, .T. ) ;
#1117 = CARTESIAN_POINT ( 'NONE',  ( 0.5698953835061079110, -2.115776135163671690, 4.520000000000000462 ) ) ;
#1118 = CARTESIAN_POINT ( 'NONE',  ( 0.8498953835061079376, -0.8157761351636715341, 1.300000000000000044 ) ) ;
#1119 = DIRECTION ( 'NONE',  ( 0.000000000000000000, 1.000000000000000000, 0.000000000000000000 ) ) ;
#1120 = EDGE_CURVE ( 'NONE', #379, #1013, #1564, .T. ) ;
#1121 = ADVANCED_FACE ( 'NONE', ( #57 ), #932, .F. ) ;
#1122 = AXIS2_PLACEMENT_3D ( 'NONE', #1298, #547, #1545 ) ;
#1123 = EDGE_CURVE ( 'NONE', #553, #617, #586, .T. ) ;
#1124 = VECTOR ( 'NONE', #288, 100.0000000000000000 ) ;
#1125 = EDGE_LOOP ( 'NONE', ( #1544, #1580, #1239, #285 ) ) ;
#1126 = AXIS2_PLACEMENT_3D ( 'NONE', #974, #733, #1351 ) ;
#1127 = EDGE_LOOP ( 'NONE', ( #761, #167, #213, #144 ) ) ;
#1128 = DIRECTION ( 'NONE',  ( -0.000000000000000000, -0.000000000000000000, -1.000000000000000000 ) ) ;
#1129 = FACE_OUTER_BOUND ( 'NONE', #1160, .T. ) ;
#1130 = PRODUCT_DEFINITION_FORMATION_WITH_SPECIFIED_SOURCE ( 'ANY', '', #517, .NOT_KNOWN. ) ;
#1131 = ORIENTED_EDGE ( 'NONE', *, *, #1104, .F. ) ;
#1132 = VERTEX_POINT ( 'NONE', #1169 ) ;
#1133 = ORIENTED_EDGE ( 'NONE', *, *, #15, .T. ) ;
#1134 = CARTESIAN_POINT ( 'NONE',  ( 0.8498953835061079376, -2.215776135163670890, 1.000000000000000000 ) ) ;
#1135 = DIRECTION ( 'NONE',  ( -0.000000000000000000, 0.000000000000000000, 1.000000000000000000 ) ) ;
#1136 = ORIENTED_EDGE ( 'NONE', *, *, #14, .F. ) ;
#1137 =( GEOMETRIC_REPRESENTATION_CONTEXT ( 3 ) GLOBAL_UNCERTAINTY_ASSIGNED_CONTEXT ( ( #1433 ) ) GLOBAL_UNIT_ASSIGNED_CONTEXT ( ( #652, #1011, #1016 ) ) REPRESENTATION_CONTEXT ( 'NONE', 'WORKASPACE' ) );
#1138 = VERTEX_POINT ( 'NONE', #812 ) ;
#1139 = EDGE_CURVE ( 'NONE', #1247, #1503, #1317, .T. ) ;
#1140 = LINE ( 'NONE', #386, #1196 ) ;
#1141 = VECTOR ( 'NONE', #364, 100.0000000000000000 ) ;
#1142 = FACE_OUTER_BOUND ( 'NONE', #1055, .T. ) ;
#1143 = FACE_BOUND ( 'NONE', #1562, .T. ) ;
#1144 = ORIENTED_EDGE ( 'NONE', *, *, #28, .F. ) ;
#1145 = ORIENTED_EDGE ( 'NONE', *, *, #724, .T. ) ;
#1146 = VERTEX_POINT ( 'NONE', #1581 ) ;
#1147 = CARTESIAN_POINT ( 'NONE',  ( -0.5201046164938921690, -2.215776135163671334, 5.770000000000000462 ) ) ;
#1148 = DIRECTION ( 'NONE',  ( -0.000000000000000000, 1.156482317317871133E-15, -1.000000000000000000 ) ) ;
#1149 = LINE ( 'NONE', #1417, #1023 ) ;
#1150 = ADVANCED_FACE ( 'NONE', ( #423 ), #1447, .F. ) ;
#1151 = ORIENTED_EDGE ( 'NONE', *, *, #71, .F. ) ;
#1152 = ORIENTED_EDGE ( 'NONE', *, *, #25, .T. ) ;
#1153 = EDGE_LOOP ( 'NONE', ( #961, #90, #1115, #298 ) ) ;
#1154 = CARTESIAN_POINT ( 'NONE',  ( 6.106929396987470504, -2.215776135163676663, 5.770000000000000462 ) ) ;
#1155 = DIRECTION ( 'NONE',  ( -1.000000000000000000, 0.000000000000000000, 0.000000000000000000 ) ) ;
#1156 = LINE ( 'NONE', #272, #1256 ) ;
#1157 = VECTOR ( 'NONE', #430, 100.0000000000000000 ) ;
#1158 = AXIS2_PLACEMENT_3D ( 'NONE', #549, #157, #316 ) ;
#1159 = VERTEX_POINT ( 'NONE', #453 ) ;
#1160 = EDGE_LOOP ( 'NONE', ( #1133, #1097, #723, #725, #1297, #676 ) ) ;
#1161 = DIRECTION ( 'NONE',  ( 1.000000000000000000, 0.000000000000000000, 0.000000000000000000 ) ) ;
#1162 = DIRECTION ( 'NONE',  ( -1.000000000000000000, -0.000000000000000000, -0.000000000000000000 ) ) ;
#1163 = LINE ( 'NONE', #885, #1124 ) ;
#1164 = LINE ( 'NONE', #289, #1524 ) ;
#1165 = ORIENTED_EDGE ( 'NONE', *, *, #200, .T. ) ;
#1166 = ORIENTED_EDGE ( 'NONE', *, *, #496, .F. ) ;
#1167 = DIRECTION ( 'NONE',  ( 0.000000000000000000, 0.000000000000000000, 1.000000000000000000 ) ) ;
#1168 = VECTOR ( 'NONE', #879, 100.0000000000000000 ) ;
#1169 = CARTESIAN_POINT ( 'NONE',  ( 5.016929396987470646, -2.115776135163671690, 3.920000000000000373 ) ) ;
#1170 = CARTESIAN_POINT ( 'NONE',  ( 6.386929396987469865, -1.115776135163672578, 0.000000000000000000 ) ) ;
#1171 = FILL_AREA_STYLE_COLOUR ( '', #815 ) ;
#1172 = ORIENTED_EDGE ( 'NONE', *, *, #843, .F. ) ;
#1173 = EDGE_LOOP ( 'NONE', ( #143, #1489, #811, #375 ) ) ;
#1174 = AXIS2_PLACEMENT_3D ( 'NONE', #361, #583, #85 ) ;
#1175 = LINE ( 'NONE', #47, #448 ) ;
#1176 = CARTESIAN_POINT ( 'NONE',  ( 4.736929396987470398, -1.061381376417757214E-16, 0.000000000000000000 ) ) ;
#1177 = AXIS2_PLACEMENT_3D ( 'NONE', #201, #705, #1057 ) ;
#1178 = DIRECTION ( 'NONE',  ( -1.000000000000000000, 0.000000000000000000, 0.000000000000000000 ) ) ;
#1179 = ORIENTED_EDGE ( 'NONE', *, *, #486, .T. ) ;
#1180 = ORIENTED_EDGE ( 'NONE', *, *, #225, .T. ) ;
#1181 = VECTOR ( 'NONE', #1049, 100.0000000000000000 ) ;
#1182 = ORIENTED_EDGE ( 'NONE', *, *, #1284, .T. ) ;
#1183 = EDGE_CURVE ( 'NONE', #777, #1413, #457, .T. ) ;
#1184 = AXIS2_PLACEMENT_3D ( 'NONE', #949, #834, #1060 ) ;
#1185 = DIRECTION ( 'NONE',  ( 0.000000000000000000, 1.000000000000000000, 0.000000000000000000 ) ) ;
#1186 = LINE ( 'NONE', #1176, #938 ) ;
#1187 = DIRECTION ( 'NONE',  ( -1.000000000000000000, 0.000000000000000000, 0.000000000000000000 ) ) ;
#1188 = ORIENTED_EDGE ( 'NONE', *, *, #1499, .T. ) ;
#1189 = ORIENTED_EDGE ( 'NONE', *, *, #674, .F. ) ;
#1190 = LINE ( 'NONE', #804, #1365 ) ;
#1191 = CARTESIAN_POINT ( 'NONE',  ( 5.561929396987470575, -1.915776135163671512, 4.120000000000000995 ) ) ;
#1192 = EDGE_CURVE ( 'NONE', #626, #1503, #494, .T. ) ;
#1193 = DIRECTION ( 'NONE',  ( -1.000000000000000000, -1.326553246335205396E-16, 0.000000000000000000 ) ) ;
#1194 = CYLINDRICAL_SURFACE ( 'NONE', #1253, 0.1499999999999999944 ) ;
#1195 = CARTESIAN_POINT ( 'NONE',  ( -0.8001046164938920846, 0.000000000000000000, 0.000000000000000000 ) ) ;
#1196 = VECTOR ( 'NONE', #755, 100.0000000000000000 ) ;
#1197 = ADVANCED_FACE ( 'NONE', ( #1330 ), #1586, .T. ) ;
#1198 = DIRECTION ( 'NONE',  ( 1.326553246335205396E-16, -1.000000000000000000, 0.000000000000000000 ) ) ;
#1199 = LINE ( 'NONE', #1609, #947 ) ;
#1200 = CARTESIAN_POINT ( 'NONE',  ( 15.40097125891808005, -0.8157761351636714231, 1.000000000000000000 ) ) ;
#1201 = DIRECTION ( 'NONE',  ( -1.000000000000000000, 0.000000000000000000, 0.000000000000000000 ) ) ;
#1202 = CARTESIAN_POINT ( 'NONE',  ( 5.411929396987471108, -1.815776135163672755, 0.5000000000000000000 ) ) ;
#1203 = EDGE_LOOP ( 'NONE', ( #1136, #1384, #500, #1144 ) ) ;
#1204 = ORIENTED_EDGE ( 'NONE', *, *, #769, .T. ) ;
#1205 = DIRECTION ( 'NONE',  ( 0.000000000000000000, 1.000000000000000000, 0.000000000000000000 ) ) ;
#1206 = PLANE ( 'NONE',  #1385 ) ;
#1207 = AXIS2_PLACEMENT_3D ( 'NONE', #916, #438, #64 ) ;
#1208 = FACE_OUTER_BOUND ( 'NONE', #1451, .T. ) ;
#1209 = DIRECTION ( 'NONE',  ( 1.000000000000000000, -0.000000000000000000, -0.000000000000000000 ) ) ;
#1210 = CIRCLE ( 'NONE', #767, 0.1000000000000000888 ) ;
#1211 = ORIENTED_EDGE ( 'NONE', *, *, #533, .T. ) ;
#1212 = ORIENTED_EDGE ( 'NONE', *, *, #1230, .F. ) ;
#1213 = CARTESIAN_POINT ( 'NONE',  ( 6.386929396987469865, 1.127431480035331789E-16, 0.000000000000000000 ) ) ;
#1214 = CARTESIAN_POINT ( 'NONE',  ( 5.016929396987470646, -2.215776135163671334, 5.770000000000000462 ) ) ;
#1215 = EDGE_CURVE ( 'NONE', #1249, #365, #1509, .T. ) ;
#1216 = FACE_BOUND ( 'NONE', #1030, .T. ) ;
#1217 = ORIENTED_EDGE ( 'NONE', *, *, #895, .T. ) ;
#1218 = ORIENTED_EDGE ( 'NONE', *, *, #69, .T. ) ;
#1219 = DIRECTION ( 'NONE',  ( 1.000000000000000000, 0.000000000000000000, -0.000000000000000000 ) ) ;
#1220 = CARTESIAN_POINT ( 'NONE',  ( -0.8001046164938920846, -1.915776135163671512, 1.300000000000000044 ) ) ;
#1221 = PLANE ( 'NONE',  #1174 ) ;
#1222 = LINE ( 'NONE', #1232, #875 ) ;
#1223 = CARTESIAN_POINT ( 'NONE',  ( -0.8001046164938920846, -1.061381376417757214E-16, 1.000000000000000000 ) ) ;
#1224 = LINE ( 'NONE', #1012, #86 ) ;
#1225 = AXIS2_PLACEMENT_3D ( 'NONE', #806, #679, #180 ) ;
#1226 = ORIENTED_EDGE ( 'NONE', *, *, #1356, .T. ) ;
#1227 = EDGE_LOOP ( 'NONE', ( #647, #1189, #881, #489 ) ) ;
#1228 = CARTESIAN_POINT ( 'NONE',  ( 4.736929396987470398, 0.000000000000000000, 0.000000000000000000 ) ) ;
#1229 = DIRECTION ( 'NONE',  ( -0.000000000000000000, 1.156482317317871133E-15, -1.000000000000000000 ) ) ;
#1230 = EDGE_CURVE ( 'NONE', #587, #906, #148, .T. ) ;
#1231 = ADVANCED_FACE ( 'NONE', ( #1282 ), #1439, .F. ) ;
#1232 = CARTESIAN_POINT ( 'NONE',  ( 6.106929396987470504, -1.915776135163671512, 5.770000000000000462 ) ) ;
#1233 = DIRECTION ( 'NONE',  ( -1.326553246335205396E-16, 1.000000000000000000, 0.000000000000000000 ) ) ;
#1234 = LINE ( 'NONE', #383, #921 ) ;
#1235 = VECTOR ( 'NONE', #580, 100.0000000000000000 ) ;
#1236 = EDGE_CURVE ( 'NONE', #717, #599, #917, .T. ) ;
#1237 = VECTOR ( 'NONE', #1443, 100.0000000000000000 ) ;
#1238 = VERTEX_POINT ( 'NONE', #926 ) ;
#1239 = ORIENTED_EDGE ( 'NONE', *, *, #724, .F. ) ;
#1240 = LINE ( 'NONE', #114, #1405 ) ;
#1241 = EDGE_CURVE ( 'NONE', #1138, #768, #805, .T. ) ;
#1242 = SHAPE_DEFINITION_REPRESENTATION ( #21, #1305 ) ;
#1243 = SURFACE_STYLE_USAGE ( .BOTH. , #1492 ) ;
#1244 = CARTESIAN_POINT ( 'NONE',  ( 0.8498953835061079376, -0.8157761351636714231, 1.000000000000000000 ) ) ;
#1245 = ADVANCED_FACE ( 'NONE', ( #179 ), #686, .F. ) ;
#1246 = AXIS2_PLACEMENT_3D ( 'NONE', #269, #399, #20 ) ;
#1247 = VERTEX_POINT ( 'NONE', #1318 ) ;
#1248 = ORIENTED_EDGE ( 'NONE', *, *, #1578, .T. ) ;
#1249 = VERTEX_POINT ( 'NONE', #540 ) ;
#1250 = CARTESIAN_POINT ( 'NONE',  ( 4.736929396987470398, -0.8157761351636727554, 1.000000000000000000 ) ) ;
#1251 =( NAMED_UNIT ( * ) PLANE_ANGLE_UNIT ( ) SI_UNIT ( $, .RADIAN. ) );
#1252 = CARTESIAN_POINT ( 'NONE',  ( -0.8001046164938920846, -2.215776135163671334, 6.040000000000000924 ) ) ;
#1253 = AXIS2_PLACEMENT_3D ( 'NONE', #343, #715, #1092 ) ;
#1254 = ADVANCED_FACE ( 'NONE', ( #418 ), #782, .F. ) ;
#1255 = ORIENTED_EDGE ( 'NONE', *, *, #150, .F. ) ;
#1256 = VECTOR ( 'NONE', #1534, 100.0000000000000000 ) ;
#1257 = VERTEX_POINT ( 'NONE', #1548 ) ;
#1258 = LINE ( 'NONE', #643, #1593 ) ;
#1259 = DIRECTION ( 'NONE',  ( -8.688419574616818714E-17, -1.152565119223028444E-32, -1.000000000000000000 ) ) ;
#1260 = DIRECTION ( 'NONE',  ( 0.000000000000000000, -0.000000000000000000, 1.000000000000000000 ) ) ;
#1261 = AXIS2_PLACEMENT_3D ( 'NONE', #1350, #359, #97 ) ;
#1262 = VERTEX_POINT ( 'NONE', #1191 ) ;
#1263 = AXIS2_PLACEMENT_3D ( 'NONE', #1024, #773, #1155 ) ;
#1264 = ORIENTED_EDGE ( 'NONE', *, *, #204, .T. ) ;
#1265 = FACE_OUTER_BOUND ( 'NONE', #1203, .T. ) ;
#1266 = AXIS2_PLACEMENT_3D ( 'NONE', #722, #505, #512 ) ;
#1267 = SURFACE_STYLE_FILL_AREA ( #23 ) ;
#1268 = CARTESIAN_POINT ( 'NONE',  ( 6.106929396987470504, -1.915776135163671512, 4.520000000000000462 ) ) ;
#1269 = EDGE_CURVE ( 'NONE', #152, #1044, #65, .T. ) ;
#1270 = ORIENTED_EDGE ( 'NONE', *, *, #1313, .T. ) ;
#1271 = ORIENTED_EDGE ( 'NONE', *, *, #1356, .F. ) ;
#1272 = VECTOR ( 'NONE', #241, 100.0000000000000000 ) ;
#1273 = ORIENTED_EDGE ( 'NONE', *, *, #249, .T. ) ;
#1274 = CARTESIAN_POINT ( 'NONE',  ( -0.8001046164938920846, -1.115776135163672800, 1.000000000000000000 ) ) ;
#1275 = LINE ( 'NONE', #909, #1345 ) ;
#1276 = DIRECTION ( 'NONE',  ( -0.000000000000000000, 0.000000000000000000, -1.000000000000000000 ) ) ;
#1277 = DIRECTION ( 'NONE',  ( 1.000000000000000000, 1.224510688924804848E-16, -0.000000000000000000 ) ) ;
#1278 = ORIENTED_EDGE ( 'NONE', *, *, #1139, .F. ) ;
#1279 = EDGE_LOOP ( 'NONE', ( #1014, #1151, #914, #515, #1406, #1393, #1435, #160 ) ) ;
#1280 = PLANE ( 'NONE',  #1039 ) ;
#1281 = LINE ( 'NONE', #511, #1495 ) ;
#1282 = FACE_OUTER_BOUND ( 'NONE', #862, .T. ) ;
#1283 = DIRECTION ( 'NONE',  ( 1.000000000000000000, -0.000000000000000000, -0.000000000000000000 ) ) ;
#1284 = EDGE_CURVE ( 'NONE', #913, #1497, #407, .T. ) ;
#1285 = EDGE_CURVE ( 'NONE', #617, #545, #32, .T. ) ;
#1286 = AXIS2_PLACEMENT_3D ( 'NONE', #202, #235, #1276 ) ;
#1287 = CIRCLE ( 'NONE', #451, 0.1499999999999999944 ) ;
#1288 = ADVANCED_FACE ( 'NONE', ( #855 ), #1108, .F. ) ;
#1289 = ORIENTED_EDGE ( 'NONE', *, *, #1120, .T. ) ;
#1290 = VERTEX_POINT ( 'NONE', #334 ) ;
#1291 = LINE ( 'NONE', #1038, #332 ) ;
#1292 = EDGE_CURVE ( 'NONE', #1247, #819, #1199, .T. ) ;
#1293 = DIRECTION ( 'NONE',  ( -1.326553246335205396E-16, 1.000000000000000000, 0.000000000000000000 ) ) ;
#1294 = DIRECTION ( 'NONE',  ( 1.000000000000000000, 1.326553246335205396E-16, 0.000000000000000000 ) ) ;
#1295 = PRESENTATION_STYLE_ASSIGNMENT (( #928 ) ) ;
#1296 = ORIENTED_EDGE ( 'NONE', *, *, #1192, .F. ) ;
#1297 = ORIENTED_EDGE ( 'NONE', *, *, #1300, .T. ) ;
#1298 = CARTESIAN_POINT ( 'NONE',  ( 0.000000000000000000, 0.000000000000000000, 6.040000000000000924 ) ) ;
#1299 = FACE_OUTER_BOUND ( 'NONE', #70, .T. ) ;
#1300 = EDGE_CURVE ( 'NONE', #913, #229, #831, .T. ) ;
#1301 = CARTESIAN_POINT ( 'NONE',  ( 6.386929396987469865, -2.215776135163670890, 1.000000000000000000 ) ) ;
#1302 = LINE ( 'NONE', #1566, #1315 ) ;
#1303 = ORIENTED_EDGE ( 'NONE', *, *, #677, .T. ) ;
#1304 = EDGE_CURVE ( 'NONE', #36, #1089, #238, .T. ) ;
#1305 = ADVANCED_BREP_SHAPE_REPRESENTATION ( 'ir sensor holder', ( #1484, #1516, #937, #950, #1461 ), #368 ) ;
#1306 = ORIENTED_EDGE ( 'NONE', *, *, #1284, .F. ) ;
#1307 = ORIENTED_EDGE ( 'NONE', *, *, #1098, .F. ) ;
#1308 = DIRECTION ( 'NONE',  ( -0.000000000000000000, 1.156482317317871133E-15, -1.000000000000000000 ) ) ;
#1309 = FACE_OUTER_BOUND ( 'NONE', #786, .T. ) ;
#1310 = AXIS2_PLACEMENT_3D ( 'NONE', #758, #1260, #132 ) ;
#1311 = DIRECTION ( 'NONE',  ( -1.000000000000000000, 0.000000000000000000, -0.000000000000000000 ) ) ;
#1312 = APPLICATION_CONTEXT ( 'automotive_design' ) ;
#1313 = EDGE_CURVE ( 'NONE', #617, #553, #1287, .T. ) ;
#1314 = ORIENTED_EDGE ( 'NONE', *, *, #366, .T. ) ;
#1315 = VECTOR ( 'NONE', #1427, 100.0000000000000000 ) ;
#1316 = ORIENTED_EDGE ( 'NONE', *, *, #487, .F. ) ;
#1317 = LINE ( 'NONE', #944, #81 ) ;
#1318 = CARTESIAN_POINT ( 'NONE',  ( 0.5698953835061079110, -1.915776135163671512, 3.920000000000000373 ) ) ;
#1319 = ADVANCED_FACE ( 'NONE', ( #463 ), #75, .F. ) ;
#1320 = LINE ( 'NONE', #431, #394 ) ;
#1321 = CARTESIAN_POINT ( 'NONE',  ( 5.561929396987470575, -0.8157761351636727554, 0.5000000000000000000 ) ) ;
#1322 = ORIENTED_EDGE ( 'NONE', *, *, #911, .F. ) ;
#1323 = EDGE_LOOP ( 'NONE', ( #1505, #142, #1271, #890 ) ) ;
#1324 = CARTESIAN_POINT ( 'NONE',  ( 0.8498953835061082707, -2.865776135163672134, -0.9965926611610637087 ) ) ;
#1325 = PLANE ( 'NONE',  #1371 ) ;
#1326 = FACE_OUTER_BOUND ( 'NONE', #1279, .T. ) ;
#1327 = VECTOR ( 'NONE', #219, 100.0000000000000000 ) ;
#1328 = AXIS2_PLACEMENT_3D ( 'NONE', #419, #525, #766 ) ;
#1329 = CARTESIAN_POINT ( 'NONE',  ( 6.106929396987470504, -2.115776135163671690, 3.920000000000000373 ) ) ;
#1330 = FACE_OUTER_BOUND ( 'NONE', #1340, .T. ) ;
#1331 = CARTESIAN_POINT ( 'NONE',  ( 6.106929396987470504, -2.115776135163671690, 4.520000000000000462 ) ) ;
#1332 = VECTOR ( 'NONE', #865, 100.0000000000000000 ) ;
#1333 = ORIENTED_EDGE ( 'NONE', *, *, #674, .T. ) ;
#1334 = DIRECTION ( 'NONE',  ( -1.224510688924804848E-16, 1.000000000000000000, 0.000000000000000000 ) ) ;
#1335 = PLANE ( 'NONE',  #1177 ) ;
#1336 = FACE_OUTER_BOUND ( 'NONE', #3, .T. ) ;
#1337 = CARTESIAN_POINT ( 'NONE',  ( 5.561929396987470575, -1.115776135163672800, 0.5000000000000000000 ) ) ;
#1338 = ORIENTED_EDGE ( 'NONE', *, *, #14, .T. ) ;
#1339 = VECTOR ( 'NONE', #551, 100.0000000000000000 ) ;
#1340 = EDGE_LOOP ( 'NONE', ( #1218, #1467, #385, #1264, #1618, #982 ) ) ;
#1341 = CARTESIAN_POINT ( 'NONE',  ( -0.8001046164938920846, -1.915776135163671512, 6.040000000000000924 ) ) ;
#1342 = DIRECTION ( 'NONE',  ( 0.000000000000000000, -0.000000000000000000, 1.000000000000000000 ) ) ;
#1343 = EDGE_CURVE ( 'NONE', #1465, #768, #481, .T. ) ;
#1344 = CARTESIAN_POINT ( 'NONE',  ( 0.8498953835061079376, -2.215776135163670890, 1.000000000000000000 ) ) ;
#1345 = VECTOR ( 'NONE', #765, 100.0000000000000000 ) ;
#1346 = LINE ( 'NONE', #308, #478 ) ;
#1347 = AXIS2_PLACEMENT_3D ( 'NONE', #597, #255, #868 ) ;
#1348 = ORIENTED_EDGE ( 'NONE', *, *, #1068, .F. ) ;
#1349 = ORIENTED_EDGE ( 'NONE', *, *, #310, .T. ) ;
#1350 = CARTESIAN_POINT ( 'NONE',  ( 5.561929396987470575, -2.115776135163671690, 4.220000000000000639 ) ) ;
#1351 = DIRECTION ( 'NONE',  ( 0.000000000000000000, 5.782411586589355667E-16, -1.000000000000000000 ) ) ;
#1352 = CARTESIAN_POINT ( 'NONE',  ( 0.8498953835061082707, -1.115776135163672800, 1.000000000000000000 ) ) ;
#1353 = LINE ( 'NONE', #393, #118 ) ;
#1354 = EDGE_LOOP ( 'NONE', ( #1076, #1088 ) ) ;
#1355 = ADVANCED_FACE ( 'NONE', ( #983 ), #1325, .T. ) ;
#1356 = EDGE_CURVE ( 'NONE', #73, #1626, #325, .T. ) ;
#1357 = EDGE_CURVE ( 'NONE', #1089, #999, #207, .T. ) ;
#1358 = EDGE_LOOP ( 'NONE', ( #429, #357, #205, #1107 ) ) ;
#1359 = DIRECTION ( 'NONE',  ( 1.445602896647339656E-16, -0.000000000000000000, 1.000000000000000000 ) ) ;
#1360 = CARTESIAN_POINT ( 'NONE',  ( -0.5201046164938920580, -1.915776135163671512, 1.570000000000000506 ) ) ;
#1361 = DIRECTION ( 'NONE',  ( 0.000000000000000000, 0.000000000000000000, 1.000000000000000000 ) ) ;
#1362 = LINE ( 'NONE', #1244, #1476 ) ;
#1363 = ORIENTED_EDGE ( 'NONE', *, *, #69, .F. ) ;
#1364 = EDGE_CURVE ( 'NONE', #1379, #1029, #82, .T. ) ;
#1365 = VECTOR ( 'NONE', #324, 100.0000000000000000 ) ;
#1366 = DIRECTION ( 'NONE',  ( 0.000000000000000000, -0.000000000000000000, 1.000000000000000000 ) ) ;
#1367 = FACE_OUTER_BOUND ( 'NONE', #1028, .T. ) ;
#1368 = EDGE_CURVE ( 'NONE', #444, #570, #470, .T. ) ;
#1369 = DIRECTION ( 'NONE',  ( -1.000000000000000000, 0.000000000000000000, 0.000000000000000000 ) ) ;
#1370 = DIRECTION ( 'NONE',  ( -0.000000000000000000, -0.000000000000000000, -1.000000000000000000 ) ) ;
#1371 = AXIS2_PLACEMENT_3D ( 'NONE', #454, #1459, #1453 ) ;
#1372 = ORIENTED_EDGE ( 'NONE', *, *, #784, .T. ) ;
#1373 = EDGE_LOOP ( 'NONE', ( #1069, #640, #1106, #633 ) ) ;
#1374 = CARTESIAN_POINT ( 'NONE',  ( -0.5201046164938921690, -2.115776135163671690, 4.520000000000000462 ) ) ;
#1375 = CARTESIAN_POINT ( 'NONE',  ( 0.5698953835061079110, -2.115776135163671690, 4.520000000000000462 ) ) ;
#1376 = PLANE ( 'NONE',  #135 ) ;
#1377 = AXIS2_PLACEMENT_3D ( 'NONE', #986, #1093, #614 ) ;
#1378 = ORIENTED_EDGE ( 'NONE', *, *, #821, .T. ) ;
#1379 = VERTEX_POINT ( 'NONE', #1072 ) ;
#1380 = CYLINDRICAL_SURFACE ( 'NONE', #166, 0.1000000000000000888 ) ;
#1381 = DIRECTION ( 'NONE',  ( 0.000000000000000000, 0.000000000000000000, 1.000000000000000000 ) ) ;
#1382 = FACE_OUTER_BOUND ( 'NONE', #996, .T. ) ;
#1383 = ADVANCED_FACE ( 'NONE', ( #446 ), #199, .F. ) ;
#1384 = ORIENTED_EDGE ( 'NONE', *, *, #1364, .T. ) ;
#1385 = AXIS2_PLACEMENT_3D ( 'NONE', #558, #1091, #1592 ) ;
#1386 = ORIENTED_EDGE ( 'NONE', *, *, #771, .F. ) ;
#1387 = EDGE_CURVE ( 'NONE', #36, #1262, #945, .T. ) ;
#1388 = ORIENTED_EDGE ( 'NONE', *, *, #968, .F. ) ;
#1389 = LINE ( 'NONE', #516, #63 ) ;
#1390 = DIRECTION ( 'NONE',  ( 0.000000000000000000, 5.782411586589355667E-16, -1.000000000000000000 ) ) ;
#1391 = VECTOR ( 'NONE', #933, 100.0000000000000000 ) ;
#1392 = AXIS2_PLACEMENT_3D ( 'NONE', #435, #210, #584 ) ;
#1393 = ORIENTED_EDGE ( 'NONE', *, *, #1488, .F. ) ;
#1394 = VECTOR ( 'NONE', #280, 100.0000000000000000 ) ;
#1395 = VERTEX_POINT ( 'NONE', #962 ) ;
#1396 = VERTEX_POINT ( 'NONE', #340 ) ;
#1397 = LINE ( 'NONE', #145, #120 ) ;
#1398 = CARTESIAN_POINT ( 'NONE',  ( 0.000000000000000000, 0.000000000000000000, 0.000000000000000000 ) ) ;
#1399 = LINE ( 'NONE', #387, #1394 ) ;
#1400 = CARTESIAN_POINT ( 'NONE',  ( 0.02489538350610783282, -0.8157761351636727554, 0.5000000000000000000 ) ) ;
#1401 = EDGE_LOOP ( 'NONE', ( #266, #1307, #785, #835 ) ) ;
#1402 = VECTOR ( 'NONE', #1042, 100.0000000000000000 ) ;
#1403 = EDGE_LOOP ( 'NONE', ( #121, #1172, #112, #258 ) ) ;
#1404 = EDGE_CURVE ( 'NONE', #1146, #1159, #837, .T. ) ;
#1405 = VECTOR ( 'NONE', #1128, 100.0000000000000000 ) ;
#1406 = ORIENTED_EDGE ( 'NONE', *, *, #1215, .T. ) ;
#1407 = EDGE_CURVE ( 'NONE', #1044, #331, #718, .T. ) ;
#1408 = FACE_OUTER_BOUND ( 'NONE', #462, .T. ) ;
#1409 = CARTESIAN_POINT ( 'NONE',  ( -0.8001046164938920846, -1.061381376417757214E-16, 0.000000000000000000 ) ) ;
#1410 = FACE_OUTER_BOUND ( 'NONE', #1373, .T. ) ;
#1411 = CIRCLE ( 'NONE', #1569, 0.1000000000000000888 ) ;
#1412 = ORIENTED_EDGE ( 'NONE', *, *, #1304, .F. ) ;
#1413 = VERTEX_POINT ( 'NONE', #594 ) ;
#1414 = CARTESIAN_POINT ( 'NONE',  ( 15.40097125891808005, -0.8157761351636714231, 0.000000000000000000 ) ) ;
#1415 = EDGE_CURVE ( 'NONE', #536, #1445, #106, .T. ) ;
#1416 = FILL_AREA_STYLE_COLOUR ( '', #1 ) ;
#1417 = CARTESIAN_POINT ( 'NONE',  ( 4.736929396987470398, -2.215776135163671334, 6.040000000000000924 ) ) ;
#1418 = DIRECTION ( 'NONE',  ( 0.000000000000000000, 0.000000000000000000, 1.000000000000000000 ) ) ;
#1419 = VECTOR ( 'NONE', #1452, 100.0000000000000000 ) ;
#1420 = VERTEX_POINT ( 'NONE', #370 ) ;
#1421 = ORIENTED_EDGE ( 'NONE', *, *, #981, .F. ) ;
#1422 = PLANE ( 'NONE',  #1122 ) ;
#1423 = DIRECTION ( 'NONE',  ( 0.000000000000000000, 1.000000000000000000, 0.000000000000000000 ) ) ;
#1424 = DIRECTION ( 'NONE',  ( 0.000000000000000000, 0.000000000000000000, -1.000000000000000000 ) ) ;
#1425 = LINE ( 'NONE', #1200, #602 ) ;
#1426 = VECTOR ( 'NONE', #1119, 100.0000000000000000 ) ;
#1427 = DIRECTION ( 'NONE',  ( -0.000000000000000000, 1.000000000000000000, -0.000000000000000000 ) ) ;
#1428 = ADVANCED_FACE ( 'NONE', ( #1116 ), #743, .T. ) ;
#1429 = VERTEX_POINT ( 'NONE', #1490 ) ;
#1430 = ORIENTED_EDGE ( 'NONE', *, *, #603, .F. ) ;
#1431 = CARTESIAN_POINT ( 'NONE',  ( 5.561929396987470575, -2.115776135163671690, 4.320000000000001172 ) ) ;
#1432 = FACE_OUTER_BOUND ( 'NONE', #1358, .T. ) ;
#1433 = UNCERTAINTY_MEASURE_WITH_UNIT (LENGTH_MEASURE( 1.000000000000000082E-05 ), #652, 'distance_accuracy_value', 'NONE');
#1434 = FACE_BOUND ( 'NONE', #339, .T. ) ;
#1435 = ORIENTED_EDGE ( 'NONE', *, *, #1078, .F. ) ;
#1436 = VERTEX_POINT ( 'NONE', #611 ) ;
#1437 = ADVANCED_FACE ( 'NONE', ( #864 ), #698, .F. ) ;
#1438 = DIRECTION ( 'NONE',  ( -1.000000000000000000, 0.000000000000000000, 0.000000000000000000 ) ) ;
#1439 = PLANE ( 'NONE',  #1158 ) ;
#1440 = CARTESIAN_POINT ( 'NONE',  ( 0.5698953835061079110, -2.215776135163671334, 5.770000000000000462 ) ) ;
#1441 = VECTOR ( 'NONE', #408, 100.0000000000000000 ) ;
#1442 = LINE ( 'NONE', #34, #1339 ) ;
#1443 = DIRECTION ( 'NONE',  ( -0.000000000000000000, -1.000000000000000000, -0.000000000000000000 ) ) ;
#1444 = PRESENTATION_LAYER_ASSIGNMENT (  '', '', ( #320 ) ) ;
#1445 = VERTEX_POINT ( 'NONE', #912 ) ;
#1446 = AXIS2_PLACEMENT_3D ( 'NONE', #193, #699, #1311 ) ;
#1447 = PLANE ( 'NONE',  #1005 ) ;
#1448 = DIRECTION ( 'NONE',  ( 0.000000000000000000, 1.000000000000000000, 0.000000000000000000 ) ) ;
#1449 = CARTESIAN_POINT ( 'NONE',  ( 0.5698953835061079110, -1.915776135163671512, 1.570000000000000506 ) ) ;
#1450 = DIRECTION ( 'NONE',  ( -1.224510688924804848E-16, 1.000000000000000000, 0.000000000000000000 ) ) ;
#1451 = EDGE_LOOP ( 'NONE', ( #1165, #256, #610, #284 ) ) ;
#1452 = DIRECTION ( 'NONE',  ( 0.000000000000000000, 1.000000000000000000, 0.000000000000000000 ) ) ;
#1453 = DIRECTION ( 'NONE',  ( 1.000000000000000000, 0.000000000000000000, 0.000000000000000000 ) ) ;
#1454 = DIRECTION ( 'NONE',  ( 0.000000000000000000, -1.000000000000000000, 0.000000000000000000 ) ) ;
#1455 = LINE ( 'NONE', #841, #1237 ) ;
#1456 = ORIENTED_EDGE ( 'NONE', *, *, #964, .T. ) ;
#1457 = EDGE_CURVE ( 'NONE', #1138, #347, #1442, .T. ) ;
#1458 = ORIENTED_EDGE ( 'NONE', *, *, #943, .T. ) ;
#1459 = DIRECTION ( 'NONE',  ( -0.000000000000000000, 0.000000000000000000, 1.000000000000000000 ) ) ;
#1460 = DIRECTION ( 'NONE',  ( 0.000000000000000000, 1.000000000000000000, 0.000000000000000000 ) ) ;
#1461 = AXIS2_PLACEMENT_3D ( 'NONE', #1398, #109, #502 ) ;
#1462 = CARTESIAN_POINT ( 'NONE',  ( 4.736929396987470398, -0.8157761351636714231, 1.000000000000000000 ) ) ;
#1463 = CARTESIAN_POINT ( 'NONE',  ( 0.02489538350610789874, -2.115776135163671690, 4.220000000000000639 ) ) ;
#1464 = CARTESIAN_POINT ( 'NONE',  ( 6.386929396987469865, -0.8157761351636714231, 1.000000000000000000 ) ) ;
#1465 = VERTEX_POINT ( 'NONE', #425 ) ;
#1466 = VECTOR ( 'NONE', #1533, 100.0000000000000000 ) ;
#1467 = ORIENTED_EDGE ( 'NONE', *, *, #89, .F. ) ;
#1468 = DIRECTION ( 'NONE',  ( 0.000000000000000000, 0.000000000000000000, -1.000000000000000000 ) ) ;
#1469 = LINE ( 'NONE', #232, #1272 ) ;
#1470 = CLOSED_SHELL ( 'NONE', ( #1540, #1018, #689, #1588, #568, #119, #84, #252, #803, #498, #820, #779, #555, #535, #43, #655, #886 ) ) ;
#1471 = FACE_BOUND ( 'NONE', #1227, .T. ) ;
#1472 = CARTESIAN_POINT ( 'NONE',  ( 0.5698953835061079110, -2.215776135163671334, 5.770000000000000462 ) ) ;
#1473 = PRESENTATION_LAYER_ASSIGNMENT (  '', '', ( #214 ) ) ;
#1474 = CARTESIAN_POINT ( 'NONE',  ( 0.8498953835061079376, -0.8157761351636714231, 1.000000000000000000 ) ) ;
#1475 = EDGE_CURVE ( 'NONE', #1029, #1238, #377, .T. ) ;
#1476 = VECTOR ( 'NONE', #1493, 100.0000000000000000 ) ;
#1477 = ORIENTED_EDGE ( 'NONE', *, *, #1486, .T. ) ;
#1478 = EDGE_LOOP ( 'NONE', ( #1273, #854, #649, #427 ) ) ;
#1479 = CARTESIAN_POINT ( 'NONE',  ( 5.711929396987470930, -1.815776135163672755, 0.5000000000000000000 ) ) ;
#1480 = LINE ( 'NONE', #871, #1485 ) ;
#1481 = LINE ( 'NONE', #872, #960 ) ;
#1482 = CARTESIAN_POINT ( 'NONE',  ( -0.5201046164938921690, -1.915776135163671512, 5.770000000000000462 ) ) ;
#1483 = DIRECTION ( 'NONE',  ( 1.000000000000000000, 1.224510688924804848E-16, -0.000000000000000000 ) ) ;
#1484 = MANIFOLD_SOLID_BREP ( 'Cut-Extrude10[1]', #1611 ) ;
#1485 = VECTOR ( 'NONE', #992, 100.0000000000000000 ) ;
#1486 = EDGE_CURVE ( 'NONE', #1262, #999, #400, .T. ) ;
#1487 = ORIENTED_EDGE ( 'NONE', *, *, #771, .T. ) ;
#1488 = EDGE_CURVE ( 'NONE', #684, #365, #1302, .T. ) ;
#1489 = ORIENTED_EDGE ( 'NONE', *, *, #198, .F. ) ;
#1490 = CARTESIAN_POINT ( 'NONE',  ( 5.016929396987471534, -1.915776135163671512, 1.570000000000000506 ) ) ;
#1491 = CARTESIAN_POINT ( 'NONE',  ( 5.016929396987470646, -2.215776135163671334, 5.770000000000000462 ) ) ;
#1492 = SURFACE_SIDE_STYLE ('',( #115 ) ) ;
#1493 = DIRECTION ( 'NONE',  ( 0.000000000000000000, -5.782411586589355667E-16, 1.000000000000000000 ) ) ;
#1494 = ORIENTED_EDGE ( 'NONE', *, *, #72, .F. ) ;
#1495 = VECTOR ( 'NONE', #1259, 100.0000000000000000 ) ;
#1496 = EDGE_LOOP ( 'NONE', ( #168, #488, #60, #924 ) ) ;
#1497 = VERTEX_POINT ( 'NONE', #1051 ) ;
#1498 = CARTESIAN_POINT ( 'NONE',  ( 0.02489538350610790915, -2.115776135163671690, 4.120000000000000995 ) ) ;
#1499 = EDGE_CURVE ( 'NONE', #1445, #608, #1535, .T. ) ;
#1500 = CARTESIAN_POINT ( 'NONE',  ( 6.386929396987469865, -0.8157761351636715341, 1.300000000000000044 ) ) ;
#1501 = AXIS2_PLACEMENT_3D ( 'NONE', #662, #190, #696 ) ;
#1502 = AXIS2_PLACEMENT_3D ( 'NONE', #822, #579, #1438 ) ;
#1503 = VERTEX_POINT ( 'NONE', #294 ) ;
#1504 = ORIENTED_EDGE ( 'NONE', *, *, #1313, .F. ) ;
#1505 = ORIENTED_EDGE ( 'NONE', *, *, #800, .F. ) ;
#1506 = DIRECTION ( 'NONE',  ( 0.000000000000000000, -5.782411586589355667E-16, 1.000000000000000000 ) ) ;
#1507 = PRODUCT_RELATED_PRODUCT_CATEGORY ( 'part', '', ( #517 ) ) ;
#1508 = DIRECTION ( 'NONE',  ( -1.000000000000000000, -0.000000000000000000, -0.000000000000000000 ) ) ;
#1509 = LINE ( 'NONE', #262, #582 ) ;
#1510 = CARTESIAN_POINT ( 'NONE',  ( 0.5698953835061079110, -2.115776135163671690, 4.520000000000000462 ) ) ;
#1511 = EDGE_CURVE ( 'NONE', #369, #19, #1164, .T. ) ;
#1512 = ORIENTED_EDGE ( 'NONE', *, *, #198, .T. ) ;
#1513 = ORIENTED_EDGE ( 'NONE', *, *, #434, .T. ) ;
#1514 = DIRECTION ( 'NONE',  ( -1.000000000000000000, 0.000000000000000000, 0.000000000000000000 ) ) ;
#1515 = CARTESIAN_POINT ( 'NONE',  ( 6.386929396987469865, -1.915776135163671512, 6.040000000000000924 ) ) ;
#1516 = MANIFOLD_SOLID_BREP ( 'Boss-Extrude13', #1470 ) ;
#1517 = EDGE_LOOP ( 'NONE', ( #829, #747 ) ) ;
#1518 = VECTOR ( 'NONE', #335, 100.0000000000000000 ) ;
#1519 = ORIENTED_EDGE ( 'NONE', *, *, #997, .F. ) ;
#1520 = ORIENTED_EDGE ( 'NONE', *, *, #1357, .T. ) ;
#1521 = CYLINDRICAL_SURFACE ( 'NONE', #412, 0.1500000000000001332 ) ;
#1522 = CARTESIAN_POINT ( 'NONE',  ( 6.106929396987470504, -2.115776135163671690, 4.520000000000000462 ) ) ;
#1523 = DIRECTION ( 'NONE',  ( -1.326553246335205396E-16, 1.000000000000000000, 0.000000000000000000 ) ) ;
#1524 = VECTOR ( 'NONE', #302, 100.0000000000000000 ) ;
#1525 = EDGE_CURVE ( 'NONE', #1465, #1396, #50, .T. ) ;
#1526 = EDGE_CURVE ( 'NONE', #587, #554, #1086, .T. ) ;
#1527 = VECTOR ( 'NONE', #716, 100.0000000000000000 ) ;
#1528 = VERTEX_POINT ( 'NONE', #965 ) ;
#1529 = ORIENTED_EDGE ( 'NONE', *, *, #1183, .T. ) ;
#1530 = EDGE_LOOP ( 'NONE', ( #923, #619 ) ) ;
#1531 = CARTESIAN_POINT ( 'NONE',  ( -0.8001046164938919736, -1.115776135163673466, 0.000000000000000000 ) ) ;
#1532 = FACE_OUTER_BOUND ( 'NONE', #1496, .T. ) ;
#1533 = DIRECTION ( 'NONE',  ( -8.688419574616818714E-17, -1.152565119223028444E-32, -1.000000000000000000 ) ) ;
#1534 = DIRECTION ( 'NONE',  ( -1.000000000000000000, -0.000000000000000000, -0.000000000000000000 ) ) ;
#1535 = LINE ( 'NONE', #1559, #531 ) ;
#1536 = VECTOR ( 'NONE', #605, 100.0000000000000000 ) ;
#1537 = EDGE_LOOP ( 'NONE', ( #1333, #1494, #887, #1289, #668, #863, #522, #802 ) ) ;
#1538 = VECTOR ( 'NONE', #907, 100.0000000000000000 ) ;
#1539 = CARTESIAN_POINT ( 'NONE',  ( 5.016929396987470646, -2.215776135163671334, 5.770000000000000462 ) ) ;
#1540 = ADVANCED_FACE ( 'NONE', ( #353 ), #465, .F. ) ;
#1541 = CARTESIAN_POINT ( 'NONE',  ( 6.106929396987470504, -2.215776135163671334, 1.570000000000000506 ) ) ;
#1542 = DIRECTION ( 'NONE',  ( 1.326553246335205396E-16, -1.000000000000000000, 0.000000000000000000 ) ) ;
#1543 = ORIENTED_EDGE ( 'NONE', *, *, #1387, .F. ) ;
#1544 = ORIENTED_EDGE ( 'NONE', *, *, #1368, .F. ) ;
#1545 = DIRECTION ( 'NONE',  ( 1.000000000000000000, 0.000000000000000000, 0.000000000000000000 ) ) ;
#1546 = ADVANCED_FACE ( 'NONE', ( #456 ), #1194, .F. ) ;
#1547 = DIRECTION ( 'NONE',  ( -1.000000000000000000, 0.000000000000000000, 0.000000000000000000 ) ) ;
#1548 = CARTESIAN_POINT ( 'NONE',  ( 0.1748953835061078099, -0.8157761351636727554, 0.5000000000000000000 ) ) ;
#1549 = DIRECTION ( 'NONE',  ( -1.326553246335205396E-16, 1.000000000000000000, -0.000000000000000000 ) ) ;
#1550 = FILL_AREA_STYLE_COLOUR ( '', #1607 ) ;
#1551 = VECTOR ( 'NONE', #1359, 100.0000000000000000 ) ;
#1552 = VERTEX_POINT ( 'NONE', #77 ) ;
#1553 = MECHANICAL_DESIGN_GEOMETRIC_PRESENTATION_REPRESENTATION (  '', ( #214 ), #635 ) ;
#1554 = ORIENTED_EDGE ( 'NONE', *, *, #677, .F. ) ;
#1555 = DIRECTION ( 'NONE',  ( 0.000000000000000000, -0.000000000000000000, 1.000000000000000000 ) ) ;
#1556 = EDGE_CURVE ( 'NONE', #291, #1395, #1411, .T. ) ;
#1557 = LINE ( 'NONE', #957, #472 ) ;
#1558 = CIRCLE ( 'NONE', #355, 0.1000000000000000888 ) ;
#1559 = CARTESIAN_POINT ( 'NONE',  ( 6.106929396987470504, -1.915776135163671512, 5.770000000000000462 ) ) ;
#1560 = FACE_OUTER_BOUND ( 'NONE', #592, .T. ) ;
#1561 = EDGE_CURVE ( 'NONE', #1589, #88, #833, .T. ) ;
#1562 = EDGE_LOOP ( 'NONE', ( #749, #1007 ) ) ;
#1563 = ORIENTED_EDGE ( 'NONE', *, *, #414, .F. ) ;
#1564 = LINE ( 'NONE', #670, #155 ) ;
#1565 = LINE ( 'NONE', #76, #970 ) ;
#1566 = CARTESIAN_POINT ( 'NONE',  ( -0.5201046164938921690, -2.215776135163671334, 5.770000000000000462 ) ) ;
#1567 = CARTESIAN_POINT ( 'NONE',  ( 6.106929396987470504, -2.215776135163671334, 5.770000000000000462 ) ) ;
#1568 = ORIENTED_EDGE ( 'NONE', *, *, #13, .T. ) ;
#1569 = AXIS2_PLACEMENT_3D ( 'NONE', #99, #958, #1594 ) ;
#1570 = ORIENTED_EDGE ( 'NONE', *, *, #1085, .T. ) ;
#1571 = CARTESIAN_POINT ( 'NONE',  ( 0.5698953835061079110, -1.915776135163671512, 5.770000000000000462 ) ) ;
#1572 = DIRECTION ( 'NONE',  ( 1.000000000000000000, 0.000000000000000000, -0.000000000000000000 ) ) ;
#1573 = DIRECTION ( 'NONE',  ( -1.000000000000000000, 0.000000000000000000, 0.000000000000000000 ) ) ;
#1574 = PLANE ( 'NONE',  #261 ) ;
#1575 = LINE ( 'NONE', #1202, #108 ) ;
#1576 = VECTOR ( 'NONE', #1308, 100.0000000000000000 ) ;
#1577 = EDGE_CURVE ( 'NONE', #153, #1420, #720, .T. ) ;
#1578 = EDGE_CURVE ( 'NONE', #1257, #545, #780, .T. ) ;
#1579 = VECTOR ( 'NONE', #91, 100.0000000000000000 ) ;
#1580 = ORIENTED_EDGE ( 'NONE', *, *, #1052, .F. ) ;
#1581 = CARTESIAN_POINT ( 'NONE',  ( 0.8498953835061079376, -1.915776135163671512, 6.040000000000000924 ) ) ;
#1582 = DIRECTION ( 'NONE',  ( 1.000000000000000000, 1.326553246335205396E-16, 0.000000000000000000 ) ) ;
#1583 = DIRECTION ( 'NONE',  ( -1.000000000000000000, -1.326553246335205396E-16, 0.000000000000000000 ) ) ;
#1584 = EDGE_CURVE ( 'NONE', #1146, #717, #1110, .T. ) ;
#1585 = CARTESIAN_POINT ( 'NONE',  ( 0.8498953835061079376, -2.215776135163671334, 6.040000000000000924 ) ) ;
#1586 = PLANE ( 'NONE',  #1286 ) ;
#1587 = LINE ( 'NONE', #1567, #273 ) ;
#1588 = ADVANCED_FACE ( 'NONE', ( #1336 ), #1574, .F. ) ;
#1589 = VERTEX_POINT ( 'NONE', #328 ) ;
#1590 = ORIENTED_EDGE ( 'NONE', *, *, #15, .F. ) ;
#1591 = CARTESIAN_POINT ( 'NONE',  ( 5.561929396987470575, -2.115776135163671690, 4.120000000000000995 ) ) ;
#1592 = DIRECTION ( 'NONE',  ( 1.000000000000000000, 0.000000000000000000, -0.000000000000000000 ) ) ;
#1593 = VECTOR ( 'NONE', #139, 100.0000000000000000 ) ;
#1594 = DIRECTION ( 'NONE',  ( 0.000000000000000000, 0.000000000000000000, 1.000000000000000000 ) ) ;
#1595 = CARTESIAN_POINT ( 'NONE',  ( -0.8001046164938920846, -0.8157761351636727554, 0.000000000000000000 ) ) ;
#1596 = CARTESIAN_POINT ( 'NONE',  ( 4.736929396987470398, -1.915776135163671512, 6.040000000000000924 ) ) ;
#1597 = ORIENTED_EDGE ( 'NONE', *, *, #211, .T. ) ;
#1598 = ORIENTED_EDGE ( 'NONE', *, *, #731, .T. ) ;
#1599 = DIRECTION ( 'NONE',  ( -1.326553246335205396E-16, 1.000000000000000000, 0.000000000000000000 ) ) ;
#1600 = CARTESIAN_POINT ( 'NONE',  ( 5.561929396987470575, -2.115776135163671690, 4.220000000000000639 ) ) ;
#1601 = ADVANCED_FACE ( 'NONE', ( #825, #1471, #1208, #449 ), #1221, .F. ) ;
#1602 = DIRECTION ( 'NONE',  ( 0.000000000000000000, 0.000000000000000000, 1.000000000000000000 ) ) ;
#1603 = LINE ( 'NONE', #1375, #35 ) ;
#1604 = DIRECTION ( 'NONE',  ( -0.000000000000000000, 1.000000000000000000, 1.156482317317871133E-15 ) ) ;
#1605 = CIRCLE ( 'NONE', #177, 0.1500000000000001332 ) ;
#1606 = EDGE_LOOP ( 'NONE', ( #1278, #415, #468, #437 ) ) ;
#1607 = COLOUR_RGB ( '',0.7921568627450980005, 0.8196078431372548767, 0.9333333333333333481 ) ;
#1608 = VERTEX_POINT ( 'NONE', #1585 ) ;
#1609 = CARTESIAN_POINT ( 'NONE',  ( 0.5698953835061079110, -1.915776135163671512, 5.770000000000000462 ) ) ;
#1610 = LINE ( 'NONE', #1134, #989 ) ;
#1611 = CLOSED_SHELL ( 'NONE', ( #1121, #1231, #1428, #342, #39, #326, #1150, #1546 ) ) ;
#1612 = DIRECTION ( 'NONE',  ( -0.000000000000000000, -0.000000000000000000, -1.000000000000000000 ) ) ;
#1613 = CARTESIAN_POINT ( 'NONE',  ( 0.8498953835061079376, -2.215776135163670890, 1.000000000000000000 ) ) ;
#1614 = VECTOR ( 'NONE', #1633, 100.0000000000000000 ) ;
#1615 = LINE ( 'NONE', #987, #1141 ) ;
#1616 = EDGE_CURVE ( 'NONE', #570, #1249, #839, .T. ) ;
#1617 = ORIENTED_EDGE ( 'NONE', *, *, #1241, .F. ) ;
#1618 = ORIENTED_EDGE ( 'NONE', *, *, #1511, .T. ) ;
#1619 = CARTESIAN_POINT ( 'NONE',  ( 0.000000000000000000, 0.000000000000000000, 1.000000000000000000 ) ) ;
#1620 = FACE_OUTER_BOUND ( 'NONE', #1537, .T. ) ;
#1621 = DIRECTION ( 'NONE',  ( 0.000000000000000000, 1.000000000000000000, 0.000000000000000000 ) ) ;
#1622 = PLANE ( 'NONE',  #184 ) ;
#1623 = AXIS2_PLACEMENT_3D ( 'NONE', #634, #510, #259 ) ;
#1624 = ORIENTED_EDGE ( 'NONE', *, *, #1457, .T. ) ;
#1625 = ORIENTED_EDGE ( 'NONE', *, *, #1415, .T. ) ;
#1626 = VERTEX_POINT ( 'NONE', #1329 ) ;
#1627 = FACE_BOUND ( 'NONE', #122, .T. ) ;
#1628 = CARTESIAN_POINT ( 'NONE',  ( 0.5698953835061079110, -2.215776135163671334, 1.570000000000000506 ) ) ;
#1629 = FACE_OUTER_BOUND ( 'NONE', #657, .T. ) ;
#1630 = VERTEX_POINT ( 'NONE', #590 ) ;
#1631 = ORIENTED_EDGE ( 'NONE', *, *, #1457, .F. ) ;
#1632 = CARTESIAN_POINT ( 'NONE',  ( 6.386929396987469865, -1.915776135163671512, 6.040000000000000924 ) ) ;
#1633 = DIRECTION ( 'NONE',  ( 0.000000000000000000, 0.000000000000000000, -1.000000000000000000 ) ) ;
#1634 = CARTESIAN_POINT ( 'NONE',  ( 0.02489538350610789874, -1.915776135163671512, 4.220000000000000639 ) ) ;
ENDSEC;
END-ISO-10303-21;
