ISO-10303-21;
HEADER;
FILE_DESCRIPTION (( 'STEP AP214' ),
    '1' );
FILE_NAME ('motor-front.STEP',
    '2026-05-07T13:42:10',
    ( '' ),
    ( '' ),
    'SwSTEP 2.0',
    'SolidWorks 2024',
    '' );
FILE_SCHEMA (( 'AUTOMOTIVE_DESIGN' ));
ENDSEC;

DATA;
#1 = CYLINDRICAL_SURFACE ( 'NONE', #31, 0.1700000000000000122 ) ;
#2 = ORIENTED_EDGE ( 'NONE', *, *, #1402, .T. ) ;
#3 = DIRECTION ( 'NONE',  ( 0.000000000000000000, -0.000000000000000000, 1.000000000000000000 ) ) ;
#4 = EDGE_CURVE ( 'NONE', #1314, #51, #2442, .T. ) ;
#5 = LINE ( 'NONE', #242, #421 ) ;
#6 = CARTESIAN_POINT ( 'NONE',  ( 5.032594413302706293, -3.496401365995244870, 3.669999999999999485 ) ) ;
#7 = EDGE_LOOP ( 'NONE', ( #1208, #2054, #2158, #1513 ) ) ;
#8 = SHAPE_DEFINITION_REPRESENTATION ( #818, #1826 ) ;
#9 = VERTEX_POINT ( 'NONE', #2260 ) ;
#10 = CARTESIAN_POINT ( 'NONE',  ( 4.732594413302706471, -3.016401365995245776, 2.959999999999999520 ) ) ;
#11 = DIRECTION ( 'NONE',  ( 1.000000000000000000, 0.000000000000000000, -0.000000000000000000 ) ) ;
#12 = ORIENTED_EDGE ( 'NONE', *, *, #657, .F. ) ;
#13 = MANIFOLD_SOLID_BREP ( 'Body-Move/Copy8[2]', #247 ) ;
#14 = DIRECTION ( 'NONE',  ( 0.000000000000000000, -0.000000000000000000, 1.000000000000000000 ) ) ;
#15 = CIRCLE ( 'NONE', #133, 0.1500000000000001332 ) ;
#16 = ORIENTED_EDGE ( 'NONE', *, *, #2392, .F. ) ;
#17 = CARTESIAN_POINT ( 'NONE',  ( 0.000000000000000000, 0.000000000000000000, 3.669999999999999485 ) ) ;
#18 = CIRCLE ( 'NONE', #1406, 0.1700000000000000122 ) ;
#19 = AXIS2_PLACEMENT_3D ( 'NONE', #1531, #2272, #1186 ) ;
#20 = CYLINDRICAL_SURFACE ( 'NONE', #183, 0.1500000000000001332 ) ;
#21 = DIRECTION ( 'NONE',  ( -1.000000000000000000, 0.000000000000000000, 0.000000000000000000 ) ) ;
#22 =( GEOMETRIC_REPRESENTATION_CONTEXT ( 3 ) GLOBAL_UNCERTAINTY_ASSIGNED_CONTEXT ( ( #218 ) ) GLOBAL_UNIT_ASSIGNED_CONTEXT ( ( #1900, #2090, #949 ) ) REPRESENTATION_CONTEXT ( 'NONE', 'WORKASPACE' ) );
#23 = ORIENTED_EDGE ( 'NONE', *, *, #696, .T. ) ;
#24 = VECTOR ( 'NONE', #2279, 100.0000000000000000 ) ;
#25 = ORIENTED_EDGE ( 'NONE', *, *, #1397, .F. ) ;
#26 = VECTOR ( 'NONE', #2104, 100.0000000000000000 ) ;
#27 = DIRECTION ( 'NONE',  ( 0.000000000000000000, 0.000000000000000000, -1.000000000000000000 ) ) ;
#28 = VERTEX_POINT ( 'NONE', #2079 ) ;
#29 = MANIFOLD_SOLID_BREP ( 'Body-Move/Copy8[1]', #1659 ) ;
#30 = DIRECTION ( 'NONE',  ( 0.000000000000000000, 0.000000000000000000, -1.000000000000000000 ) ) ;
#31 = AXIS2_PLACEMENT_3D ( 'NONE', #1918, #224, #756 ) ;
#32 = SURFACE_STYLE_USAGE ( .BOTH. , #834 ) ;
#33 = DIRECTION ( 'NONE',  ( 1.000000000000000000, -0.000000000000000000, -0.000000000000000000 ) ) ;
#34 = CARTESIAN_POINT ( 'NONE',  ( -1.267773269550204196, -0.7964013659952455804, 0.9691448775255496750 ) ) ;
#35 = VERTEX_POINT ( 'NONE', #1786 ) ;
#36 = CARTESIAN_POINT ( 'NONE',  ( 2.332594413302706116, -3.496401365995244870, 3.669999999999999485 ) ) ;
#37 = ORIENTED_EDGE ( 'NONE', *, *, #443, .T. ) ;
#38 = EDGE_CURVE ( 'NONE', #2257, #348, #284, .T. ) ;
#39 = DIRECTION ( 'NONE',  ( -8.462065736472231082E-17, -1.000000000000000000, 0.000000000000000000 ) ) ;
#40 = EDGE_CURVE ( 'NONE', #2360, #532, #1969, .T. ) ;
#41 = AXIS2_PLACEMENT_3D ( 'NONE', #907, #107, #1622 ) ;
#42 = ORIENTED_EDGE ( 'NONE', *, *, #2335, .T. ) ;
#43 = LINE ( 'NONE', #2287, #543 ) ;
#44 = EDGE_CURVE ( 'NONE', #254, #500, #663, .T. ) ;
#45 = DIRECTION ( 'NONE',  ( -1.284980352575412453E-16, 1.000000000000000000, 0.000000000000000000 ) ) ;
#46 = FACE_OUTER_BOUND ( 'NONE', #1386, .T. ) ;
#47 = DIRECTION ( 'NONE',  ( 0.000000000000000000, 0.000000000000000000, -1.000000000000000000 ) ) ;
#48 = VERTEX_POINT ( 'NONE', #1959 ) ;
#49 = CARTESIAN_POINT ( 'NONE',  ( -2.617773269550204507, -0.9964013659952456470, 3.669999999999999485 ) ) ;
#50 = EDGE_CURVE ( 'NONE', #2179, #726, #2134, .T. ) ;
#51 = VERTEX_POINT ( 'NONE', #1588 ) ;
#52 = EDGE_LOOP ( 'NONE', ( #820, #1525, #1426, #2436 ) ) ;
#53 = CARTESIAN_POINT ( 'NONE',  ( -2.617773269550204507, -0.9964013659952456470, 3.669999999999999485 ) ) ;
#54 = SURFACE_STYLE_FILL_AREA ( #2298 ) ;
#55 = AXIS2_PLACEMENT_3D ( 'NONE', #548, #1310, #1129 ) ;
#56 = CARTESIAN_POINT ( 'NONE',  ( -0.2177732695502039573, -3.016401365995245776, 3.119999999999999662 ) ) ;
#57 = DIRECTION ( 'NONE',  ( -1.000000000000000000, 0.000000000000000000, 0.000000000000000000 ) ) ;
#58 = ORIENTED_EDGE ( 'NONE', *, *, #1185, .T. ) ;
#59 = CIRCLE ( 'NONE', #293, 0.1600000000000000866 ) ;
#60 = CARTESIAN_POINT ( 'NONE',  ( 3.382594413302705938, -0.9964013659952456470, 4.169999999999999041 ) ) ;
#61 = VECTOR ( 'NONE', #1181, 100.0000000000000000 ) ;
#62 = VERTEX_POINT ( 'NONE', #1423 ) ;
#63 = AXIS2_PLACEMENT_3D ( 'NONE', #1994, #1853, #2390 ) ;
#64 = VERTEX_POINT ( 'NONE', #2327 ) ;
#65 = VECTOR ( 'NONE', #1110, 100.0000000000000000 ) ;
#66 = EDGE_CURVE ( 'NONE', #635, #726, #2285, .T. ) ;
#67 = CARTESIAN_POINT ( 'NONE',  ( 0.7157427559643008141, -3.796401365995245136, 1.297398990077831549 ) ) ;
#68 = DIRECTION ( 'NONE',  ( -8.462065736472231082E-17, -1.000000000000000000, 0.000000000000000000 ) ) ;
#69 = CARTESIAN_POINT ( 'NONE',  ( -0.5177732695502045290, -0.9964013659952457580, 3.669999999999999485 ) ) ;
#70 = AXIS2_PLACEMENT_3D ( 'NONE', #310, #515, #677 ) ;
#71 = DIRECTION ( 'NONE',  ( 0.000000000000000000, 0.000000000000000000, -1.000000000000000000 ) ) ;
#72 = DIRECTION ( 'NONE',  ( -1.000000000000000000, 0.000000000000000000, 0.000000000000000000 ) ) ;
#73 = ORIENTED_EDGE ( 'NONE', *, *, #507, .F. ) ;
#74 = EDGE_CURVE ( 'NONE', #943, #2218, #2095, .T. ) ;
#75 = EDGE_LOOP ( 'NONE', ( #596, #2420, #437, #1871 ) ) ;
#76 = CIRCLE ( 'NONE', #1621, 0.1600000000000000866 ) ;
#77 = SURFACE_STYLE_FILL_AREA ( #258 ) ;
#78 = CARTESIAN_POINT ( 'NONE',  ( -0.2177732695502039573, -0.7964013659952455804, 1.519144877525549386 ) ) ;
#79 = AXIS2_PLACEMENT_3D ( 'NONE', #1566, #462, #47 ) ;
#80 = CARTESIAN_POINT ( 'NONE',  ( -0.2177732695502039573, -0.7964013659952455804, 3.669999999999999485 ) ) ;
#81 = EDGE_CURVE ( 'NONE', #1009, #1582, #1265, .T. ) ;
#82 = EDGE_CURVE ( 'NONE', #1645, #1498, #2204, .T. ) ;
#83 = CARTESIAN_POINT ( 'NONE',  ( -1.267773269550204196, -0.7964013659952455804, 0.9691448775255496750 ) ) ;
#84 = PRESENTATION_STYLE_ASSIGNMENT (( #1383 ) ) ;
#85 = ORIENTED_EDGE ( 'NONE', *, *, #589, .T. ) ;
#86 = ORIENTED_EDGE ( 'NONE', *, *, #38, .F. ) ;
#87 = CARTESIAN_POINT ( 'NONE',  ( 3.382594413302705938, -0.9964013659952456470, 4.169999999999999041 ) ) ;
#88 = DIRECTION ( 'NONE',  ( -3.154042683594196107E-16, 0.000000000000000000, 1.000000000000000000 ) ) ;
#89 = CARTESIAN_POINT ( 'NONE',  ( 1.362594413302707030, -1.226401365995245740, 2.949999999999999289 ) ) ;
#90 = LINE ( 'NONE', #445, #1078 ) ;
#91 = DIRECTION ( 'NONE',  ( 0.000000000000000000, 0.000000000000000000, -1.000000000000000000 ) ) ;
#92 = DIRECTION ( 'NONE',  ( 0.000000000000000000, 1.000000000000000000, 0.000000000000000000 ) ) ;
#93 = EDGE_LOOP ( 'NONE', ( #1518, #2128, #1177, #321 ) ) ;
#94 = CIRCLE ( 'NONE', #897, 0.1700000000000000122 ) ;
#95 = AXIS2_PLACEMENT_3D ( 'NONE', #356, #2048, #1124 ) ;
#96 = ORIENTED_EDGE ( 'NONE', *, *, #577, .F. ) ;
#97 = EDGE_CURVE ( 'NONE', #1233, #2270, #1289, .T. ) ;
#98 = DIRECTION ( 'NONE',  ( -8.462065736472231082E-17, -1.000000000000000000, 0.000000000000000000 ) ) ;
#99 = CARTESIAN_POINT ( 'NONE',  ( 2.632594413302705938, -3.496401365995244870, 3.669999999999999485 ) ) ;
#100 = ORIENTED_EDGE ( 'NONE', *, *, #689, .T. ) ;
#101 = AXIS2_PLACEMENT_3D ( 'NONE', #1155, #1903, #1746 ) ;
#102 = CARTESIAN_POINT ( 'NONE',  ( -1.867773269550204729, -0.9964013659952456470, 1.519144877525549386 ) ) ;
#103 = CARTESIAN_POINT ( 'NONE',  ( 1.362594413302707030, -3.016401365995245776, 3.119999999999999662 ) ) ;
#104 = CARTESIAN_POINT ( 'NONE',  ( -1.267773269550204418, -0.7964013659952455804, 1.519144877525549386 ) ) ;
#105 = MECHANICAL_DESIGN_GEOMETRIC_PRESENTATION_REPRESENTATION (  '', ( #1610 ), #2157 ) ;
#106 = DIRECTION ( 'NONE',  ( -0.000000000000000000, -1.000000000000000000, -0.000000000000000000 ) ) ;
#107 = DIRECTION ( 'NONE',  ( -8.462065736472231082E-17, -1.000000000000000000, 0.000000000000000000 ) ) ;
#108 = EDGE_LOOP ( 'NONE', ( #1679, #1861, #1286, #2336 ) ) ;
#109 = ORIENTED_EDGE ( 'NONE', *, *, #243, .T. ) ;
#110 = ADVANCED_FACE ( 'NONE', ( #346 ), #1845, .F. ) ;
#111 = EDGE_CURVE ( 'NONE', #1139, #2045, #1162, .T. ) ;
#112 = CARTESIAN_POINT ( 'NONE',  ( 3.382594413302705938, -0.7964013659952455804, 0.9691448775255496750 ) ) ;
#113 = DIRECTION ( 'NONE',  ( -0.000000000000000000, -1.000000000000000000, -0.000000000000000000 ) ) ;
#114 = LINE ( 'NONE', #256, #487 ) ;
#115 = FACE_OUTER_BOUND ( 'NONE', #923, .T. ) ;
#116 = CARTESIAN_POINT ( 'NONE',  ( 3.982594413302706471, -0.7964013659952455804, 0.9691448775255496750 ) ) ;
#117 = VECTOR ( 'NONE', #2302, 100.0000000000000000 ) ;
#118 = DIRECTION ( 'NONE',  ( 8.260587980841940012E-17, 1.000000000000000000, -0.000000000000000000 ) ) ;
#119 = CARTESIAN_POINT ( 'NONE',  ( -2.917773269550204329, -3.016401365995245776, 3.119999999999999662 ) ) ;
#120 = EDGE_LOOP ( 'NONE', ( #762, #1660, #156, #1014 ) ) ;
#121 = ADVANCED_FACE ( 'NONE', ( #1988 ), #1811, .F. ) ;
#122 = VERTEX_POINT ( 'NONE', #1073 ) ;
#123 = PRESENTATION_STYLE_ASSIGNMENT (( #1428 ) ) ;
#124 =( NAMED_UNIT ( * ) SI_UNIT ( $, .STERADIAN. ) SOLID_ANGLE_UNIT ( ) );
#125 = EDGE_LOOP ( 'NONE', ( #2070, #308, #975, #1054 ) ) ;
#126 = CARTESIAN_POINT ( 'NONE',  ( 5.032594413302706293, -3.496401365995244870, 3.669999999999999485 ) ) ;
#127 = DIRECTION ( 'NONE',  ( -1.000000000000000000, 0.000000000000000000, 0.000000000000000000 ) ) ;
#128 = DIRECTION ( 'NONE',  ( -0.000000000000000000, -0.000000000000000000, -1.000000000000000000 ) ) ;
#129 = DIRECTION ( 'NONE',  ( -1.000000000000000000, 0.000000000000000000, 0.000000000000000000 ) ) ;
#130 = CARTESIAN_POINT ( 'NONE',  ( -0.2177732695502039573, -3.496401365995244870, 3.669999999999999485 ) ) ;
#131 = ORIENTED_EDGE ( 'NONE', *, *, #1100, .T. ) ;
#132 = EDGE_CURVE ( 'NONE', #2409, #926, #1114, .T. ) ;
#133 = AXIS2_PLACEMENT_3D ( 'NONE', #2025, #337, #1850 ) ;
#134 = EDGE_LOOP ( 'NONE', ( #2402, #688 ) ) ;
#135 = STYLED_ITEM ( 'NONE', ( #701 ), #857 ) ;
#136 = AXIS2_PLACEMENT_3D ( 'NONE', #1821, #145, #129 ) ;
#137 = CARTESIAN_POINT ( 'NONE',  ( 5.032594413302706293, -3.016401365995245776, 2.959999999999999520 ) ) ;
#138 = EDGE_CURVE ( 'NONE', #2179, #48, #792, .T. ) ;
#139 = ORIENTED_EDGE ( 'NONE', *, *, #1299, .F. ) ;
#140 = LINE ( 'NONE', #1483, #1490 ) ;
#141 = DIRECTION ( 'NONE',  ( 1.284980352575412453E-16, -1.000000000000000000, 0.000000000000000000 ) ) ;
#142 = DIRECTION ( 'NONE',  ( 0.000000000000000000, 1.000000000000000000, -0.000000000000000000 ) ) ;
#143 = AXIS2_PLACEMENT_3D ( 'NONE', #611, #1176, #995 ) ;
#144 = EDGE_CURVE ( 'NONE', #862, #312, #76, .T. ) ;
#145 = DIRECTION ( 'NONE',  ( -1.309225264888156130E-16, 1.000000000000000000, 0.000000000000000000 ) ) ;
#146 = EDGE_CURVE ( 'NONE', #870, #1633, #2395, .T. ) ;
#147 = CARTESIAN_POINT ( 'NONE',  ( 4.732594413302705583, -3.496401365995246202, 3.669999999999999485 ) ) ;
#148 = ORIENTED_EDGE ( 'NONE', *, *, #889, .F. ) ;
#149 = AXIS2_PLACEMENT_3D ( 'NONE', #998, #1749, #184 ) ;
#150 = EDGE_LOOP ( 'NONE', ( #1382, #1858, #993, #267 ) ) ;
#151 =( LENGTH_UNIT ( ) NAMED_UNIT ( * ) SI_UNIT ( .CENTI., .METRE. ) );
#152 = DIRECTION ( 'NONE',  ( -1.000000000000000000, 0.000000000000000000, 0.000000000000000000 ) ) ;
#153 = ORIENTED_EDGE ( 'NONE', *, *, #2263, .T. ) ;
#154 = FACE_OUTER_BOUND ( 'NONE', #373, .T. ) ;
#155 = FACE_BOUND ( 'NONE', #197, .T. ) ;
#156 = ORIENTED_EDGE ( 'NONE', *, *, #921, .F. ) ;
#157 = CARTESIAN_POINT ( 'NONE',  ( 2.632594413302705938, -0.9964013659952456470, 1.519144877525549386 ) ) ;
#158 = EDGE_CURVE ( 'NONE', #2257, #729, #1488, .T. ) ;
#159 = ADVANCED_FACE ( 'NONE', ( #485 ), #2216, .F. ) ;
#160 = DIRECTION ( 'NONE',  ( 1.000000000000000000, -0.000000000000000000, -0.000000000000000000 ) ) ;
#161 = EDGE_CURVE ( 'NONE', #62, #2426, #2178, .T. ) ;
#162 = COLOUR_RGB ( '',0.7921568627450980005, 0.8196078431372548767, 0.9333333333333333481 ) ;
#163 = DIRECTION ( 'NONE',  ( -8.462065736472231082E-17, -1.000000000000000000, 0.000000000000000000 ) ) ;
#164 = ORIENTED_EDGE ( 'NONE', *, *, #583, .F. ) ;
#165 = PRODUCT_RELATED_PRODUCT_CATEGORY ( 'part', '', ( #1593 ) ) ;
#166 = ORIENTED_EDGE ( 'NONE', *, *, #1976, .T. ) ;
#167 = LINE ( 'NONE', #1520, #1939 ) ;
#168 = DIRECTION ( 'NONE',  ( 0.000000000000000000, 0.000000000000000000, -1.000000000000000000 ) ) ;
#169 = ORIENTED_EDGE ( 'NONE', *, *, #1702, .F. ) ;
#170 = DIRECTION ( 'NONE',  ( 1.000000000000000000, 0.000000000000000000, -0.000000000000000000 ) ) ;
#171 = ORIENTED_EDGE ( 'NONE', *, *, #1216, .F. ) ;
#172 = DIRECTION ( 'NONE',  ( -1.000000000000000000, -1.284980352575412453E-16, 0.000000000000000000 ) ) ;
#173 = CARTESIAN_POINT ( 'NONE',  ( 5.032594413302706293, -3.496401365995244870, 3.669999999999999485 ) ) ;
#174 = CYLINDRICAL_SURFACE ( 'NONE', #1946, 0.1500000000000001332 ) ;
#175 = ORIENTED_EDGE ( 'NONE', *, *, #1150, .F. ) ;
#176 = VERTEX_POINT ( 'NONE', #499 ) ;
#177 = VECTOR ( 'NONE', #290, 100.0000000000000000 ) ;
#178 = DIRECTION ( 'NONE',  ( 0.000000000000000000, 0.000000000000000000, 1.000000000000000000 ) ) ;
#179 = LINE ( 'NONE', #2443, #2069 ) ;
#180 = ORIENTED_EDGE ( 'NONE', *, *, #1809, .F. ) ;
#181 = ADVANCED_FACE ( 'NONE', ( #320 ), #1831, .F. ) ;
#182 = COLOUR_RGB ( '',0.7921568627450980005, 0.8196078431372548767, 0.9333333333333333481 ) ;
#183 = AXIS2_PLACEMENT_3D ( 'NONE', #775, #2280, #1565 ) ;
#184 = DIRECTION ( 'NONE',  ( 0.000000000000000000, 0.000000000000000000, -1.000000000000000000 ) ) ;
#185 = EDGE_LOOP ( 'NONE', ( #603, #131, #632, #1741 ) ) ;
#186 = CARTESIAN_POINT ( 'NONE',  ( 3.832594413302706116, -0.9964013659952456470, 1.244144877525549697 ) ) ;
#187 = VECTOR ( 'NONE', #2169, 100.0000000000000000 ) ;
#188 = CARTESIAN_POINT ( 'NONE',  ( -0.5177732695502045290, -3.496401365995246202, 3.669999999999999485 ) ) ;
#189 = CARTESIAN_POINT ( 'NONE',  ( 7.070977092352288551, -3.796401365995245136, 2.166981229344812299 ) ) ;
#190 = CIRCLE ( 'NONE', #2035, 0.1600000000000000866 ) ;
#191 = ORIENTED_EDGE ( 'NONE', *, *, #138, .T. ) ;
#192 = ORIENTED_EDGE ( 'NONE', *, *, #74, .T. ) ;
#193 = AXIS2_PLACEMENT_3D ( 'NONE', #2106, #14, #1353 ) ;
#194 = DIRECTION ( 'NONE',  ( -1.000000000000000000, 0.000000000000000000, 0.000000000000000000 ) ) ;
#195 = CARTESIAN_POINT ( 'NONE',  ( 0.5657427559643007919, -3.796401365995245136, 1.297398990077831549 ) ) ;
#196 = EDGE_CURVE ( 'NONE', #2045, #1282, #2385, .T. ) ;
#197 = EDGE_LOOP ( 'NONE', ( #191, #524 ) ) ;
#198 = APPLICATION_CONTEXT ( 'automotive_design' ) ;
#199 = CARTESIAN_POINT ( 'NONE',  ( 3.707594413302706116, -0.9964013659952457580, 3.894999999999999130 ) ) ;
#200 = VERTEX_POINT ( 'NONE', #510 ) ;
#201 = DIRECTION ( 'NONE',  ( -1.000000000000000000, 0.000000000000000000, 0.000000000000000000 ) ) ;
#202 = CARTESIAN_POINT ( 'NONE',  ( 3.982594413302706471, -0.7964013659952455804, 0.9691448775255496750 ) ) ;
#203 = PLANE ( 'NONE',  #207 ) ;
#204 = VERTEX_POINT ( 'NONE', #1317 ) ;
#205 = CARTESIAN_POINT ( 'NONE',  ( -1.867773269550204729, -0.7964013659952458024, 3.669999999999999485 ) ) ;
#206 = AXIS2_PLACEMENT_3D ( 'NONE', #642, #474, #1401 ) ;
#207 = AXIS2_PLACEMENT_3D ( 'NONE', #1125, #2281, #1528 ) ;
#208 = ORIENTED_EDGE ( 'NONE', *, *, #2112, .F. ) ;
#209 = EDGE_CURVE ( 'NONE', #347, #2286, #2244, .T. ) ;
#210 = CARTESIAN_POINT ( 'NONE',  ( -2.617773269550204507, -0.9964013659952456470, 3.669999999999999485 ) ) ;
#211 = PLANE ( 'NONE',  #613 ) ;
#212 = EDGE_LOOP ( 'NONE', ( #1175, #707 ) ) ;
#213 = CARTESIAN_POINT ( 'NONE',  ( -1.267773269550204196, -0.7964013659952455804, 0.9691448775255496750 ) ) ;
#214 = ORIENTED_EDGE ( 'NONE', *, *, #831, .T. ) ;
#215 = FACE_BOUND ( 'NONE', #1874, .T. ) ;
#216 = FACE_OUTER_BOUND ( 'NONE', #2220, .T. ) ;
#217 = LINE ( 'NONE', #411, #401 ) ;
#218 = UNCERTAINTY_MEASURE_WITH_UNIT (LENGTH_MEASURE( 1.000000000000000082E-05 ), #1900, 'distance_accuracy_value', 'NONE');
#219 = VERTEX_POINT ( 'NONE', #595 ) ;
#220 = EDGE_LOOP ( 'NONE', ( #402, #2089, #1889, #1116, #854, #214 ) ) ;
#221 = EDGE_CURVE ( 'NONE', #1042, #1720, #1923, .T. ) ;
#222 = PLANE ( 'NONE',  #1103 ) ;
#223 = ORIENTED_EDGE ( 'NONE', *, *, #921, .T. ) ;
#224 = DIRECTION ( 'NONE',  ( 1.000000000000000000, -0.000000000000000000, -0.000000000000000000 ) ) ;
#225 = CARTESIAN_POINT ( 'NONE',  ( 1.362594413302707030, -3.016401365995245776, 3.279999999999999361 ) ) ;
#226 = CARTESIAN_POINT ( 'NONE',  ( 7.070977092352288551, -3.796401365995245136, 2.166981229344812299 ) ) ;
#227 = LINE ( 'NONE', #789, #2207 ) ;
#228 = PRESENTATION_LAYER_ASSIGNMENT (  '', '', ( #135 ) ) ;
#229 = AXIS2_PLACEMENT_3D ( 'NONE', #1040, #72, #263 ) ;
#230 = EDGE_LOOP ( 'NONE', ( #2251, #1799 ) ) ;
#231 = EDGE_CURVE ( 'NONE', #457, #2371, #1467, .T. ) ;
#232 = CIRCLE ( 'NONE', #1492, 0.1699999999999996514 ) ;
#233 = ORIENTED_EDGE ( 'NONE', *, *, #82, .F. ) ;
#234 = AXIS2_PLACEMENT_3D ( 'NONE', #210, #1339, #1890 ) ;
#235 = EDGE_CURVE ( 'NONE', #1582, #926, #227, .T. ) ;
#236 = DIRECTION ( 'NONE',  ( 1.000000000000000000, 0.000000000000000000, 0.000000000000000000 ) ) ;
#237 = ORIENTED_EDGE ( 'NONE', *, *, #403, .T. ) ;
#238 = STYLED_ITEM ( 'NONE', ( #123 ), #1672 ) ;
#239 = CARTESIAN_POINT ( 'NONE',  ( -2.917773269550204329, -1.226401365995245740, 2.949999999999999289 ) ) ;
#240 = AXIS2_PLACEMENT_3D ( 'NONE', #349, #98, #860 ) ;
#241 = DIRECTION ( 'NONE',  ( -1.284980352575412453E-16, 1.000000000000000000, 0.000000000000000000 ) ) ;
#242 = CARTESIAN_POINT ( 'NONE',  ( 7.179284793209352422, -3.796401365995245136, 1.297398990077831549 ) ) ;
#243 = EDGE_CURVE ( 'NONE', #1709, #200, #1870, .T. ) ;
#244 = CARTESIAN_POINT ( 'NONE',  ( -1.692773269550204684, -0.7964013659952458024, 3.894999999999999130 ) ) ;
#245 = ORIENTED_EDGE ( 'NONE', *, *, #963, .T. ) ;
#246 = ORIENTED_EDGE ( 'NONE', *, *, #372, .F. ) ;
#247 = CLOSED_SHELL ( 'NONE', ( #295, #1859, #587, #2398 ) ) ;
#248 = AXIS2_PLACEMENT_3D ( 'NONE', #1784, #261, #1195 ) ;
#249 = ORIENTED_EDGE ( 'NONE', *, *, #74, .F. ) ;
#250 = DIRECTION ( 'NONE',  ( -1.284980352575412453E-16, 1.000000000000000000, 0.000000000000000000 ) ) ;
#251 = CARTESIAN_POINT ( 'NONE',  ( -0.5177732695502045290, -0.9964013659952457580, 3.669999999999999485 ) ) ;
#252 = LINE ( 'NONE', #1203, #292 ) ;
#253 = FACE_BOUND ( 'NONE', #2262, .T. ) ;
#254 = VERTEX_POINT ( 'NONE', #369 ) ;
#255 = ORIENTED_EDGE ( 'NONE', *, *, #2165, .T. ) ;
#256 = CARTESIAN_POINT ( 'NONE',  ( -0.2177732695502039573, -0.7964013659952455804, 1.519144877525549386 ) ) ;
#257 = VERTEX_POINT ( 'NONE', #2291 ) ;
#258 = FILL_AREA_STYLE ('',( #1954 ) ) ;
#259 = DIRECTION ( 'NONE',  ( -1.000000000000000000, 0.000000000000000000, 0.000000000000000000 ) ) ;
#260 = CARTESIAN_POINT ( 'NONE',  ( -2.917773269550204329, -1.226401365995245740, 3.289999999999999147 ) ) ;
#261 = DIRECTION ( 'NONE',  ( 1.000000000000000000, 0.000000000000000000, 0.000000000000000000 ) ) ;
#262 = ADVANCED_FACE ( 'NONE', ( #974 ), #748, .F. ) ;
#263 = DIRECTION ( 'NONE',  ( 0.000000000000000000, 0.000000000000000000, 1.000000000000000000 ) ) ;
#264 = VECTOR ( 'NONE', #68, 100.0000000000000000 ) ;
#265 = CIRCLE ( 'NONE', #378, 0.1500000000000001332 ) ;
#266 = DIRECTION ( 'NONE',  ( 1.000000000000000000, -8.260587980841938780E-17, 0.000000000000000000 ) ) ;
#267 = ORIENTED_EDGE ( 'NONE', *, *, #1976, .F. ) ;
#268 = ORIENTED_EDGE ( 'NONE', *, *, #158, .F. ) ;
#269 = ADVANCED_FACE ( 'NONE', ( #1356 ), #1897, .F. ) ;
#270 = DIRECTION ( 'NONE',  ( -0.000000000000000000, -0.000000000000000000, -1.000000000000000000 ) ) ;
#271 = CARTESIAN_POINT ( 'NONE',  ( -2.617773269550204507, -3.496401365995244870, 3.669999999999999485 ) ) ;
#272 = AXIS2_PLACEMENT_3D ( 'NONE', #2068, #365, #1159 ) ;
#273 = DIRECTION ( 'NONE',  ( -0.000000000000000000, -1.000000000000000000, -0.000000000000000000 ) ) ;
#274 = CARTESIAN_POINT ( 'NONE',  ( 3.557594413302705760, -0.7964013659952458024, 3.894999999999999130 ) ) ;
#275 = SURFACE_SIDE_STYLE ('',( #1206 ) ) ;
#276 = ORIENTED_EDGE ( 'NONE', *, *, #2047, .T. ) ;
#277 = ORIENTED_EDGE ( 'NONE', *, *, #1655, .F. ) ;
#278 = CLOSED_SHELL ( 'NONE', ( #1872, #1919, #1984, #1550, #2214, #2271, #1029, #1884, #556, #1462, #181, #1112, #1222, #646, #1779, #1839, #758, #2098, #1253, #1902, #808, #1898, #2180, #1047, #1431, #1294, #2126, #332, #408, #121 ) ) ;
#279 = PLANE ( 'NONE',  #1991 ) ;
#280 = FACE_OUTER_BOUND ( 'NONE', #936, .T. ) ;
#281 = CARTESIAN_POINT ( 'NONE',  ( -1.867773269550204729, -0.9964013659952456470, 3.669999999999999485 ) ) ;
#282 = UNCERTAINTY_MEASURE_WITH_UNIT (LENGTH_MEASURE( 1.000000000000000082E-05 ), #807, 'distance_accuracy_value', 'NONE');
#283 = CARTESIAN_POINT ( 'NONE',  ( 5.032594413302706293, -3.496401365995244870, 3.669999999999999485 ) ) ;
#284 = LINE ( 'NONE', #49, #1508 ) ;
#285 = ORIENTED_EDGE ( 'NONE', *, *, #2124, .T. ) ;
#286 = EDGE_CURVE ( 'NONE', #479, #1530, #217, .T. ) ;
#287 = ORIENTED_EDGE ( 'NONE', *, *, #2165, .F. ) ;
#288 = CARTESIAN_POINT ( 'NONE',  ( 4.732594413302705583, -0.9964013659952457580, 1.519144877525549386 ) ) ;
#289 = CARTESIAN_POINT ( 'NONE',  ( 5.032594413302706293, -0.7964013659952455804, 3.669999999999999485 ) ) ;
#290 = DIRECTION ( 'NONE',  ( 1.000000000000000000, -0.000000000000000000, -0.000000000000000000 ) ) ;
#291 = CARTESIAN_POINT ( 'NONE',  ( -1.267773269550204640, -0.7964013659952455804, 3.669999999999999485 ) ) ;
#292 = VECTOR ( 'NONE', #1012, 100.0000000000000000 ) ;
#293 = AXIS2_PLACEMENT_3D ( 'NONE', #1866, #1828, #681 ) ;
#294 = ORIENTED_EDGE ( 'NONE', *, *, #1045, .F. ) ;
#295 = ADVANCED_FACE ( 'NONE', ( #1724 ), #174, .T. ) ;
#296 = CIRCLE ( 'NONE', #136, 0.1500000000000001332 ) ;
#297 = CIRCLE ( 'NONE', #95, 0.1500000000000000500 ) ;
#298 = VERTEX_POINT ( 'NONE', #2435 ) ;
#299 = CARTESIAN_POINT ( 'NONE',  ( 0.2822267304497961260, -3.496401365995244870, 1.519144877525549386 ) ) ;
#300 = AXIS2_PLACEMENT_3D ( 'NONE', #2005, #142, #1248 ) ;
#301 = CYLINDRICAL_SURFACE ( 'NONE', #2274, 0.1600000000000000866 ) ;
#302 = DIRECTION ( 'NONE',  ( -1.309225264888156130E-16, 1.000000000000000000, -0.000000000000000000 ) ) ;
#303 = DIRECTION ( 'NONE',  ( -1.284980352575412453E-16, 1.000000000000000000, 0.000000000000000000 ) ) ;
#304 = EDGE_CURVE ( 'NONE', #1132, #298, #2439, .T. ) ;
#305 = VECTOR ( 'NONE', #658, 100.0000000000000000 ) ;
#306 = CARTESIAN_POINT ( 'NONE',  ( -2.917773269550203885, -3.496401365995245758, 1.519144877525549386 ) ) ;
#307 = DIRECTION ( 'NONE',  ( -1.284980352575412453E-16, 1.000000000000000000, 0.000000000000000000 ) ) ;
#308 = ORIENTED_EDGE ( 'NONE', *, *, #1038, .T. ) ;
#309 = ORIENTED_EDGE ( 'NONE', *, *, #2438, .F. ) ;
#310 = CARTESIAN_POINT ( 'NONE',  ( 5.032594413302706293, -1.226401365995245740, 3.119999999999999662 ) ) ;
#311 =( LENGTH_UNIT ( ) NAMED_UNIT ( * ) SI_UNIT ( .CENTI., .METRE. ) );
#312 = VERTEX_POINT ( 'NONE', #988 ) ;
#313 = VECTOR ( 'NONE', #1347, 100.0000000000000000 ) ;
#314 = DIRECTION ( 'NONE',  ( -1.284980352575412453E-16, 1.000000000000000000, 0.000000000000000000 ) ) ;
#315 = CARTESIAN_POINT ( 'NONE',  ( -2.617773269550204507, -3.496401365995245758, 1.519144877525549386 ) ) ;
#316 = CARTESIAN_POINT ( 'NONE',  ( -0.5177732695502041960, -3.016401365995245776, 2.959999999999999520 ) ) ;
#317 = AXIS2_PLACEMENT_3D ( 'NONE', #6, #1912, #2101 ) ;
#318 = EDGE_CURVE ( 'NONE', #1498, #1645, #1164, .T. ) ;
#319 = CARTESIAN_POINT ( 'NONE',  ( -2.917773269550204329, -0.7964013659952460245, 1.519144877525549386 ) ) ;
#320 = FACE_OUTER_BOUND ( 'NONE', #2171, .T. ) ;
#321 = ORIENTED_EDGE ( 'NONE', *, *, #221, .F. ) ;
#322 = ADVANCED_FACE ( 'NONE', ( #1517 ), #2256, .T. ) ;
#323 = VERTEX_POINT ( 'NONE', #34 ) ;
#324 = DIRECTION ( 'NONE',  ( -1.000000000000000000, 0.000000000000000000, 0.000000000000000000 ) ) ;
#325 = CARTESIAN_POINT ( 'NONE',  ( 4.732594413302705583, -3.496401365995244870, 1.519144877525549386 ) ) ;
#326 = VERTEX_POINT ( 'NONE', #2073 ) ;
#327 = CARTESIAN_POINT ( 'NONE',  ( 2.632594413302705938, -1.226401365995245740, 3.289999999999999147 ) ) ;
#328 = FACE_OUTER_BOUND ( 'NONE', #2174, .T. ) ;
#329 = FACE_OUTER_BOUND ( 'NONE', #120, .T. ) ;
#330 = DIRECTION ( 'NONE',  ( 1.000000000000000000, -0.000000000000000000, -0.000000000000000000 ) ) ;
#331 = ORIENTED_EDGE ( 'NONE', *, *, #360, .F. ) ;
#332 = ADVANCED_FACE ( 'NONE', ( #2050 ), #203, .T. ) ;
#333 = AXIS2_PLACEMENT_3D ( 'NONE', #890, #2377, #692 ) ;
#334 = ORIENTED_EDGE ( 'NONE', *, *, #1440, .F. ) ;
#335 = CARTESIAN_POINT ( 'NONE',  ( 3.382594413302705938, -0.9964013659952456470, 3.669999999999999485 ) ) ;
#336 = AXIS2_PLACEMENT_3D ( 'NONE', #2222, #504, #1652 ) ;
#337 = DIRECTION ( 'NONE',  ( -1.284980352575412453E-16, 1.000000000000000000, 0.000000000000000000 ) ) ;
#338 = EDGE_CURVE ( 'NONE', #219, #1267, #358, .T. ) ;
#339 = ADVANCED_FACE ( 'NONE', ( #2268 ), #2424, .T. ) ;
#340 = DIRECTION ( 'NONE',  ( 1.000000000000000000, 0.000000000000000000, -0.000000000000000000 ) ) ;
#341 = DIRECTION ( 'NONE',  ( 0.000000000000000000, -0.000000000000000000, 1.000000000000000000 ) ) ;
#342 = EDGE_LOOP ( 'NONE', ( #749, #1471, #1137, #1953 ) ) ;
#343 = CIRCLE ( 'NONE', #1734, 0.1500000000000001332 ) ;
#344 = CARTESIAN_POINT ( 'NONE',  ( 5.032594413302706293, -3.496401365995244870, 3.669999999999999485 ) ) ;
#345 = FACE_OUTER_BOUND ( 'NONE', #1279, .T. ) ;
#346 = FACE_OUTER_BOUND ( 'NONE', #1031, .T. ) ;
#347 = VERTEX_POINT ( 'NONE', #1412 ) ;
#348 = VERTEX_POINT ( 'NONE', #281 ) ;
#349 = CARTESIAN_POINT ( 'NONE',  ( -1.567773269550204462, -0.9964013659952456470, 1.244144877525549697 ) ) ;
#350 =( NAMED_UNIT ( * ) PLANE_ANGLE_UNIT ( ) SI_UNIT ( $, .RADIAN. ) );
#351 = CARTESIAN_POINT ( 'NONE',  ( 3.382594413302705938, -0.7964013659952455804, 0.9691448775255496750 ) ) ;
#352 = EDGE_LOOP ( 'NONE', ( #2083, #1849, #2051, #1562 ) ) ;
#353 = DIRECTION ( 'NONE',  ( -1.309225264888156130E-16, 1.000000000000000000, -0.000000000000000000 ) ) ;
#354 = VERTEX_POINT ( 'NONE', #1001 ) ;
#355 = DIRECTION ( 'NONE',  ( 1.000000000000000000, -0.000000000000000000, -0.000000000000000000 ) ) ;
#356 = CARTESIAN_POINT ( 'NONE',  ( 0.7157427559643004811, -0.7964013659952454693, 1.297398990077831549 ) ) ;
#357 = VECTOR ( 'NONE', #2021, 100.0000000000000000 ) ;
#358 = LINE ( 'NONE', #777, #2358 ) ;
#359 = ORIENTED_EDGE ( 'NONE', *, *, #2368, .F. ) ;
#360 = EDGE_CURVE ( 'NONE', #2045, #1139, #1587, .T. ) ;
#361 = VERTEX_POINT ( 'NONE', #1576 ) ;
#362 = DIRECTION ( 'NONE',  ( 1.000000000000000000, -8.260587980841938780E-17, 0.000000000000000000 ) ) ;
#363 = CARTESIAN_POINT ( 'NONE',  ( 1.362594413302707030, -1.226401365995245740, 3.289999999999999147 ) ) ;
#364 = ORIENTED_EDGE ( 'NONE', *, *, #2438, .T. ) ;
#365 = DIRECTION ( 'NONE',  ( -1.284980352575412453E-16, 1.000000000000000000, 0.000000000000000000 ) ) ;
#366 = EDGE_LOOP ( 'NONE', ( #685, #171 ) ) ;
#367 = CARTESIAN_POINT ( 'NONE',  ( 7.220977092352288906, -3.796401365995245136, 2.166981229344812299 ) ) ;
#368 = CARTESIAN_POINT ( 'NONE',  ( 3.707594413302706116, -0.9964013659952457580, 3.894999999999999130 ) ) ;
#369 = CARTESIAN_POINT ( 'NONE',  ( -1.267773269550204862, -0.9964013659952457580, 3.669999999999999485 ) ) ;
#370 = ORIENTED_EDGE ( 'NONE', *, *, #161, .T. ) ;
#371 = ADVANCED_FACE ( 'NONE', ( #1027, #2155, #837 ), #618, .F. ) ;
#372 = EDGE_CURVE ( 'NONE', #1757, #1282, #508, .T. ) ;
#373 = EDGE_LOOP ( 'NONE', ( #832, #545, #817, #934 ) ) ;
#374 = DIRECTION ( 'NONE',  ( -1.309225264888156130E-16, 1.000000000000000000, -0.000000000000000000 ) ) ;
#375 = CARTESIAN_POINT ( 'NONE',  ( 5.532594413302706293, -3.496401365995244870, 1.519144877525549386 ) ) ;
#376 = EDGE_LOOP ( 'NONE', ( #1318, #1867, #430, #476 ) ) ;
#377 = AXIS2_PLACEMENT_3D ( 'NONE', #1760, #241, #1564 ) ;
#378 = AXIS2_PLACEMENT_3D ( 'NONE', #226, #1000, #1911 ) ;
#379 = LINE ( 'NONE', #1908, #1851 ) ;
#380 = ORIENTED_EDGE ( 'NONE', *, *, #583, .T. ) ;
#381 = DIRECTION ( 'NONE',  ( -1.000000000000000000, -1.284980352575412453E-16, 0.000000000000000000 ) ) ;
#382 = DIRECTION ( 'NONE',  ( 1.000000000000000000, -0.000000000000000000, -0.000000000000000000 ) ) ;
#383 = VECTOR ( 'NONE', #1719, 100.0000000000000000 ) ;
#384 = EDGE_CURVE ( 'NONE', #1357, #257, #1049, .T. ) ;
#385 = DIRECTION ( 'NONE',  ( -1.000000000000000000, 0.000000000000000000, 0.000000000000000000 ) ) ;
#386 = VECTOR ( 'NONE', #355, 100.0000000000000000 ) ;
#387 = EDGE_LOOP ( 'NONE', ( #767, #440, #591, #622 ) ) ;
#388 = EDGE_LOOP ( 'NONE', ( #1437, #233, #2296, #2432 ) ) ;
#389 = AXIS2_PLACEMENT_3D ( 'NONE', #2014, #477, #324 ) ;
#390 = CARTESIAN_POINT ( 'NONE',  ( -2.917773269550204329, -1.226401365995245740, 3.119999999999999662 ) ) ;
#391 = DIRECTION ( 'NONE',  ( -1.000000000000000000, 0.000000000000000000, 0.000000000000000000 ) ) ;
#392 = ORIENTED_EDGE ( 'NONE', *, *, #1559, .F. ) ;
#393 = DIRECTION ( 'NONE',  ( -1.000000000000000000, 0.000000000000000000, 0.000000000000000000 ) ) ;
#394 = ORIENTED_EDGE ( 'NONE', *, *, #1335, .F. ) ;
#395 = FACE_OUTER_BOUND ( 'NONE', #1942, .T. ) ;
#396 = DIRECTION ( 'NONE',  ( 1.000000000000000000, -0.000000000000000000, -0.000000000000000000 ) ) ;
#397 = DIRECTION ( 'NONE',  ( -1.284980352575412453E-16, 1.000000000000000000, 0.000000000000000000 ) ) ;
#398 = EDGE_CURVE ( 'NONE', #62, #64, #800, .T. ) ;
#399 = ORIENTED_EDGE ( 'NONE', *, *, #1156, .F. ) ;
#400 = CLOSED_SHELL ( 'NONE', ( #1466, #1873, #1502, #159, #1066, #1739, #1052, #598, #1274, #371, #269, #1581, #1368, #2087, #2373, #470, #951, #1618, #1761, #1202, #2221, #1319, #1433, #1825, #1263, #1255, #322, #2386, #1958, #2195 ) ) ;
#401 = VECTOR ( 'NONE', #1306, 100.0000000000000000 ) ;
#402 = ORIENTED_EDGE ( 'NONE', *, *, #471, .F. ) ;
#403 = EDGE_CURVE ( 'NONE', #257, #1789, #90, .T. ) ;
#404 = FACE_OUTER_BOUND ( 'NONE', #1230, .T. ) ;
#405 = ORIENTED_EDGE ( 'NONE', *, *, #1765, .T. ) ;
#406 = FACE_OUTER_BOUND ( 'NONE', #7, .T. ) ;
#407 = CARTESIAN_POINT ( 'NONE',  ( -1.867773269550204729, -0.7964013659952455804, 4.169999999999999041 ) ) ;
#408 = ADVANCED_FACE ( 'NONE', ( #1775 ), #452, .T. ) ;
#409 = ADVANCED_FACE ( 'NONE', ( #2333 ), #649, .T. ) ;
#410 = CARTESIAN_POINT ( 'NONE',  ( 1.362594413302707030, -1.226401365995245740, 2.949999999999999289 ) ) ;
#411 = CARTESIAN_POINT ( 'NONE',  ( -1.267773269550204418, -0.7964013659952455804, 1.519144877525549386 ) ) ;
#412 = ORIENTED_EDGE ( 'NONE', *, *, #1585, .T. ) ;
#413 = ORIENTED_EDGE ( 'NONE', *, *, #496, .T. ) ;
#414 = CARTESIAN_POINT ( 'NONE',  ( -0.5177732695502045290, -3.496401365995246202, 3.669999999999999485 ) ) ;
#415 = ORIENTED_EDGE ( 'NONE', *, *, #1952, .F. ) ;
#416 = VECTOR ( 'NONE', #1806, 100.0000000000000000 ) ;
#417 = EDGE_CURVE ( 'NONE', #726, #635, #1198, .T. ) ;
#418 = PLANE ( 'NONE',  #149 ) ;
#419 = ADVANCED_FACE ( 'NONE', ( #1937 ), #1366, .T. ) ;
#420 = DIRECTION ( 'NONE',  ( -0.000000000000000000, -0.000000000000000000, -1.000000000000000000 ) ) ;
#421 = VECTOR ( 'NONE', #760, 100.0000000000000000 ) ;
#422 = DIRECTION ( 'NONE',  ( 0.000000000000000000, 0.000000000000000000, -1.000000000000000000 ) ) ;
#423 = CARTESIAN_POINT ( 'NONE',  ( -0.2177732695502039573, -3.496401365995244870, 3.669999999999999485 ) ) ;
#424 = AXIS2_PLACEMENT_3D ( 'NONE', #864, #1245, #1993 ) ;
#425 = VERTEX_POINT ( 'NONE', #1586 ) ;
#426 = PRESENTATION_STYLE_ASSIGNMENT (( #1649 ) ) ;
#427 = VECTOR ( 'NONE', #1631, 100.0000000000000000 ) ;
#428 = ORIENTED_EDGE ( 'NONE', *, *, #1033, .T. ) ;
#429 = AXIS2_PLACEMENT_3D ( 'NONE', #390, #938, #1688 ) ;
#430 = ORIENTED_EDGE ( 'NONE', *, *, #1715, .T. ) ;
#431 = COLOUR_RGB ( '',0.7921568627450980005, 0.8196078431372548767, 0.9333333333333333481 ) ;
#432 = CARTESIAN_POINT ( 'NONE',  ( -1.267773269550204640, -0.7964013659952455804, 4.169999999999999041 ) ) ;
#433 = FILL_AREA_STYLE ('',( #823 ) ) ;
#434 = DIRECTION ( 'NONE',  ( -3.154042683594196107E-16, 0.000000000000000000, 1.000000000000000000 ) ) ;
#435 = FACE_BOUND ( 'NONE', #2292, .T. ) ;
#436 = ORIENTED_EDGE ( 'NONE', *, *, #752, .F. ) ;
#437 = ORIENTED_EDGE ( 'NONE', *, *, #480, .T. ) ;
#438 = AXIS2_PLACEMENT_3D ( 'NONE', #119, #2034, #2408 ) ;
#439 = AXIS2_PLACEMENT_3D ( 'NONE', #1183, #2123, #1948 ) ;
#440 = ORIENTED_EDGE ( 'NONE', *, *, #209, .F. ) ;
#441 = DIRECTION ( 'NONE',  ( 1.000000000000000000, 0.000000000000000000, 0.000000000000000000 ) ) ;
#442 = LINE ( 'NONE', #1573, #2310 ) ;
#443 = EDGE_CURVE ( 'NONE', #28, #676, #811, .T. ) ;
#444 = DIRECTION ( 'NONE',  ( 0.000000000000000000, 1.000000000000000000, 0.000000000000000000 ) ) ;
#445 = CARTESIAN_POINT ( 'NONE',  ( 3.382594413302705938, -0.9964013659952456470, 0.9691448775255496750 ) ) ;
#446 = ORIENTED_EDGE ( 'NONE', *, *, #2148, .T. ) ;
#447 = EDGE_CURVE ( 'NONE', #559, #2430, #1511, .T. ) ;
#448 = ORIENTED_EDGE ( 'NONE', *, *, #2317, .T. ) ;
#449 = CARTESIAN_POINT ( 'NONE',  ( -1.717773269550204596, -0.9964013659952456470, 1.244144877525549697 ) ) ;
#450 = SURFACE_STYLE_USAGE ( .BOTH. , #2131 ) ;
#451 = DIRECTION ( 'NONE',  ( 0.000000000000000000, 0.000000000000000000, -1.000000000000000000 ) ) ;
#452 = PLANE ( 'NONE',  #960 ) ;
#453 = DIRECTION ( 'NONE',  ( -1.000000000000000000, 0.000000000000000000, 0.000000000000000000 ) ) ;
#454 = AXIS2_PLACEMENT_3D ( 'NONE', #1096, #160, #733 ) ;
#455 = VERTEX_POINT ( 'NONE', #244 ) ;
#456 = AXIS2_PLACEMENT_3D ( 'NONE', #1396, #459, #1750 ) ;
#457 = VERTEX_POINT ( 'NONE', #1753 ) ;
#458 = FACE_OUTER_BOUND ( 'NONE', #2013, .T. ) ;
#459 = DIRECTION ( 'NONE',  ( -1.000000000000000000, 0.000000000000000000, 0.000000000000000000 ) ) ;
#460 = DIRECTION ( 'NONE',  ( 0.000000000000000000, 1.000000000000000000, 0.000000000000000000 ) ) ;
#461 = AXIS2_PLACEMENT_3D ( 'NONE', #2400, #528, #1635 ) ;
#462 = DIRECTION ( 'NONE',  ( 1.000000000000000000, 0.000000000000000000, 0.000000000000000000 ) ) ;
#463 = FACE_OUTER_BOUND ( 'NONE', #1797, .T. ) ;
#464 = ORIENTED_EDGE ( 'NONE', *, *, #1033, .F. ) ;
#465 = ORIENTED_EDGE ( 'NONE', *, *, #1978, .F. ) ;
#466 = CLOSED_SHELL ( 'NONE', ( #2092, #409, #1590, #339 ) ) ;
#467 = PLANE ( 'NONE',  #1813 ) ;
#468 = DIRECTION ( 'NONE',  ( -0.000000000000000000, -0.000000000000000000, -1.000000000000000000 ) ) ;
#469 = DIRECTION ( 'NONE',  ( 1.000000000000000000, -0.000000000000000000, -0.000000000000000000 ) ) ;
#470 = ADVANCED_FACE ( 'NONE', ( #435, #2133, #253 ), #1013, .F. ) ;
#471 = EDGE_CURVE ( 'NONE', #532, #1701, #1215, .T. ) ;
#472 = CARTESIAN_POINT ( 'NONE',  ( 2.332594413302706560, -3.496401365995245758, 1.519144877525549386 ) ) ;
#473 = CYLINDRICAL_SURFACE ( 'NONE', #982, 0.1500000000000000500 ) ;
#474 = DIRECTION ( 'NONE',  ( -8.462065736472231082E-17, -1.000000000000000000, 0.000000000000000000 ) ) ;
#475 = ORIENTED_EDGE ( 'NONE', *, *, #480, .F. ) ;
#476 = ORIENTED_EDGE ( 'NONE', *, *, #2289, .T. ) ;
#477 = DIRECTION ( 'NONE',  ( -1.284980352575412453E-16, 1.000000000000000000, 0.000000000000000000 ) ) ;
#478 = DIRECTION ( 'NONE',  ( 0.000000000000000000, 0.000000000000000000, -1.000000000000000000 ) ) ;
#479 = VERTEX_POINT ( 'NONE', #104 ) ;
#480 = EDGE_CURVE ( 'NONE', #1633, #1769, #1707, .T. ) ;
#481 = LINE ( 'NONE', #1069, #1538 ) ;
#482 = CARTESIAN_POINT ( 'NONE',  ( -1.867773269550204729, -0.9964013659952456470, 4.169999999999999041 ) ) ;
#483 = FACE_OUTER_BOUND ( 'NONE', #220, .T. ) ;
#484 = DIRECTION ( 'NONE',  ( 1.000000000000000000, 0.000000000000000000, 0.000000000000000000 ) ) ;
#485 = FACE_OUTER_BOUND ( 'NONE', #1209, .T. ) ;
#486 = ORIENTED_EDGE ( 'NONE', *, *, #50, .T. ) ;
#487 = VECTOR ( 'NONE', #1018, 100.0000000000000000 ) ;
#488 = ORIENTED_EDGE ( 'NONE', *, *, #2236, .T. ) ;
#489 = CYLINDRICAL_SURFACE ( 'NONE', #538, 0.1600000000000000866 ) ;
#490 = DIRECTION ( 'NONE',  ( 0.000000000000000000, 0.000000000000000000, 1.000000000000000000 ) ) ;
#491 = CIRCLE ( 'NONE', #2343, 0.1700000000000000122 ) ;
#492 = ORIENTED_EDGE ( 'NONE', *, *, #1299, .T. ) ;
#493 = DIRECTION ( 'NONE',  ( 1.000000000000000000, -0.000000000000000000, -0.000000000000000000 ) ) ;
#494 = DIRECTION ( 'NONE',  ( 1.000000000000000000, -0.000000000000000000, -0.000000000000000000 ) ) ;
#495 = LINE ( 'NONE', #157, #2152 ) ;
#496 = EDGE_CURVE ( 'NONE', #219, #254, #2369, .T. ) ;
#497 =( GEOMETRIC_REPRESENTATION_CONTEXT ( 3 ) GLOBAL_UNCERTAINTY_ASSIGNED_CONTEXT ( ( #1529 ) ) GLOBAL_UNIT_ASSIGNED_CONTEXT ( ( #873, #2001, #2172 ) ) REPRESENTATION_CONTEXT ( 'NONE', 'WORKASPACE' ) );
#498 = DIRECTION ( 'NONE',  ( 0.000000000000000000, 0.000000000000000000, -1.000000000000000000 ) ) ;
#499 = CARTESIAN_POINT ( 'NONE',  ( -1.867773269550204729, -0.7964013659952455804, 1.519144877525549386 ) ) ;
#500 = VERTEX_POINT ( 'NONE', #291 ) ;
#501 = ORIENTED_EDGE ( 'NONE', *, *, #1239, .F. ) ;
#502 = CARTESIAN_POINT ( 'NONE',  ( 0.6074350551072372761, -0.7964013659952454693, 2.166981229344812299 ) ) ;
#503 = ORIENTED_EDGE ( 'NONE', *, *, #132, .F. ) ;
#504 = DIRECTION ( 'NONE',  ( -1.284980352575412453E-16, 1.000000000000000000, 0.000000000000000000 ) ) ;
#505 = CARTESIAN_POINT ( 'NONE',  ( -1.267773269550204640, -0.7964013659952455804, 4.169999999999999041 ) ) ;
#506 = DIRECTION ( 'NONE',  ( -8.462065736472231082E-17, -1.000000000000000000, 0.000000000000000000 ) ) ;
#507 = EDGE_CURVE ( 'NONE', #535, #1927, #1842, .T. ) ;
#508 = CIRCLE ( 'NONE', #2011, 0.1600000000000000866 ) ;
#509 = LINE ( 'NONE', #2243, #1926 ) ;
#510 = CARTESIAN_POINT ( 'NONE',  ( 3.857594413302706471, -0.7964013659952458024, 3.894999999999999130 ) ) ;
#511 = EDGE_LOOP ( 'NONE', ( #1714, #2273 ) ) ;
#512 = EDGE_CURVE ( 'NONE', #9, #257, #495, .T. ) ;
#513 = EDGE_CURVE ( 'NONE', #997, #2361, #232, .T. ) ;
#514 = ORIENTED_EDGE ( 'NONE', *, *, #1479, .T. ) ;
#515 = DIRECTION ( 'NONE',  ( 1.000000000000000000, 0.000000000000000000, 0.000000000000000000 ) ) ;
#516 = LINE ( 'NONE', #1258, #686 ) ;
#517 = ORIENTED_EDGE ( 'NONE', *, *, #235, .F. ) ;
#518 = FACE_OUTER_BOUND ( 'NONE', #93, .T. ) ;
#519 = CARTESIAN_POINT ( 'NONE',  ( 3.982594413302705583, -0.9964013659952457580, 3.669999999999999485 ) ) ;
#520 = EDGE_LOOP ( 'NONE', ( #1972, #2135, #755, #412, #1032, #948, #793, #277, #2440, #148, #492, #86 ) ) ;
#521 = CARTESIAN_POINT ( 'NONE',  ( 3.982594413302706471, -0.9964013659952456470, 0.9691448775255496750 ) ) ;
#522 = CARTESIAN_POINT ( 'NONE',  ( 3.382594413302705938, -0.9964013659952456470, 4.169999999999999041 ) ) ;
#523 = DIRECTION ( 'NONE',  ( 1.000000000000000000, -0.000000000000000000, -0.000000000000000000 ) ) ;
#524 = ORIENTED_EDGE ( 'NONE', *, *, #665, .T. ) ;
#525 = VECTOR ( 'NONE', #494, 100.0000000000000000 ) ;
#526 = ORIENTED_EDGE ( 'NONE', *, *, #1216, .T. ) ;
#527 = VECTOR ( 'NONE', #1365, 100.0000000000000000 ) ;
#528 = DIRECTION ( 'NONE',  ( 1.000000000000000000, 0.000000000000000000, 0.000000000000000000 ) ) ;
#529 =( GEOMETRIC_REPRESENTATION_CONTEXT ( 3 ) GLOBAL_UNCERTAINTY_ASSIGNED_CONTEXT ( ( #282 ) ) GLOBAL_UNIT_ASSIGNED_CONTEXT ( ( #807, #2151, #637 ) ) REPRESENTATION_CONTEXT ( 'NONE', 'WORKASPACE' ) );
#530 = CIRCLE ( 'NONE', #1929, 0.1600000000000000866 ) ;
#531 = LINE ( 'NONE', #1535, #1442 ) ;
#532 = VERTEX_POINT ( 'NONE', #1060 ) ;
#533 = CARTESIAN_POINT ( 'NONE',  ( 3.982594413302706471, -0.7964013659952455804, 0.9691448775255496750 ) ) ;
#534 = DIRECTION ( 'NONE',  ( 1.000000000000000000, 0.000000000000000000, 0.000000000000000000 ) ) ;
#535 = VERTEX_POINT ( 'NONE', #2378 ) ;
#536 = AXIS2_PLACEMENT_3D ( 'NONE', #17, #3, #1542 ) ;
#537 = CARTESIAN_POINT ( 'NONE',  ( -2.617773269550204507, -3.496401365995244870, 3.669999999999999485 ) ) ;
#538 = AXIS2_PLACEMENT_3D ( 'NONE', #1648, #1614, #2384 ) ;
#539 = CARTESIAN_POINT ( 'NONE',  ( 0.9074350551072375426, -0.7964013659952454693, 2.166981229344812299 ) ) ;
#540 = EDGE_CURVE ( 'NONE', #751, #122, #1287, .T. ) ;
#541 = CARTESIAN_POINT ( 'NONE',  ( 1.362594413302707030, -3.016401365995245776, 3.119999999999999662 ) ) ;
#542 = VERTEX_POINT ( 'NONE', #1654 ) ;
#543 = VECTOR ( 'NONE', #592, 100.0000000000000000 ) ;
#544 = VECTOR ( 'NONE', #374, 100.0000000000000000 ) ;
#545 = ORIENTED_EDGE ( 'NONE', *, *, #2289, .F. ) ;
#546 = CARTESIAN_POINT ( 'NONE',  ( -3.887773269550203636, -1.226401365995245740, 2.949999999999999289 ) ) ;
#547 = VERTEX_POINT ( 'NONE', #116 ) ;
#548 = CARTESIAN_POINT ( 'NONE',  ( -0.2177732695502039573, -3.496401365995244870, 3.669999999999999485 ) ) ;
#549 = ORIENTED_EDGE ( 'NONE', *, *, #1941, .F. ) ;
#550 = DIRECTION ( 'NONE',  ( 1.000000000000000000, 0.000000000000000000, 0.000000000000000000 ) ) ;
#551 = EDGE_LOOP ( 'NONE', ( #990, #1964 ) ) ;
#552 = DIRECTION ( 'NONE',  ( 8.260587980841940012E-17, 1.000000000000000000, -0.000000000000000000 ) ) ;
#553 = VECTOR ( 'NONE', #1448, 100.0000000000000000 ) ;
#554 = EDGE_CURVE ( 'NONE', #2412, #751, #1986, .T. ) ;
#555 = CARTESIAN_POINT ( 'NONE',  ( -1.867773269550204729, -0.9964013659952456470, 4.169999999999999041 ) ) ;
#556 = ADVANCED_FACE ( 'NONE', ( #329 ), #1262, .F. ) ;
#557 = CARTESIAN_POINT ( 'NONE',  ( -1.867773269550204729, -0.7964013659952455804, 0.9691448775255496750 ) ) ;
#558 = VERTEX_POINT ( 'NONE', #1807 ) ;
#559 = VERTEX_POINT ( 'NONE', #316 ) ;
#560 = PLANE ( 'NONE',  #1932 ) ;
#561 = SURFACE_STYLE_FILL_AREA ( #1340 ) ;
#562 = DIRECTION ( 'NONE',  ( -1.309225264888156130E-16, 1.000000000000000000, -0.000000000000000000 ) ) ;
#563 = ORIENTED_EDGE ( 'NONE', *, *, #1833, .T. ) ;
#564 = EDGE_CURVE ( 'NONE', #2412, #736, #879, .T. ) ;
#565 = DIRECTION ( 'NONE',  ( 1.000000000000000000, -0.000000000000000000, -0.000000000000000000 ) ) ;
#566 = ORIENTED_EDGE ( 'NONE', *, *, #2161, .T. ) ;
#567 = LINE ( 'NONE', #1171, #24 ) ;
#568 = DIRECTION ( 'NONE',  ( 0.000000000000000000, 0.000000000000000000, -1.000000000000000000 ) ) ;
#569 = CARTESIAN_POINT ( 'NONE',  ( 3.857594413302706471, -1.296401365995245802, 3.894999999999999130 ) ) ;
#570 = ORIENTED_EDGE ( 'NONE', *, *, #853, .T. ) ;
#571 = ORIENTED_EDGE ( 'NONE', *, *, #1283, .T. ) ;
#572 = CIRCLE ( 'NONE', #2108, 0.1500000000000001332 ) ;
#573 = CARTESIAN_POINT ( 'NONE',  ( 3.382594413302705938, -0.9964013659952456470, 0.9691448775255496750 ) ) ;
#574 = CARTESIAN_POINT ( 'NONE',  ( -1.392773269550204418, -1.296401365995245802, 3.894999999999999130 ) ) ;
#575 = ORIENTED_EDGE ( 'NONE', *, *, #1788, .T. ) ;
#576 = VECTOR ( 'NONE', #1594, 100.0000000000000000 ) ;
#577 = EDGE_CURVE ( 'NONE', #1949, #542, #1147, .T. ) ;
#578 = LINE ( 'NONE', #213, #994 ) ;
#579 = ORIENTED_EDGE ( 'NONE', *, *, #540, .T. ) ;
#580 = DIRECTION ( 'NONE',  ( -1.000000000000000000, 0.000000000000000000, 0.000000000000000000 ) ) ;
#581 = DIRECTION ( 'NONE',  ( 0.000000000000000000, 0.000000000000000000, -1.000000000000000000 ) ) ;
#582 = CARTESIAN_POINT ( 'NONE',  ( 0.7157427559643004811, -0.7964013659952454693, 1.297398990077831549 ) ) ;
#583 = EDGE_CURVE ( 'NONE', #1266, #2426, #904, .T. ) ;
#584 = ORIENTED_EDGE ( 'NONE', *, *, #146, .F. ) ;
#585 = ORIENTED_EDGE ( 'NONE', *, *, #2159, .F. ) ;
#586 = VECTOR ( 'NONE', #614, 100.0000000000000000 ) ;
#587 = ADVANCED_FACE ( 'NONE', ( #891 ), #1460, .F. ) ;
#588 = FACE_BOUND ( 'NONE', #230, .T. ) ;
#589 = EDGE_CURVE ( 'NONE', #763, #1981, #2176, .T. ) ;
#590 = DIRECTION ( 'NONE',  ( 1.000000000000000000, -0.000000000000000000, -0.000000000000000000 ) ) ;
#591 = ORIENTED_EDGE ( 'NONE', *, *, #1515, .T. ) ;
#592 = DIRECTION ( 'NONE',  ( -1.000000000000000000, -1.284980352575412453E-16, 0.000000000000000000 ) ) ;
#593 = CARTESIAN_POINT ( 'NONE',  ( 3.982594413302706471, -0.7964013659952455804, 4.169999999999999041 ) ) ;
#594 = DIRECTION ( 'NONE',  ( -1.000000000000000000, -1.284980352575412453E-16, 0.000000000000000000 ) ) ;
#595 = CARTESIAN_POINT ( 'NONE',  ( -1.267773269550204640, -0.9964013659952456470, 4.169999999999999041 ) ) ;
#596 = ORIENTED_EDGE ( 'NONE', *, *, #1193, .F. ) ;
#597 = COLOUR_RGB ( '',0.7921568627450980005, 0.8196078431372548767, 0.9333333333333333481 ) ;
#598 = ADVANCED_FACE ( 'NONE', ( #483 ), #1829, .T. ) ;
#599 = EDGE_LOOP ( 'NONE', ( #1480, #2206, #2, #741, #566, #1899 ) ) ;
#600 = EDGE_CURVE ( 'NONE', #719, #1009, #2213, .T. ) ;
#601 = DIRECTION ( 'NONE',  ( 1.000000000000000000, -0.000000000000000000, -0.000000000000000000 ) ) ;
#602 = EDGE_CURVE ( 'NONE', #2103, #1582, #1995, .T. ) ;
#603 = ORIENTED_EDGE ( 'NONE', *, *, #318, .F. ) ;
#604 = DIRECTION ( 'NONE',  ( -8.462065736472231082E-17, -1.000000000000000000, 0.000000000000000000 ) ) ;
#605 = EDGE_CURVE ( 'NONE', #28, #1468, #661, .T. ) ;
#606 = FACE_OUTER_BOUND ( 'NONE', #2114, .T. ) ;
#607 = DIRECTION ( 'NONE',  ( -0.000000000000000000, -0.000000000000000000, -1.000000000000000000 ) ) ;
#608 = DIRECTION ( 'NONE',  ( -1.000000000000000000, 0.000000000000000000, 0.000000000000000000 ) ) ;
#609 = ORIENTED_EDGE ( 'NONE', *, *, #1968, .F. ) ;
#610 = VERTEX_POINT ( 'NONE', #2099 ) ;
#611 = CARTESIAN_POINT ( 'NONE',  ( 3.707594413302706116, -1.296401365995245802, 3.894999999999999130 ) ) ;
#612 = ORIENTED_EDGE ( 'NONE', *, *, #1655, .T. ) ;
#613 = AXIS2_PLACEMENT_3D ( 'NONE', #375, #1717, #11 ) ;
#614 = DIRECTION ( 'NONE',  ( 0.000000000000000000, 1.000000000000000000, 0.000000000000000000 ) ) ;
#615 = DIRECTION ( 'NONE',  ( -1.000000000000000000, 0.000000000000000000, 0.000000000000000000 ) ) ;
#616 = AXIS2_PLACEMENT_3D ( 'NONE', #703, #341, #170 ) ;
#617 = LINE ( 'NONE', #410, #1728 ) ;
#618 = PLANE ( 'NONE',  #79 ) ;
#619 = ORIENTED_EDGE ( 'NONE', *, *, #1833, .F. ) ;
#620 = EDGE_CURVE ( 'NONE', #1927, #1003, #2254, .T. ) ;
#621 = VECTOR ( 'NONE', #2421, 100.0000000000000000 ) ;
#622 = ORIENTED_EDGE ( 'NONE', *, *, #780, .T. ) ;
#623 = EDGE_LOOP ( 'NONE', ( #778, #1713, #1393, #1256 ) ) ;
#624 = VECTOR ( 'NONE', #2297, 100.0000000000000000 ) ;
#625 = DIRECTION ( 'NONE',  ( 0.000000000000000000, 0.000000000000000000, -1.000000000000000000 ) ) ;
#626 = SURFACE_STYLE_FILL_AREA ( #433 ) ;
#627 = DIRECTION ( 'NONE',  ( 1.000000000000000000, -0.000000000000000000, -0.000000000000000000 ) ) ;
#628 = CARTESIAN_POINT ( 'NONE',  ( 0.7157427559643008141, -3.796401365995245136, 1.297398990077831549 ) ) ;
#629 = EDGE_CURVE ( 'NONE', #1357, #122, #1710, .T. ) ;
#630 = DIRECTION ( 'NONE',  ( 0.000000000000000000, -0.000000000000000000, 1.000000000000000000 ) ) ;
#631 = FILL_AREA_STYLE_COLOUR ( '', #597 ) ;
#632 = ORIENTED_EDGE ( 'NONE', *, *, #1702, .T. ) ;
#633 = VECTOR ( 'NONE', #1885, 100.0000000000000000 ) ;
#634 = AXIS2_PLACEMENT_3D ( 'NONE', #932, #1699, #1740 ) ;
#635 = VERTEX_POINT ( 'NONE', #2046 ) ;
#636 = CARTESIAN_POINT ( 'NONE',  ( 2.332594413302706116, -3.016401365995245776, 3.119999999999999662 ) ) ;
#637 =( NAMED_UNIT ( * ) SI_UNIT ( $, .STERADIAN. ) SOLID_ANGLE_UNIT ( ) );
#638 = EDGE_CURVE ( 'NONE', #2000, #2286, #567, .T. ) ;
#639 = CYLINDRICAL_SURFACE ( 'NONE', #1138, 0.1700000000000000122 ) ;
#640 = DIRECTION ( 'NONE',  ( 8.260587980841938780E-17, 1.000000000000000000, -0.000000000000000000 ) ) ;
#641 = CARTESIAN_POINT ( 'NONE',  ( 4.732594413302705583, -0.9964013659952457580, 3.669999999999999485 ) ) ;
#642 = CARTESIAN_POINT ( 'NONE',  ( 3.682594413302706204, -0.9964013659952456470, 1.244144877525549697 ) ) ;
#643 = EDGE_LOOP ( 'NONE', ( #1166, #619, #575, #916 ) ) ;
#644 = VERTEX_POINT ( 'NONE', #593 ) ;
#645 = DIRECTION ( 'NONE',  ( -0.000000000000000000, -0.000000000000000000, -1.000000000000000000 ) ) ;
#646 = ADVANCED_FACE ( 'NONE', ( #395 ), #1328, .T. ) ;
#647 = VECTOR ( 'NONE', #562, 100.0000000000000000 ) ;
#648 = LINE ( 'NONE', #271, #416 ) ;
#649 = CYLINDRICAL_SURFACE ( 'NONE', #1312, 0.1500000000000000500 ) ;
#650 = LINE ( 'NONE', #838, #1178 ) ;
#651 = VECTOR ( 'NONE', #420, 100.0000000000000000 ) ;
#652 = CIRCLE ( 'NONE', #1291, 0.1500000000000001332 ) ;
#653 = ORIENTED_EDGE ( 'NONE', *, *, #398, .F. ) ;
#654 = VECTOR ( 'NONE', #1235, 100.0000000000000000 ) ;
#655 = CIRCLE ( 'NONE', #1304, 0.1500000000000000500 ) ;
#656 = ORIENTED_EDGE ( 'NONE', *, *, #540, .F. ) ;
#657 = EDGE_CURVE ( 'NONE', #2430, #1169, #1882, .T. ) ;
#658 = DIRECTION ( 'NONE',  ( -0.000000000000000000, -1.000000000000000000, -0.000000000000000000 ) ) ;
#659 = LINE ( 'NONE', #1575, #1243 ) ;
#660 = VECTOR ( 'NONE', #1035, 100.0000000000000000 ) ;
#661 = LINE ( 'NONE', #1422, #1378 ) ;
#662 = FACE_OUTER_BOUND ( 'NONE', #1625, .T. ) ;
#663 = LINE ( 'NONE', #1579, #2129 ) ;
#664 = ORIENTED_EDGE ( 'NONE', *, *, #1771, .F. ) ;
#665 = EDGE_CURVE ( 'NONE', #48, #2179, #343, .T. ) ;
#666 = VECTOR ( 'NONE', #2230, 100.0000000000000000 ) ;
#667 = ORIENTED_EDGE ( 'NONE', *, *, #2049, .T. ) ;
#668 = VECTOR ( 'NONE', #1997, 100.0000000000000000 ) ;
#669 = DIRECTION ( 'NONE',  ( -1.284980352575412453E-16, 1.000000000000000000, 0.000000000000000000 ) ) ;
#670 = PLANE ( 'NONE',  #1685 ) ;
#671 = CARTESIAN_POINT ( 'NONE',  ( -0.2177732695502039573, -3.016401365995245776, 3.279999999999999361 ) ) ;
#672 = DIRECTION ( 'NONE',  ( -1.284980352575412453E-16, 1.000000000000000000, 0.000000000000000000 ) ) ;
#673 = DIRECTION ( 'NONE',  ( -0.000000000000000000, -0.000000000000000000, -1.000000000000000000 ) ) ;
#674 = CARTESIAN_POINT ( 'NONE',  ( -2.617773269550204507, -0.9964013659952456470, 3.669999999999999485 ) ) ;
#675 = ORIENTED_EDGE ( 'NONE', *, *, #2308, .F. ) ;
#676 = VERTEX_POINT ( 'NONE', #2225 ) ;
#677 = DIRECTION ( 'NONE',  ( 0.000000000000000000, 0.000000000000000000, -1.000000000000000000 ) ) ;
#678 = LINE ( 'NONE', #574, #647 ) ;
#679 = ORIENTED_EDGE ( 'NONE', *, *, #996, .F. ) ;
#680 = CARTESIAN_POINT ( 'NONE',  ( 3.982594413302706471, -0.7964013659952455804, 0.9691448775255496750 ) ) ;
#681 = DIRECTION ( 'NONE',  ( 0.000000000000000000, 0.000000000000000000, -1.000000000000000000 ) ) ;
#682 = DIRECTION ( 'NONE',  ( 0.000000000000000000, 0.000000000000000000, 1.000000000000000000 ) ) ;
#683 = CARTESIAN_POINT ( 'NONE',  ( -0.2177732695502039573, -3.016401365995245776, 2.959999999999999520 ) ) ;
#684 = CARTESIAN_POINT ( 'NONE',  ( -2.917773269550204329, -3.496401365995244870, 3.669999999999999485 ) ) ;
#685 = ORIENTED_EDGE ( 'NONE', *, *, #1278, .F. ) ;
#686 = VECTOR ( 'NONE', #88, 100.0000000000000000 ) ;
#687 = AXIS2_PLACEMENT_3D ( 'NONE', #791, #2293, #2113 ) ;
#688 = ORIENTED_EDGE ( 'NONE', *, *, #231, .T. ) ;
#689 = EDGE_CURVE ( 'NONE', #969, #1744, #190, .T. ) ;
#690 = DIRECTION ( 'NONE',  ( 1.000000000000000000, -0.000000000000000000, -0.000000000000000000 ) ) ;
#691 = VERTEX_POINT ( 'NONE', #407 ) ;
#692 = DIRECTION ( 'NONE',  ( -1.000000000000000000, 0.000000000000000000, 0.000000000000000000 ) ) ;
#693 = CARTESIAN_POINT ( 'NONE',  ( 0.2822267304497961260, -3.496401365995244870, 1.519144877525549386 ) ) ;
#694 = CIRCLE ( 'NONE', #992, 0.1700000000000000122 ) ;
#695 = LINE ( 'NONE', #880, #1338 ) ;
#696 = EDGE_CURVE ( 'NONE', #2417, #2341, #2071, .T. ) ;
#697 = CARTESIAN_POINT ( 'NONE',  ( 5.032594413302706293, -3.016401365995245776, 3.119999999999999662 ) ) ;
#698 = ORIENTED_EDGE ( 'NONE', *, *, #831, .F. ) ;
#699 = EDGE_LOOP ( 'NONE', ( #276, #956 ) ) ;
#700 =( NAMED_UNIT ( * ) PLANE_ANGLE_UNIT ( ) SI_UNIT ( $, .RADIAN. ) );
#701 = PRESENTATION_STYLE_ASSIGNMENT (( #450 ) ) ;
#702 = DIRECTION ( 'NONE',  ( 0.000000000000000000, 0.000000000000000000, -1.000000000000000000 ) ) ;
#703 = CARTESIAN_POINT ( 'NONE',  ( 5.532594413302706293, -3.496401365995244870, 1.519144877525549386 ) ) ;
#704 = CARTESIAN_POINT ( 'NONE',  ( 7.220977092352288906, -3.796401365995245136, 2.166981229344812299 ) ) ;
#705 = FACE_OUTER_BOUND ( 'NONE', #623, .T. ) ;
#706 = CARTESIAN_POINT ( 'NONE',  ( -1.717773269550204596, -0.7964013659952455804, 1.244144877525549697 ) ) ;
#707 = ORIENTED_EDGE ( 'NONE', *, *, #1613, .F. ) ;
#708 = ORIENTED_EDGE ( 'NONE', *, *, #883, .F. ) ;
#709 = CARTESIAN_POINT ( 'NONE',  ( 3.857594413302706471, -0.9964013659952457580, 3.894999999999999130 ) ) ;
#710 = CARTESIAN_POINT ( 'NONE',  ( 0.7574350551072377424, -3.796401365995245136, 2.166981229344812299 ) ) ;
#711 = ORIENTED_EDGE ( 'NONE', *, *, #1726, .T. ) ;
#712 = DIRECTION ( 'NONE',  ( -1.000000000000000000, 0.000000000000000000, 0.000000000000000000 ) ) ;
#713 = LINE ( 'NONE', #1819, #1023 ) ;
#714 = EDGE_LOOP ( 'NONE', ( #436, #1906, #1438, #790 ) ) ;
#715 = DIRECTION ( 'NONE',  ( 1.000000000000000000, -0.000000000000000000, -0.000000000000000000 ) ) ;
#716 = LINE ( 'NONE', #1487, #1843 ) ;
#717 = CARTESIAN_POINT ( 'NONE',  ( -0.2177732695502039573, -0.7964013659952455804, 3.669999999999999485 ) ) ;
#718 = AXIS2_PLACEMENT_3D ( 'NONE', #2261, #1143, #2080 ) ;
#719 = VERTEX_POINT ( 'NONE', #1895 ) ;
#720 = AXIS2_PLACEMENT_3D ( 'NONE', #2367, #1301, #2212 ) ;
#721 = EDGE_LOOP ( 'NONE', ( #1348, #1360, #1650, #2234 ) ) ;
#722 = AXIS2_PLACEMENT_3D ( 'NONE', #555, #2393, #1501 ) ;
#723 = LINE ( 'NONE', #546, #2153 ) ;
#724 = VECTOR ( 'NONE', #1084, 100.0000000000000000 ) ;
#725 = PLANE ( 'NONE',  #55 ) ;
#726 = VERTEX_POINT ( 'NONE', #186 ) ;
#727 = EDGE_CURVE ( 'NONE', #898, #1720, #491, .T. ) ;
#728 = CYLINDRICAL_SURFACE ( 'NONE', #1961, 0.1499999999999999667 ) ;
#729 = VERTEX_POINT ( 'NONE', #971 ) ;
#730 = VECTOR ( 'NONE', #1855, 100.0000000000000000 ) ;
#731 = DIRECTION ( 'NONE',  ( 1.000000000000000000, 0.000000000000000000, 0.000000000000000000 ) ) ;
#732 = EDGE_CURVE ( 'NONE', #772, #898, #2406, .T. ) ;
#733 = DIRECTION ( 'NONE',  ( 0.000000000000000000, 0.000000000000000000, -1.000000000000000000 ) ) ;
#734 = DIRECTION ( 'NONE',  ( -1.284980352575412453E-16, 1.000000000000000000, 0.000000000000000000 ) ) ;
#735 = EDGE_LOOP ( 'NONE', ( #1894, #1240, #743, #840 ) ) ;
#736 = VERTEX_POINT ( 'NONE', #1354 ) ;
#737 = EDGE_CURVE ( 'NONE', #2217, #1684, #1773, .T. ) ;
#738 = FACE_BOUND ( 'NONE', #2182, .T. ) ;
#739 = DIRECTION ( 'NONE',  ( 0.000000000000000000, 1.000000000000000000, 0.000000000000000000 ) ) ;
#740 = PLANE ( 'NONE',  #804 ) ;
#741 = ORIENTED_EDGE ( 'NONE', *, *, #1978, .T. ) ;
#742 = CARTESIAN_POINT ( 'NONE',  ( 3.382594413302705938, -0.9964013659952456470, 4.169999999999999041 ) ) ;
#743 = ORIENTED_EDGE ( 'NONE', *, *, #1613, .T. ) ;
#744 = DIRECTION ( 'NONE',  ( -1.284980352575412453E-16, 1.000000000000000000, 0.000000000000000000 ) ) ;
#745 = VECTOR ( 'NONE', #2205, 100.0000000000000000 ) ;
#746 = PLANE ( 'NONE',  #979 ) ;
#747 = AXIS2_PLACEMENT_3D ( 'NONE', #2325, #640, #2141 ) ;
#748 = PLANE ( 'NONE',  #830 ) ;
#749 = ORIENTED_EDGE ( 'NONE', *, *, #841, .T. ) ;
#750 = CARTESIAN_POINT ( 'NONE',  ( -0.2177732695502039573, -3.496401365995244870, 3.669999999999999485 ) ) ;
#751 = VERTEX_POINT ( 'NONE', #1315 ) ;
#752 = EDGE_CURVE ( 'NONE', #871, #1132, #1910, .T. ) ;
#753 = DIRECTION ( 'NONE',  ( -1.000000000000000000, 0.000000000000000000, 0.000000000000000000 ) ) ;
#754 = DIRECTION ( 'NONE',  ( 0.000000000000000000, -0.000000000000000000, 1.000000000000000000 ) ) ;
#755 = ORIENTED_EDGE ( 'NONE', *, *, #638, .T. ) ;
#756 = DIRECTION ( 'NONE',  ( 0.000000000000000000, 0.000000000000000000, -1.000000000000000000 ) ) ;
#757 = ORIENTED_EDGE ( 'NONE', *, *, #2074, .T. ) ;
#758 = ADVANCED_FACE ( 'NONE', ( #2060, #215, #1486 ), #1697, .F. ) ;
#759 = DIRECTION ( 'NONE',  ( 0.000000000000000000, 0.000000000000000000, -1.000000000000000000 ) ) ;
#760 = DIRECTION ( 'NONE',  ( -1.284980352575412453E-16, 1.000000000000000000, 0.000000000000000000 ) ) ;
#761 = DIRECTION ( 'NONE',  ( 0.000000000000000000, 0.000000000000000000, 1.000000000000000000 ) ) ;
#762 = ORIENTED_EDGE ( 'NONE', *, *, #605, .T. ) ;
#763 = VERTEX_POINT ( 'NONE', #367 ) ;
#764 = AXIS2_PLACEMENT_3D ( 'NONE', #1157, #1690, #911 ) ;
#765 = FACE_OUTER_BOUND ( 'NONE', #1080, .T. ) ;
#766 = CARTESIAN_POINT ( 'NONE',  ( 6.920977092352289084, -3.796401365995245136, 2.166981229344812299 ) ) ;
#767 = ORIENTED_EDGE ( 'NONE', *, *, #1585, .F. ) ;
#768 = EDGE_CURVE ( 'NONE', #326, #361, #1293, .T. ) ;
#769 = AXIS2_PLACEMENT_3D ( 'NONE', #999, #45, #259 ) ;
#770 = AXIS2_PLACEMENT_3D ( 'NONE', #799, #1379, #1527 ) ;
#771 = CARTESIAN_POINT ( 'NONE',  ( 7.029284793209352067, -3.796401365995245136, 1.297398990077831549 ) ) ;
#772 = VERTEX_POINT ( 'NONE', #957 ) ;
#773 = CARTESIAN_POINT ( 'NONE',  ( -3.887773269550203636, -1.226401365995245740, 3.289999999999999147 ) ) ;
#774 = VECTOR ( 'NONE', #128, 100.0000000000000000 ) ;
#775 = CARTESIAN_POINT ( 'NONE',  ( 0.7574350551072377424, -3.796401365995245136, 2.166981229344812299 ) ) ;
#776 = AXIS2_PLACEMENT_3D ( 'NONE', #2284, #1703, #1549 ) ;
#777 = CARTESIAN_POINT ( 'NONE',  ( -1.267773269550204640, -0.9964013659952456470, 4.169999999999999041 ) ) ;
#778 = ORIENTED_EDGE ( 'NONE', *, *, #922, .F. ) ;
#779 = EDGE_CURVE ( 'NONE', #939, #2187, #855, .T. ) ;
#780 = EDGE_CURVE ( 'NONE', #323, #1074, #442, .T. ) ;
#781 = LINE ( 'NONE', #750, #2418 ) ;
#782 = ORIENTED_EDGE ( 'NONE', *, *, #554, .T. ) ;
#783 = EDGE_CURVE ( 'NONE', #298, #1132, #2192, .T. ) ;
#784 = VECTOR ( 'NONE', #270, 100.0000000000000000 ) ;
#785 = CYLINDRICAL_SURFACE ( 'NONE', #1494, 0.1700000000000000122 ) ;
#786 = ORIENTED_EDGE ( 'NONE', *, *, #2299, .T. ) ;
#787 = CARTESIAN_POINT ( 'NONE',  ( 1.362594413302707030, -3.016401365995245776, 2.959999999999999520 ) ) ;
#788 = CARTESIAN_POINT ( 'NONE',  ( 6.879284793209351712, -3.796401365995245136, 1.297398990077831549 ) ) ;
#789 = CARTESIAN_POINT ( 'NONE',  ( 4.732594413302705583, -3.496401365995246202, 1.519144877525549386 ) ) ;
#790 = ORIENTED_EDGE ( 'NONE', *, *, #304, .F. ) ;
#791 = CARTESIAN_POINT ( 'NONE',  ( 5.032594413302706293, -3.016401365995245776, 3.119999999999999662 ) ) ;
#792 = CIRCLE ( 'NONE', #1425, 0.1500000000000001332 ) ;
#793 = ORIENTED_EDGE ( 'NONE', *, *, #841, .F. ) ;
#794 = FACE_OUTER_BOUND ( 'NONE', #1598, .T. ) ;
#795 = ORIENTED_EDGE ( 'NONE', *, *, #600, .F. ) ;
#796 = CARTESIAN_POINT ( 'NONE',  ( -0.2177732695502039573, -3.496401365995244870, 1.519144877525549386 ) ) ;
#797 = LINE ( 'NONE', #289, #1928 ) ;
#798 = EDGE_CURVE ( 'NONE', #644, #2360, #1945, .T. ) ;
#799 = CARTESIAN_POINT ( 'NONE',  ( 3.982594413302706471, -0.7964013659952455804, 0.9691448775255496750 ) ) ;
#800 = LINE ( 'NONE', #2315, #117 ) ;
#801 = ORIENTED_EDGE ( 'NONE', *, *, #2392, .T. ) ;
#802 = ORIENTED_EDGE ( 'NONE', *, *, #780, .F. ) ;
#803 = EDGE_LOOP ( 'NONE', ( #1545, #42, #967, #1292 ) ) ;
#804 = AXIS2_PLACEMENT_3D ( 'NONE', #1481, #754, #940 ) ;
#805 = LINE ( 'NONE', #796, #586 ) ;
#806 = EDGE_CURVE ( 'NONE', #691, #1199, #1553, .T. ) ;
#807 =( LENGTH_UNIT ( ) NAMED_UNIT ( * ) SI_UNIT ( .CENTI., .METRE. ) );
#808 = ADVANCED_FACE ( 'NONE', ( #1772 ), #2107, .F. ) ;
#809 = STYLED_ITEM ( 'NONE', ( #1408 ), #842 ) ;
#810 = CARTESIAN_POINT ( 'NONE',  ( -2.617773269550204507, -3.496401365995244870, 3.669999999999999485 ) ) ;
#811 = LINE ( 'NONE', #423, #1005 ) ;
#812 = AXIS2_PLACEMENT_3D ( 'NONE', #1300, #1058, #1805 ) ;
#813 = ORIENTED_EDGE ( 'NONE', *, *, #1224, .F. ) ;
#814 = CARTESIAN_POINT ( 'NONE',  ( 5.250367682852910889, 0.000000000000000000, 3.669999999999999485 ) ) ;
#815 = CARTESIAN_POINT ( 'NONE',  ( 3.382594413302705938, -0.7964013659952455804, 4.169999999999999041 ) ) ;
#816 = AXIS2_PLACEMENT_3D ( 'NONE', #1133, #744, #201 ) ;
#817 = ORIENTED_EDGE ( 'NONE', *, *, #2337, .T. ) ;
#818 = PRODUCT_DEFINITION_SHAPE ( 'NONE', 'NONE',  #859 ) ;
#819 = EDGE_CURVE ( 'NONE', #1003, #1009, #2312, .T. ) ;
#820 = ORIENTED_EDGE ( 'NONE', *, *, #243, .F. ) ;
#821 = AXIS2_PLACEMENT_3D ( 'NONE', #955, #2240, #2264 ) ;
#822 = SURFACE_SIDE_STYLE ('',( #77 ) ) ;
#823 = FILL_AREA_STYLE_COLOUR ( '', #1024 ) ;
#824 = FACE_BOUND ( 'NONE', #699, .T. ) ;
#825 = DIRECTION ( 'NONE',  ( 1.000000000000000000, 0.000000000000000000, 0.000000000000000000 ) ) ;
#826 = UNCERTAINTY_MEASURE_WITH_UNIT (LENGTH_MEASURE( 1.000000000000000082E-05 ), #1795, 'distance_accuracy_value', 'NONE');
#827 = CARTESIAN_POINT ( 'NONE',  ( -3.887773269550203636, -3.016401365995245776, 3.119999999999999662 ) ) ;
#828 = ORIENTED_EDGE ( 'NONE', *, *, #970, .F. ) ;
#829 = PRESENTATION_LAYER_ASSIGNMENT (  '', '', ( #1075 ) ) ;
#830 = AXIS2_PLACEMENT_3D ( 'NONE', #1135, #734, #1556 ) ;
#831 = EDGE_CURVE ( 'NONE', #2127, #1701, #2331, .T. ) ;
#832 = ORIENTED_EDGE ( 'NONE', *, *, #1477, .F. ) ;
#833 = DIRECTION ( 'NONE',  ( -1.000000000000000000, -1.284980352575412453E-16, 0.000000000000000000 ) ) ;
#834 = SURFACE_SIDE_STYLE ('',( #626 ) ) ;
#835 = EDGE_CURVE ( 'NONE', #2127, #9, #1955, .T. ) ;
#836 = CARTESIAN_POINT ( 'NONE',  ( 2.632594413302705938, -3.496401365995244870, 1.519144877525549386 ) ) ;
#837 = FACE_OUTER_BOUND ( 'NONE', #1394, .T. ) ;
#838 = CARTESIAN_POINT ( 'NONE',  ( 1.362594413302707030, -1.226401365995245740, 3.289999999999999147 ) ) ;
#839 = EDGE_CURVE ( 'NONE', #176, #2224, #1737, .T. ) ;
#840 = ORIENTED_EDGE ( 'NONE', *, *, #1374, .F. ) ;
#841 = EDGE_CURVE ( 'NONE', #1219, #1403, #2288, .T. ) ;
#842 = MANIFOLD_SOLID_BREP ( 'Body-Move/Copy7', #400 ) ;
#843 = ORIENTED_EDGE ( 'NONE', *, *, #1515, .F. ) ;
#844 = LINE ( 'NONE', #87, #305 ) ;
#845 = DIRECTION ( 'NONE',  ( 1.000000000000000000, -0.000000000000000000, -0.000000000000000000 ) ) ;
#846 = DIRECTION ( 'NONE',  ( -1.000000000000000000, 0.000000000000000000, 0.000000000000000000 ) ) ;
#847 = VECTOR ( 'NONE', #396, 100.0000000000000000 ) ;
#848 = ADVANCED_FACE ( 'NONE', ( #606 ), #1934, .T. ) ;
#849 = CARTESIAN_POINT ( 'NONE',  ( 2.632594413302705938, -0.9964013659952456470, 3.669999999999999485 ) ) ;
#850 = VECTOR ( 'NONE', #113, 100.0000000000000000 ) ;
#851 = VECTOR ( 'NONE', #1271, 100.0000000000000000 ) ;
#852 = DIRECTION ( 'NONE',  ( -8.462065736472231082E-17, -1.000000000000000000, 0.000000000000000000 ) ) ;
#853 = EDGE_CURVE ( 'NONE', #1981, #204, #2031, .T. ) ;
#854 = ORIENTED_EDGE ( 'NONE', *, *, #1008, .T. ) ;
#855 = CIRCLE ( 'NONE', #2231, 0.1500000000000001332 ) ;
#856 = VECTOR ( 'NONE', #362, 100.0000000000000000 ) ;
#857 = MANIFOLD_SOLID_BREP ( 'Boss-Extrude7', #278 ) ;
#858 = ORIENTED_EDGE ( 'NONE', *, *, #512, .F. ) ;
#859 = PRODUCT_DEFINITION ( 'UNKNOWN', '', #1372, #1924 ) ;
#860 = DIRECTION ( 'NONE',  ( 1.000000000000000000, 0.000000000000000000, 0.000000000000000000 ) ) ;
#861 = LINE ( 'NONE', #2210, #1602 ) ;
#862 = VERTEX_POINT ( 'NONE', #137 ) ;
#863 = CIRCLE ( 'NONE', #272, 0.1500000000000001332 ) ;
#864 = CARTESIAN_POINT ( 'NONE',  ( 2.332594413302706116, -1.226401365995245740, 3.119999999999999662 ) ) ;
#865 = DIRECTION ( 'NONE',  ( -1.000000000000000000, 0.000000000000000000, 0.000000000000000000 ) ) ;
#866 = AXIS2_PLACEMENT_3D ( 'NONE', #1665, #1472, #876 ) ;
#867 = DIRECTION ( 'NONE',  ( 1.000000000000000000, -8.260587980841938780E-17, 0.000000000000000000 ) ) ;
#868 = FACE_OUTER_BOUND ( 'NONE', #599, .T. ) ;
#869 = DIRECTION ( 'NONE',  ( -1.284980352575412453E-16, 1.000000000000000000, 0.000000000000000000 ) ) ;
#870 = VERTEX_POINT ( 'NONE', #886 ) ;
#871 = VERTEX_POINT ( 'NONE', #1627 ) ;
#872 = AXIS2_PLACEMENT_3D ( 'NONE', #1544, #961, #1173 ) ;
#873 =( LENGTH_UNIT ( ) NAMED_UNIT ( * ) SI_UNIT ( .CENTI., .METRE. ) );
#874 = CARTESIAN_POINT ( 'NONE',  ( 3.982594413302706471, -0.7964013659952455804, 1.519144877525549386 ) ) ;
#875 = EDGE_LOOP ( 'NONE', ( #1814, #1456, #1041, #501 ) ) ;
#876 = DIRECTION ( 'NONE',  ( 1.000000000000000000, 0.000000000000000000, -0.000000000000000000 ) ) ;
#877 = DIRECTION ( 'NONE',  ( 0.000000000000000000, 0.000000000000000000, -1.000000000000000000 ) ) ;
#878 = EDGE_CURVE ( 'NONE', #532, #1580, #797, .T. ) ;
#879 = LINE ( 'NONE', #344, #427 ) ;
#880 = CARTESIAN_POINT ( 'NONE',  ( -1.867773269550204729, -0.7964013659952455804, 1.519144877525549386 ) ) ;
#881 = DIRECTION ( 'NONE',  ( 0.000000000000000000, 0.000000000000000000, -1.000000000000000000 ) ) ;
#882 = ORIENTED_EDGE ( 'NONE', *, *, #2149, .F. ) ;
#883 = EDGE_CURVE ( 'NONE', #2341, #62, #1791, .T. ) ;
#884 = ORIENTED_EDGE ( 'NONE', *, *, #1454, .T. ) ;
#885 = DIRECTION ( 'NONE',  ( -8.462065736472231082E-17, -1.000000000000000000, 0.000000000000000000 ) ) ;
#886 = CARTESIAN_POINT ( 'NONE',  ( -1.717773269550204596, -0.7964013659952455804, 1.244144877525549697 ) ) ;
#887 = EDGE_LOOP ( 'NONE', ( #1611, #1344, #249, #2136 ) ) ;
#888 = PLANE ( 'NONE',  #987 ) ;
#889 = EDGE_CURVE ( 'NONE', #1199, #219, #1441, .T. ) ;
#890 = CARTESIAN_POINT ( 'NONE',  ( 3.707594413302706116, -0.7964013659952458024, 3.894999999999999130 ) ) ;
#891 = FACE_OUTER_BOUND ( 'NONE', #1405, .T. ) ;
#892 = VECTOR ( 'NONE', #1891, 100.0000000000000000 ) ;
#893 = DIRECTION ( 'NONE',  ( -1.000000000000000000, 0.000000000000000000, 0.000000000000000000 ) ) ;
#894 = DIRECTION ( 'NONE',  ( 0.000000000000000000, 1.000000000000000000, -0.000000000000000000 ) ) ;
#895 = ORIENTED_EDGE ( 'NONE', *, *, #1677, .T. ) ;
#896 = VECTOR ( 'NONE', #1429, 100.0000000000000000 ) ;
#897 = AXIS2_PLACEMENT_3D ( 'NONE', #2267, #1738, #581 ) ;
#898 = VERTEX_POINT ( 'NONE', #1242 ) ;
#899 = CARTESIAN_POINT ( 'NONE',  ( -1.417773269550204329, -0.7964013659952455804, 1.244144877525549697 ) ) ;
#900 = CARTESIAN_POINT ( 'NONE',  ( -0.5177732695502045290, -3.496401365995246202, 1.519144877525549386 ) ) ;
#901 = ORIENTED_EDGE ( 'NONE', *, *, #2006, .F. ) ;
#902 = DIRECTION ( 'NONE',  ( 0.000000000000000000, -0.000000000000000000, 1.000000000000000000 ) ) ;
#903 = DIRECTION ( 'NONE',  ( -1.000000000000000000, 0.000000000000000000, 0.000000000000000000 ) ) ;
#904 = LINE ( 'NONE', #693, #65 ) ;
#905 = AXIS2_PLACEMENT_3D ( 'NONE', #199, #1343, #393 ) ;
#906 = CYLINDRICAL_SURFACE ( 'NONE', #2185, 0.1600000000000000866 ) ;
#907 = CARTESIAN_POINT ( 'NONE',  ( -1.567773269550204462, -0.7964013659952455804, 1.244144877525549697 ) ) ;
#908 = ORIENTED_EDGE ( 'NONE', *, *, #1048, .F. ) ;
#909 = ORIENTED_EDGE ( 'NONE', *, *, #1283, .F. ) ;
#910 = FILL_AREA_STYLE ('',( #1280 ) ) ;
#911 = DIRECTION ( 'NONE',  ( 0.000000000000000000, 0.000000000000000000, 1.000000000000000000 ) ) ;
#912 = ORIENTED_EDGE ( 'NONE', *, *, #1727, .F. ) ;
#913 = PRESENTATION_LAYER_ASSIGNMENT (  '', '', ( #1196 ) ) ;
#914 = DIRECTION ( 'NONE',  ( 0.000000000000000000, 0.000000000000000000, -1.000000000000000000 ) ) ;
#915 = CARTESIAN_POINT ( 'NONE',  ( 5.250367682852910889, 0.000000000000000000, 4.169999999999999041 ) ) ;
#916 = ORIENTED_EDGE ( 'NONE', *, *, #513, .F. ) ;
#917 = CARTESIAN_POINT ( 'NONE',  ( 4.732594413302705583, -0.9964013659952457580, 3.669999999999999485 ) ) ;
#918 = DIRECTION ( 'NONE',  ( 1.000000000000000000, -0.000000000000000000, -0.000000000000000000 ) ) ;
#919 = DIRECTION ( 'NONE',  ( 1.000000000000000000, 0.000000000000000000, 0.000000000000000000 ) ) ;
#920 = ORIENTED_EDGE ( 'NONE', *, *, #4, .T. ) ;
#921 = EDGE_CURVE ( 'NONE', #676, #1424, #1270, .T. ) ;
#922 = EDGE_CURVE ( 'NONE', #1188, #1415, #1099, .T. ) ;
#923 = EDGE_LOOP ( 'NONE', ( #1658, #1115, #2375, #465 ) ) ;
#924 = DIRECTION ( 'NONE',  ( -1.284980352575412453E-16, 1.000000000000000000, 0.000000000000000000 ) ) ;
#925 = DIRECTION ( 'NONE',  ( 1.000000000000000000, -0.000000000000000000, -0.000000000000000000 ) ) ;
#926 = VERTEX_POINT ( 'NONE', #325 ) ;
#927 = EDGE_CURVE ( 'NONE', #1403, #1468, #1232, .T. ) ;
#928 = LINE ( 'NONE', #2404, #1450 ) ;
#929 = ORIENTED_EDGE ( 'NONE', *, *, #1921, .F. ) ;
#930 = CARTESIAN_POINT ( 'NONE',  ( -3.887773269550203636, -3.016401365995245776, 3.279999999999999361 ) ) ;
#931 = PLANE ( 'NONE',  #722 ) ;
#932 = CARTESIAN_POINT ( 'NONE',  ( 3.382594413302705938, -0.7964013659952455804, 0.9691448775255496750 ) ) ;
#933 = AXIS2_PLACEMENT_3D ( 'NONE', #56, #1956, #1389 ) ;
#934 = ORIENTED_EDGE ( 'NONE', *, *, #1941, .T. ) ;
#935 = EDGE_CURVE ( 'NONE', #1424, #1468, #1067, .T. ) ;
#936 = EDGE_LOOP ( 'NONE', ( #1940, #1465, #1938, #2309 ) ) ;
#937 = VECTOR ( 'NONE', #1896, 100.0000000000000000 ) ;
#938 = DIRECTION ( 'NONE',  ( 1.000000000000000000, 0.000000000000000000, 0.000000000000000000 ) ) ;
#939 = VERTEX_POINT ( 'NONE', #1056 ) ;
#940 = DIRECTION ( 'NONE',  ( 1.000000000000000000, 0.000000000000000000, -0.000000000000000000 ) ) ;
#941 = VERTEX_POINT ( 'NONE', #2199 ) ;
#942 = CARTESIAN_POINT ( 'NONE',  ( -0.2177732695502039573, -3.496401365995244870, 1.519144877525549386 ) ) ;
#943 = VERTEX_POINT ( 'NONE', #502 ) ;
#944 = VECTOR ( 'NONE', #715, 100.0000000000000000 ) ;
#945 = DIRECTION ( 'NONE',  ( 0.000000000000000000, 0.000000000000000000, -1.000000000000000000 ) ) ;
#946 = DIRECTION ( 'NONE',  ( 1.000000000000000000, 0.000000000000000000, 0.000000000000000000 ) ) ;
#947 = DIRECTION ( 'NONE',  ( -1.284980352575412453E-16, 1.000000000000000000, 0.000000000000000000 ) ) ;
#948 = ORIENTED_EDGE ( 'NONE', *, *, #1809, .T. ) ;
#949 =( NAMED_UNIT ( * ) SI_UNIT ( $, .STERADIAN. ) SOLID_ANGLE_UNIT ( ) );
#950 = EDGE_LOOP ( 'NONE', ( #1489, #2041 ) ) ;
#951 = ADVANCED_FACE ( 'NONE', ( #1044, #1816, #1803 ), #279, .F. ) ;
#952 = CARTESIAN_POINT ( 'NONE',  ( 0.7574350551072374094, -0.7964013659952454693, 2.166981229344812299 ) ) ;
#953 = DIRECTION ( 'NONE',  ( -1.284980352575412453E-16, 1.000000000000000000, 0.000000000000000000 ) ) ;
#954 = ORIENTED_EDGE ( 'NONE', *, *, #2228, .F. ) ;
#955 = CARTESIAN_POINT ( 'NONE',  ( 3.682594413302706204, -0.7964013659952455804, 1.244144877525549697 ) ) ;
#956 = ORIENTED_EDGE ( 'NONE', *, *, #1193, .T. ) ;
#957 = CARTESIAN_POINT ( 'NONE',  ( -0.5177732695502041960, -1.226401365995245740, 3.289999999999999147 ) ) ;
#958 =( GEOMETRIC_REPRESENTATION_CONTEXT ( 3 ) GLOBAL_UNCERTAINTY_ASSIGNED_CONTEXT ( ( #826 ) ) GLOBAL_UNIT_ASSIGNED_CONTEXT ( ( #1795, #1016, #1766 ) ) REPRESENTATION_CONTEXT ( 'NONE', 'WORKASPACE' ) );
#959 = LINE ( 'NONE', #188, #937 ) ;
#960 = AXIS2_PLACEMENT_3D ( 'NONE', #83, #71, #846 ) ;
#961 = DIRECTION ( 'NONE',  ( 1.000000000000000000, 0.000000000000000000, 0.000000000000000000 ) ) ;
#962 = ORIENTED_EDGE ( 'NONE', *, *, #221, .T. ) ;
#963 = EDGE_CURVE ( 'NONE', #939, #943, #2015, .T. ) ;
#964 = ORIENTED_EDGE ( 'NONE', *, *, #1742, .F. ) ;
#965 = FACE_OUTER_BOUND ( 'NONE', #125, .T. ) ;
#966 = FACE_OUTER_BOUND ( 'NONE', #2253, .T. ) ;
#967 = ORIENTED_EDGE ( 'NONE', *, *, #1765, .F. ) ;
#968 = DIRECTION ( 'NONE',  ( 1.000000000000000000, -0.000000000000000000, -0.000000000000000000 ) ) ;
#969 = VERTEX_POINT ( 'NONE', #1836 ) ;
#970 = EDGE_CURVE ( 'NONE', #2187, #2218, #861, .T. ) ;
#971 = CARTESIAN_POINT ( 'NONE',  ( -2.617773269550204507, -0.9964013659952456470, 1.519144877525549386 ) ) ;
#972 = EDGE_CURVE ( 'NONE', #547, #1003, #516, .T. ) ;
#973 = CARTESIAN_POINT ( 'NONE',  ( 2.332594413302706116, -1.226401365995245740, 2.949999999999999289 ) ) ;
#974 = FACE_OUTER_BOUND ( 'NONE', #1787, .T. ) ;
#975 = ORIENTED_EDGE ( 'NONE', *, *, #1742, .T. ) ;
#976 = ORIENTED_EDGE ( 'NONE', *, *, #1523, .T. ) ;
#977 = AXIS2_PLACEMENT_3D ( 'NONE', #1070, #903, #1630 ) ;
#978 = DIRECTION ( 'NONE',  ( -1.000000000000000000, 0.000000000000000000, 0.000000000000000000 ) ) ;
#979 = AXIS2_PLACEMENT_3D ( 'NONE', #1883, #2109, #422 ) ;
#980 = ORIENTED_EDGE ( 'NONE', *, *, #806, .T. ) ;
#981 = VECTOR ( 'NONE', #2002, 100.0000000000000000 ) ;
#982 = AXIS2_PLACEMENT_3D ( 'NONE', #1392, #1776, #453 ) ;
#983 = CARTESIAN_POINT ( 'NONE',  ( 4.732594413302706471, -3.016401365995245776, 3.119999999999999662 ) ) ;
#984 = DIRECTION ( 'NONE',  ( 1.000000000000000000, -8.260587980841938780E-17, 0.000000000000000000 ) ) ;
#985 = VECTOR ( 'NONE', #1083, 100.0000000000000000 ) ;
#986 = CARTESIAN_POINT ( 'NONE',  ( -1.267773269550204196, -0.7964013659952455804, 0.9691448775255496750 ) ) ;
#987 = AXIS2_PLACEMENT_3D ( 'NONE', #1458, #902, #340 ) ;
#988 = CARTESIAN_POINT ( 'NONE',  ( 5.032594413302706293, -3.016401365995245776, 3.279999999999999361 ) ) ;
#989 = UNCERTAINTY_MEASURE_WITH_UNIT (LENGTH_MEASURE( 1.000000000000000082E-05 ), #311, 'distance_accuracy_value', 'NONE');
#990 = ORIENTED_EDGE ( 'NONE', *, *, #737, .T. ) ;
#991 = PRODUCT_CONTEXT ( 'NONE', #198, 'mechanical' ) ;
#992 = AXIS2_PLACEMENT_3D ( 'NONE', #2130, #441, #1201 ) ;
#993 = ORIENTED_EDGE ( 'NONE', *, *, #2411, .T. ) ;
#994 = VECTOR ( 'NONE', #968, 100.0000000000000000 ) ;
#995 = DIRECTION ( 'NONE',  ( -1.000000000000000000, 0.000000000000000000, 0.000000000000000000 ) ) ;
#996 = EDGE_CURVE ( 'NONE', #2341, #2224, #1615, .T. ) ;
#997 = VERTEX_POINT ( 'NONE', #2173 ) ;
#998 = CARTESIAN_POINT ( 'NONE',  ( -2.917773269550204329, -3.496401365995244870, 3.669999999999999485 ) ) ;
#999 = CARTESIAN_POINT ( 'NONE',  ( 7.070977092352288551, -0.7964013659952454693, 2.166981229344812299 ) ) ;
#1000 = DIRECTION ( 'NONE',  ( -1.284980352575412453E-16, 1.000000000000000000, 0.000000000000000000 ) ) ;
#1001 = CARTESIAN_POINT ( 'NONE',  ( 2.332594413302706116, -3.016401365995245776, 2.959999999999999520 ) ) ;
#1002 = VECTOR ( 'NONE', #852, 100.0000000000000000 ) ;
#1003 = VERTEX_POINT ( 'NONE', #874 ) ;
#1004 = APPLICATION_PROTOCOL_DEFINITION ( 'draft international standard', 'automotive_design', 1998, #198 ) ;
#1005 = VECTOR ( 'NONE', #1390, 100.0000000000000000 ) ;
#1006 = ORIENTED_EDGE ( 'NONE', *, *, #1239, .T. ) ;
#1007 = EDGE_CURVE ( 'NONE', #1684, #425, #678, .T. ) ;
#1008 = EDGE_CURVE ( 'NONE', #736, #2127, #1877, .T. ) ;
#1009 = VERTEX_POINT ( 'NONE', #2056 ) ;
#1010 = CYLINDRICAL_SURFACE ( 'NONE', #2235, 0.1600000000000000866 ) ;
#1011 = FILL_AREA_STYLE_COLOUR ( '', #182 ) ;
#1012 = DIRECTION ( 'NONE',  ( -1.000000000000000000, -1.284980352575412699E-16, -0.000000000000000000 ) ) ;
#1013 = PLANE ( 'NONE',  #747 ) ;
#1014 = ORIENTED_EDGE ( 'NONE', *, *, #443, .F. ) ;
#1015 = EDGE_CURVE ( 'NONE', #1684, #2217, #1637, .T. ) ;
#1016 =( NAMED_UNIT ( * ) PLANE_ANGLE_UNIT ( ) SI_UNIT ( $, .RADIAN. ) );
#1017 = VERTEX_POINT ( 'NONE', #195 ) ;
#1018 = DIRECTION ( 'NONE',  ( -1.000000000000000000, -1.284980352575412453E-16, 0.000000000000000000 ) ) ;
#1019 = ORIENTED_EDGE ( 'NONE', *, *, #161, .F. ) ;
#1020 = CIRCLE ( 'NONE', #2026, 0.1500000000000001332 ) ;
#1021 = DIRECTION ( 'NONE',  ( 1.000000000000000000, -0.000000000000000000, -0.000000000000000000 ) ) ;
#1022 = CARTESIAN_POINT ( 'NONE',  ( 3.982594413302706471, -0.7964013659952455804, 4.169999999999999041 ) ) ;
#1023 = VECTOR ( 'NONE', #1120, 100.0000000000000000 ) ;
#1024 = COLOUR_RGB ( '',0.7921568627450980005, 0.8196078431372548767, 0.9333333333333333481 ) ;
#1025 = AXIS2_PLACEMENT_3D ( 'NONE', #1275, #330, #498 ) ;
#1026 = CARTESIAN_POINT ( 'NONE',  ( -1.567773269550204462, -0.7964013659952455804, 1.244144877525549697 ) ) ;
#1027 = FACE_BOUND ( 'NONE', #134, .T. ) ;
#1028 = DIRECTION ( 'NONE',  ( 1.000000000000000000, 0.000000000000000000, -0.000000000000000000 ) ) ;
#1029 = ADVANCED_FACE ( 'NONE', ( #966 ), #740, .F. ) ;
#1030 = FILL_AREA_STYLE ('',( #631 ) ) ;
#1031 = EDGE_LOOP ( 'NONE', ( #1878, #415 ) ) ;
#1032 = ORIENTED_EDGE ( 'NONE', *, *, #1156, .T. ) ;
#1033 = EDGE_CURVE ( 'NONE', #1266, #729, #179, .T. ) ;
#1034 = AXIS2_PLACEMENT_3D ( 'NONE', #636, #1376, #625 ) ;
#1035 = DIRECTION ( 'NONE',  ( 1.000000000000000000, -8.260587980841938780E-17, 0.000000000000000000 ) ) ;
#1036 = DIRECTION ( 'NONE',  ( 0.000000000000000000, 0.000000000000000000, -1.000000000000000000 ) ) ;
#1037 = LINE ( 'NONE', #1059, #1837 ) ;
#1038 = EDGE_CURVE ( 'NONE', #763, #1063, #572, .T. ) ;
#1039 = CARTESIAN_POINT ( 'NONE',  ( -2.617773269550204507, -3.016401365995245776, 3.119999999999999662 ) ) ;
#1040 = CARTESIAN_POINT ( 'NONE',  ( -2.617773269550204507, -1.226401365995245740, 3.119999999999999662 ) ) ;
#1041 = ORIENTED_EDGE ( 'NONE', *, *, #1388, .F. ) ;
#1042 = VERTEX_POINT ( 'NONE', #1106 ) ;
#1043 =( LENGTH_UNIT ( ) NAMED_UNIT ( * ) SI_UNIT ( .CENTI., .METRE. ) );
#1044 = FACE_BOUND ( 'NONE', #950, .T. ) ;
#1045 = EDGE_CURVE ( 'NONE', #361, #326, #1020, .T. ) ;
#1046 = LINE ( 'NONE', #1783, #177 ) ;
#1047 = ADVANCED_FACE ( 'NONE', ( #1521 ), #2219, .F. ) ;
#1048 = EDGE_CURVE ( 'NONE', #2064, #51, #531, .T. ) ;
#1049 = LINE ( 'NONE', #1596, #2247 ) ;
#1050 = DIRECTION ( 'NONE',  ( 1.000000000000000000, 0.000000000000000000, 0.000000000000000000 ) ) ;
#1051 = DIRECTION ( 'NONE',  ( -0.000000000000000000, -0.000000000000000000, -1.000000000000000000 ) ) ;
#1052 = ADVANCED_FACE ( 'NONE', ( #2066 ), #211, .F. ) ;
#1053 = ORIENTED_EDGE ( 'NONE', *, *, #1189, .F. ) ;
#1054 = ORIENTED_EDGE ( 'NONE', *, *, #853, .F. ) ;
#1055 = CARTESIAN_POINT ( 'NONE',  ( -1.267773269550204196, -0.9964013659952456470, 0.9691448775255496750 ) ) ;
#1056 = CARTESIAN_POINT ( 'NONE',  ( 0.6074350551072376092, -3.796401365995245136, 2.166981229344812299 ) ) ;
#1057 = AXIS2_PLACEMENT_3D ( 'NONE', #710, #1297, #2040 ) ;
#1058 = DIRECTION ( 'NONE',  ( 1.000000000000000000, -0.000000000000000000, -0.000000000000000000 ) ) ;
#1059 = CARTESIAN_POINT ( 'NONE',  ( 5.532594413302706293, -3.496401365995244870, 1.519144877525549386 ) ) ;
#1060 = CARTESIAN_POINT ( 'NONE',  ( 3.382594413302705938, -0.7964013659952458024, 3.669999999999999485 ) ) ;
#1061 = VECTOR ( 'NONE', #1592, 100.0000000000000000 ) ;
#1062 = DIRECTION ( 'NONE',  ( -1.000000000000000000, -1.284980352575412453E-16, 0.000000000000000000 ) ) ;
#1063 = VERTEX_POINT ( 'NONE', #766 ) ;
#1064 = AXIS2_PLACEMENT_3D ( 'NONE', #2202, #2019, #1474 ) ;
#1065 = ORIENTED_EDGE ( 'NONE', *, *, #935, .T. ) ;
#1066 = ADVANCED_FACE ( 'NONE', ( #2238 ), #2276, .F. ) ;
#1067 = LINE ( 'NONE', #299, #1140 ) ;
#1068 = PRESENTATION_LAYER_ASSIGNMENT (  '', '', ( #238 ) ) ;
#1069 = CARTESIAN_POINT ( 'NONE',  ( -1.867773269550204729, -0.7964013659952455804, 0.9691448775255496750 ) ) ;
#1070 = CARTESIAN_POINT ( 'NONE',  ( -2.617773269550204507, -3.016401365995245776, 3.119999999999999662 ) ) ;
#1071 = CARTESIAN_POINT ( 'NONE',  ( -1.567773269550204462, -0.9964013659952456470, 1.244144877525549697 ) ) ;
#1072 = DIRECTION ( 'NONE',  ( -9.359798116929206086E-17, 1.000000000000000000, 0.000000000000000000 ) ) ;
#1073 = CARTESIAN_POINT ( 'NONE',  ( 2.332594413302706116, -0.7964013659952460245, 1.519144877525549386 ) ) ;
#1074 = VERTEX_POINT ( 'NONE', #1509 ) ;
#1075 = STYLED_ITEM ( 'NONE', ( #84 ), #29 ) ;
#1076 = ORIENTED_EDGE ( 'NONE', *, *, #554, .F. ) ;
#1077 = EDGE_CURVE ( 'NONE', #204, #1981, #15, .T. ) ;
#1078 = VECTOR ( 'NONE', #1605, 100.0000000000000000 ) ;
#1079 = DIRECTION ( 'NONE',  ( -1.284980352575412453E-16, 1.000000000000000000, 0.000000000000000000 ) ) ;
#1080 = EDGE_LOOP ( 'NONE', ( #208, #901, #1006, #585 ) ) ;
#1081 = LINE ( 'NONE', #533, #1410 ) ;
#1082 = PLANE ( 'NONE',  #720 ) ;
#1083 = DIRECTION ( 'NONE',  ( -0.000000000000000000, -0.000000000000000000, -1.000000000000000000 ) ) ;
#1084 = DIRECTION ( 'NONE',  ( -0.000000000000000000, -0.000000000000000000, -1.000000000000000000 ) ) ;
#1085 = DIRECTION ( 'NONE',  ( 1.000000000000000000, 0.000000000000000000, 0.000000000000000000 ) ) ;
#1086 = ORIENTED_EDGE ( 'NONE', *, *, #1917, .T. ) ;
#1087 = ADVANCED_FACE ( 'NONE', ( #1663 ), #2401, .T. ) ;
#1088 = VERTEX_POINT ( 'NONE', #351 ) ;
#1089 = CARTESIAN_POINT ( 'NONE',  ( -1.392773269550204418, -0.9964013659952457580, 3.894999999999999130 ) ) ;
#1090 = CARTESIAN_POINT ( 'NONE',  ( 0.6074350551072376092, -3.796401365995245136, 2.166981229344812299 ) ) ;
#1091 = ORIENTED_EDGE ( 'NONE', *, *, #2183, .T. ) ;
#1092 = FACE_OUTER_BOUND ( 'NONE', #735, .T. ) ;
#1093 = PLANE ( 'NONE',  #1950 ) ;
#1094 = CARTESIAN_POINT ( 'NONE',  ( 0.7157427559643004811, -0.7964013659952454693, 1.297398990077831549 ) ) ;
#1095 = CIRCLE ( 'NONE', #933, 0.1600000000000000866 ) ;
#1096 = CARTESIAN_POINT ( 'NONE',  ( 1.362594413302707030, -1.226401365995245740, 3.119999999999999662 ) ) ;
#1097 = CARTESIAN_POINT ( 'NONE',  ( 4.732594413302706471, -1.226401365995245740, 3.119999999999999662 ) ) ;
#1098 = ORIENTED_EDGE ( 'NONE', *, *, #1421, .F. ) ;
#1099 = CIRCLE ( 'NONE', #1409, 0.1700000000000000122 ) ;
#1100 = EDGE_CURVE ( 'NONE', #1498, #1333, #1118, .T. ) ;
#1101 = ORIENTED_EDGE ( 'NONE', *, *, #806, .F. ) ;
#1102 = VECTOR ( 'NONE', #381, 100.0000000000000000 ) ;
#1104 = CARTESIAN_POINT ( 'NONE',  ( 6.920977092352289084, -3.796401365995245136, 2.166981229344812299 ) ) ;
#1103 = AXIS2_PLACEMENT_3D ( 'NONE', #1875, #978, #178 ) ;
#1105 = CARTESIAN_POINT ( 'NONE',  ( 3.982594413302706471, -0.9964013659952456470, 3.669999999999999485 ) ) ;
#1106 = CARTESIAN_POINT ( 'NONE',  ( -0.5177732695502041960, -1.226401365995245740, 2.949999999999999289 ) ) ;
#1107 = DIRECTION ( 'NONE',  ( -1.309225264888156130E-16, 1.000000000000000000, -0.000000000000000000 ) ) ;
#1108 = CARTESIAN_POINT ( 'NONE',  ( 5.032594413302706293, -1.226401365995245740, 3.119999999999999662 ) ) ;
#1109 = ORIENTED_EDGE ( 'NONE', *, *, #338, .T. ) ;
#1110 = DIRECTION ( 'NONE',  ( -1.000000000000000000, -1.284980352575412699E-16, -0.000000000000000000 ) ) ;
#1111 = CIRCLE ( 'NONE', #240, 0.1500000000000001332 ) ;
#1112 = ADVANCED_FACE ( 'NONE', ( #1495, #1675, #2415 ), #725, .F. ) ;
#1113 = CARTESIAN_POINT ( 'NONE',  ( 3.682594413302706204, -0.7964013659952455804, 1.244144877525549697 ) ) ;
#1114 = LINE ( 'NONE', #147, #1860 ) ;
#1115 = ORIENTED_EDGE ( 'NONE', *, *, #1207, .F. ) ;
#1116 = ORIENTED_EDGE ( 'NONE', *, *, #564, .T. ) ;
#1117 =( NAMED_UNIT ( * ) SI_UNIT ( $, .STERADIAN. ) SOLID_ANGLE_UNIT ( ) );
#1118 = LINE ( 'NONE', #363, #2300 ) ;
#1119 = ORIENTED_EDGE ( 'NONE', *, *, #97, .F. ) ;
#1120 = DIRECTION ( 'NONE',  ( -0.000000000000000000, -0.000000000000000000, -1.000000000000000000 ) ) ;
#1121 = ORIENTED_EDGE ( 'NONE', *, *, #1539, .T. ) ;
#1122 = DIRECTION ( 'NONE',  ( -8.462065736472231082E-17, -1.000000000000000000, 0.000000000000000000 ) ) ;
#1123 = EDGE_CURVE ( 'NONE', #64, #1266, #648, .T. ) ;
#1124 = DIRECTION ( 'NONE',  ( -1.000000000000000000, 0.000000000000000000, 0.000000000000000000 ) ) ;
#1125 = CARTESIAN_POINT ( 'NONE',  ( -1.267773269550204196, -0.7964013659952455804, 0.9691448775255496750 ) ) ;
#1126 = ORIENTED_EDGE ( 'NONE', *, *, #1477, .T. ) ;
#1127 = ORIENTED_EDGE ( 'NONE', *, *, #927, .F. ) ;
#1128 = LINE ( 'NONE', #1351, #544 ) ;
#1129 = DIRECTION ( 'NONE',  ( 0.000000000000000000, 0.000000000000000000, 1.000000000000000000 ) ) ;
#1130 = ORIENTED_EDGE ( 'NONE', *, *, #1559, .T. ) ;
#1131 = DIRECTION ( 'NONE',  ( -1.284980352575412453E-16, 1.000000000000000000, 0.000000000000000000 ) ) ;
#1132 = VERTEX_POINT ( 'NONE', #2132 ) ;
#1133 = CARTESIAN_POINT ( 'NONE',  ( 7.029284793209352067, -3.796401365995245136, 1.297398990077831549 ) ) ;
#1134 = CARTESIAN_POINT ( 'NONE',  ( 2.332594413302706116, -0.7964013659952460245, 3.669999999999999485 ) ) ;
#1135 = CARTESIAN_POINT ( 'NONE',  ( 7.029284793209352067, -3.796401365995245136, 1.297398990077831549 ) ) ;
#1136 = VECTOR ( 'NONE', #2324, 100.0000000000000000 ) ;
#1137 = ORIENTED_EDGE ( 'NONE', *, *, #605, .F. ) ;
#1138 = AXIS2_PLACEMENT_3D ( 'NONE', #1398, #469, #1234 ) ;
#1139 = VERTEX_POINT ( 'NONE', #1432 ) ;
#1140 = VECTOR ( 'NONE', #1455, 100.0000000000000000 ) ;
#1141 = VECTOR ( 'NONE', #382, 100.0000000000000000 ) ;
#1142 = CARTESIAN_POINT ( 'NONE',  ( -1.542773269550204551, -0.7964013659952458024, 3.894999999999999130 ) ) ;
#1143 = DIRECTION ( 'NONE',  ( 8.260587980841940012E-17, 1.000000000000000000, -0.000000000000000000 ) ) ;
#1144 = ORIENTED_EDGE ( 'NONE', *, *, #972, .F. ) ;
#1145 = CARTESIAN_POINT ( 'NONE',  ( 4.732594413302706471, -1.226401365995245740, 3.289999999999999147 ) ) ;
#1146 = EDGE_LOOP ( 'NONE', ( #1551, #1302, #73, #1747, #517, #1990 ) ) ;
#1147 = CIRCLE ( 'NONE', #1180, 0.1500000000000000500 ) ;
#1148 = CARTESIAN_POINT ( 'NONE',  ( 3.682594413302706204, -0.7964013659952455804, 1.244144877525549697 ) ) ;
#1149 = CARTESIAN_POINT ( 'NONE',  ( -2.917773269550204329, -0.7964013659952460245, 3.669999999999999485 ) ) ;
#1150 = EDGE_CURVE ( 'NONE', #64, #2257, #2166, .T. ) ;
#1151 = CARTESIAN_POINT ( 'NONE',  ( 2.332594413302706116, -1.226401365995245740, 3.119999999999999662 ) ) ;
#1152 = EDGE_LOOP ( 'NONE', ( #1628, #1832, #16, #843, #1780, #1311, #679, #1847, #1834, #1812, #1854, #334 ) ) ;
#1153 = CIRCLE ( 'NONE', #70, 0.1700000000000000122 ) ;
#1154 = ORIENTED_EDGE ( 'NONE', *, *, #889, .T. ) ;
#1155 = CARTESIAN_POINT ( 'NONE',  ( 7.070977092352288551, -3.796401365995245136, 2.166981229344812299 ) ) ;
#1156 = EDGE_CURVE ( 'NONE', #1074, #1530, #659, .T. ) ;
#1157 = CARTESIAN_POINT ( 'NONE',  ( -1.267773269550204640, -0.9964013659952456470, 4.169999999999999041 ) ) ;
#1158 = ORIENTED_EDGE ( 'NONE', *, *, #286, .F. ) ;
#1159 = DIRECTION ( 'NONE',  ( -1.000000000000000000, 0.000000000000000000, 0.000000000000000000 ) ) ;
#1160 = ORIENTED_EDGE ( 'NONE', *, *, #209, .T. ) ;
#1161 = DIRECTION ( 'NONE',  ( 1.000000000000000000, 0.000000000000000000, 0.000000000000000000 ) ) ;
#1162 = CIRCLE ( 'NONE', #438, 0.1600000000000000866 ) ;
#1163 = CARTESIAN_POINT ( 'NONE',  ( 6.879284793209351712, -0.7964013659952454693, 1.297398990077831549 ) ) ;
#1164 = CIRCLE ( 'NONE', #872, 0.1700000000000000122 ) ;
#1165 = DIRECTION ( 'NONE',  ( 0.000000000000000000, 0.000000000000000000, -1.000000000000000000 ) ) ;
#1166 = ORIENTED_EDGE ( 'NONE', *, *, #1800, .F. ) ;
#1167 = EDGE_LOOP ( 'NONE', ( #2160, #675, #962, #711 ) ) ;
#1168 = LINE ( 'NONE', #2065, #1607 ) ;
#1169 = VERTEX_POINT ( 'NONE', #671 ) ;
#1170 = CYLINDRICAL_SURFACE ( 'NONE', #821, 0.1500000000000001332 ) ;
#1171 = CARTESIAN_POINT ( 'NONE',  ( -1.867773269550204729, -0.9964013659952456470, 0.9691448775255496750 ) ) ;
#1172 = FACE_OUTER_BOUND ( 'NONE', #1671, .T. ) ;
#1173 = DIRECTION ( 'NONE',  ( 0.000000000000000000, 0.000000000000000000, -1.000000000000000000 ) ) ;
#1174 = ORIENTED_EDGE ( 'NONE', *, *, #1185, .F. ) ;
#1175 = ORIENTED_EDGE ( 'NONE', *, *, #1838, .F. ) ;
#1176 = DIRECTION ( 'NONE',  ( -1.309225264888156130E-16, 1.000000000000000000, -0.000000000000000000 ) ) ;
#1177 = ORIENTED_EDGE ( 'NONE', *, *, #727, .T. ) ;
#1178 = VECTOR ( 'NONE', #1785, 100.0000000000000000 ) ;
#1179 = FACE_OUTER_BOUND ( 'NONE', #1352, .T. ) ;
#1180 = AXIS2_PLACEMENT_3D ( 'NONE', #1094, #1619, #1641 ) ;
#1181 = DIRECTION ( 'NONE',  ( -3.154042683594196107E-16, 0.000000000000000000, 1.000000000000000000 ) ) ;
#1182 = CIRCLE ( 'NONE', #1735, 0.1499999999999999667 ) ;
#1183 = CARTESIAN_POINT ( 'NONE',  ( -0.5177732695502041960, -3.016401365995245776, 3.119999999999999662 ) ) ;
#1184 = ORIENTED_EDGE ( 'NONE', *, *, #657, .T. ) ;
#1185 = EDGE_CURVE ( 'NONE', #558, #751, #1037, .T. ) ;
#1186 = DIRECTION ( 'NONE',  ( 1.000000000000000000, 0.000000000000000000, 0.000000000000000000 ) ) ;
#1187 = COLOUR_RGB ( '',0.7921568627450980005, 0.8196078431372548767, 0.9333333333333333481 ) ;
#1188 = VERTEX_POINT ( 'NONE', #260 ) ;
#1189 = EDGE_CURVE ( 'NONE', #941, #644, #2313, .T. ) ;
#1190 = ORIENTED_EDGE ( 'NONE', *, *, #835, .F. ) ;
#1191 = CARTESIAN_POINT ( 'NONE',  ( -3.887773269550203636, -3.016401365995245776, 3.119999999999999662 ) ) ;
#1192 = CARTESIAN_POINT ( 'NONE',  ( -3.887773269550203636, -1.226401365995245740, 3.119999999999999662 ) ) ;
#1193 = EDGE_CURVE ( 'NONE', #870, #1729, #1332, .T. ) ;
#1194 = DIRECTION ( 'NONE',  ( -1.000000000000000000, -1.284980352575412699E-16, -0.000000000000000000 ) ) ;
#1195 = DIRECTION ( 'NONE',  ( 0.000000000000000000, 0.000000000000000000, -1.000000000000000000 ) ) ;
#1196 = STYLED_ITEM ( 'NONE', ( #426 ), #13 ) ;
#1197 = ORIENTED_EDGE ( 'NONE', *, *, #878, .F. ) ;
#1198 = CIRCLE ( 'NONE', #1907, 0.1500000000000001332 ) ;
#1199 = VERTEX_POINT ( 'NONE', #1947 ) ;
#1200 = ORIENTED_EDGE ( 'NONE', *, *, #1077, .F. ) ;
#1201 = DIRECTION ( 'NONE',  ( 0.000000000000000000, 0.000000000000000000, -1.000000000000000000 ) ) ;
#1202 = ADVANCED_FACE ( 'NONE', ( #280 ), #2154, .F. ) ;
#1203 = CARTESIAN_POINT ( 'NONE',  ( 5.532594413302706293, -3.496401365995244870, 1.519144877525549386 ) ) ;
#1204 = DIRECTION ( 'NONE',  ( -8.462065736472231082E-17, -1.000000000000000000, 0.000000000000000000 ) ) ;
#1205 = CARTESIAN_POINT ( 'NONE',  ( -1.567773269550204462, -0.7964013659952455804, 1.244144877525549697 ) ) ;
#1206 = SURFACE_STYLE_FILL_AREA ( #1030 ) ;
#1207 = EDGE_CURVE ( 'NONE', #535, #926, #252, .T. ) ;
#1208 = ORIENTED_EDGE ( 'NONE', *, *, #665, .F. ) ;
#1209 = EDGE_LOOP ( 'NONE', ( #1485, #1482, #1541, #1098 ) ) ;
#1210 = AXIS2_PLACEMENT_3D ( 'NONE', #2429, #590, #168 ) ;
#1211 = DIRECTION ( 'NONE',  ( -1.000000000000000000, 0.000000000000000000, 0.000000000000000000 ) ) ;
#1212 = AXIS2_PLACEMENT_3D ( 'NONE', #1192, #1782, #1036 ) ;
#1213 = AXIS2_PLACEMENT_3D ( 'NONE', #2301, #2100, #594 ) ;
#1214 = FACE_BOUND ( 'NONE', #212, .T. ) ;
#1215 = LINE ( 'NONE', #1967, #1391 ) ;
#1216 = EDGE_CURVE ( 'NONE', #1169, #2164, #1095, .T. ) ;
#1217 = VECTOR ( 'NONE', #2351, 100.0000000000000000 ) ;
#1218 = PLANE ( 'NONE',  #1375 ) ;
#1219 = VERTEX_POINT ( 'NONE', #69 ) ;
#1220 = ORIENTED_EDGE ( 'NONE', *, *, #1402, .F. ) ;
#1221 = EDGE_CURVE ( 'NONE', #559, #2164, #1046, .T. ) ;
#1222 = ADVANCED_FACE ( 'NONE', ( #1214, #2344, #824 ), #1225, .F. ) ;
#1223 = DIRECTION ( 'NONE',  ( 0.000000000000000000, 0.000000000000000000, -1.000000000000000000 ) ) ;
#1224 = EDGE_CURVE ( 'NONE', #558, #9, #2332, .T. ) ;
#1225 = PLANE ( 'NONE',  #1568 ) ;
#1226 = DIRECTION ( 'NONE',  ( 0.000000000000000000, 0.000000000000000000, 1.000000000000000000 ) ) ;
#1227 = LINE ( 'NONE', #1608, #187 ) ;
#1228 = ORIENTED_EDGE ( 'NONE', *, *, #2356, .T. ) ;
#1229 = VECTOR ( 'NONE', #739, 100.0000000000000000 ) ;
#1230 = EDGE_LOOP ( 'NONE', ( #920, #909, #1053, #2036 ) ) ;
#1231 = DIRECTION ( 'NONE',  ( 1.000000000000000000, -0.000000000000000000, -0.000000000000000000 ) ) ;
#1232 = LINE ( 'NONE', #900, #981 ) ;
#1233 = VERTEX_POINT ( 'NONE', #1975 ) ;
#1234 = DIRECTION ( 'NONE',  ( 0.000000000000000000, 0.000000000000000000, -1.000000000000000000 ) ) ;
#1235 = DIRECTION ( 'NONE',  ( -9.359798116929206086E-17, 1.000000000000000000, 0.000000000000000000 ) ) ;
#1236 = LINE ( 'NONE', #1987, #2227 ) ;
#1237 = CARTESIAN_POINT ( 'NONE',  ( 0.7574350551072374094, -0.7964013659952454693, 2.166981229344812299 ) ) ;
#1238 = EDGE_LOOP ( 'NONE', ( #223, #1290, #1119, #309 ) ) ;
#1239 = EDGE_CURVE ( 'NONE', #2371, #1925, #1792, .T. ) ;
#1240 = ORIENTED_EDGE ( 'NONE', *, *, #1007, .T. ) ;
#1241 = CARTESIAN_POINT ( 'NONE',  ( 0.5657427559643007919, -3.796401365995245136, 1.297398990077831549 ) ) ;
#1242 = CARTESIAN_POINT ( 'NONE',  ( -0.2177732695502039573, -1.226401365995245740, 3.289999999999999147 ) ) ;
#1243 = VECTOR ( 'NONE', #434, 100.0000000000000000 ) ;
#1244 = ORIENTED_EDGE ( 'NONE', *, *, #1224, .T. ) ;
#1245 = DIRECTION ( 'NONE',  ( 1.000000000000000000, 0.000000000000000000, 0.000000000000000000 ) ) ;
#1246 = FACE_OUTER_BOUND ( 'NONE', #1778, .T. ) ;
#1247 = AXIS2_PLACEMENT_3D ( 'NONE', #915, #2201, #2004 ) ;
#1248 = DIRECTION ( 'NONE',  ( 0.000000000000000000, 0.000000000000000000, 1.000000000000000000 ) ) ;
#1249 = VECTOR ( 'NONE', #984, 100.0000000000000000 ) ;
#1250 = VECTOR ( 'NONE', #607, 100.0000000000000000 ) ;
#1251 = LINE ( 'NONE', #306, #1603 ) ;
#1252 = AXIS2_PLACEMENT_3D ( 'NONE', #1643, #1869, #1305 ) ;
#1253 = ADVANCED_FACE ( 'NONE', ( #1420 ), #639, .F. ) ;
#1254 = ORIENTED_EDGE ( 'NONE', *, *, #38, .T. ) ;
#1255 = ADVANCED_FACE ( 'NONE', ( #1966 ), #2140, .F. ) ;
#1256 = ORIENTED_EDGE ( 'NONE', *, *, #1788, .F. ) ;
#1257 = LINE ( 'NONE', #1104, #1217 ) ;
#1258 = CARTESIAN_POINT ( 'NONE',  ( 3.982594413302706471, -0.7964013659952455804, 0.9691448775255496750 ) ) ;
#1259 = VECTOR ( 'NONE', #885, 100.0000000000000000 ) ;
#1260 = CYLINDRICAL_SURFACE ( 'NONE', #1848, 0.1499999999999999667 ) ;
#1261 = CARTESIAN_POINT ( 'NONE',  ( 3.382594413302705938, -0.7964013659952455804, 1.519144877525549386 ) ) ;
#1262 = PLANE ( 'NONE',  #300 ) ;
#1263 = ADVANCED_FACE ( 'NONE', ( #1617 ), #2355, .T. ) ;
#1264 = CYLINDRICAL_SURFACE ( 'NONE', #454, 0.1700000000000000122 ) ;
#1265 = LINE ( 'NONE', #1436, #357 ) ;
#1266 = VERTEX_POINT ( 'NONE', #315 ) ;
#1267 = VERTEX_POINT ( 'NONE', #505 ) ;
#1268 = AXIS2_PLACEMENT_3D ( 'NONE', #582, #397, #1957 ) ;
#1269 = CARTESIAN_POINT ( 'NONE',  ( -1.867773269550204729, -0.7964013659952455804, 4.169999999999999041 ) ) ;
#1270 = LINE ( 'NONE', #2363, #2374 ) ;
#1271 = DIRECTION ( 'NONE',  ( 1.000000000000000000, -0.000000000000000000, -0.000000000000000000 ) ) ;
#1272 = DIRECTION ( 'NONE',  ( -0.000000000000000000, -0.000000000000000000, -1.000000000000000000 ) ) ;
#1273 = DIRECTION ( 'NONE',  ( 0.000000000000000000, 1.000000000000000000, 0.000000000000000000 ) ) ;
#1274 = ADVANCED_FACE ( 'NONE', ( #115 ), #1082, .F. ) ;
#1275 = CARTESIAN_POINT ( 'NONE',  ( -3.887773269550203636, -1.226401365995245740, 3.119999999999999662 ) ) ;
#1276 = DIRECTION ( 'NONE',  ( 0.000000000000000000, 0.000000000000000000, -1.000000000000000000 ) ) ;
#1277 = ORIENTED_EDGE ( 'NONE', *, *, #798, .F. ) ;
#1278 = EDGE_CURVE ( 'NONE', #2164, #1169, #59, .T. ) ;
#1279 = EDGE_LOOP ( 'NONE', ( #1664, #2023, #486, #1385 ) ) ;
#1280 = FILL_AREA_STYLE_COLOUR ( '', #431 ) ;
#1281 = CARTESIAN_POINT ( 'NONE',  ( -2.917773269550204329, -3.496401365995244870, 3.669999999999999485 ) ) ;
#1282 = VERTEX_POINT ( 'NONE', #2018 ) ;
#1283 = EDGE_CURVE ( 'NONE', #644, #51, #713, .T. ) ;
#1284 = PLANE ( 'NONE',  #866 ) ;
#1285 = FACE_OUTER_BOUND ( 'NONE', #352, .T. ) ;
#1286 = ORIENTED_EDGE ( 'NONE', *, *, #2323, .F. ) ;
#1287 = LINE ( 'NONE', #472, #654 ) ;
#1288 = LINE ( 'NONE', #1656, #724 ) ;
#1289 = LINE ( 'NONE', #717, #668 ) ;
#1290 = ORIENTED_EDGE ( 'NONE', *, *, #1638, .T. ) ;
#1291 = AXIS2_PLACEMENT_3D ( 'NONE', #1205, #1979, #484 ) ;
#1292 = ORIENTED_EDGE ( 'NONE', *, *, #2411, .F. ) ;
#1293 = CIRCLE ( 'NONE', #816, 0.1500000000000001332 ) ;
#1294 = ADVANCED_FACE ( 'NONE', ( #1285 ), #728, .F. ) ;
#1296 =( NAMED_UNIT ( * ) SI_UNIT ( $, .STERADIAN. ) SOLID_ANGLE_UNIT ( ) );
#1295 = AXIS2_PLACEMENT_3D ( 'NONE', #1930, #39, #236 ) ;
#1297 = DIRECTION ( 'NONE',  ( -1.284980352575412453E-16, 1.000000000000000000, 0.000000000000000000 ) ) ;
#1298 = EDGE_LOOP ( 'NONE', ( #2328, #2306 ) ) ;
#1299 = EDGE_CURVE ( 'NONE', #1199, #348, #2223, .T. ) ;
#1300 = CARTESIAN_POINT ( 'NONE',  ( -3.887773269550203636, -1.226401365995245740, 3.119999999999999662 ) ) ;
#1301 = DIRECTION ( 'NONE',  ( 0.000000000000000000, 1.000000000000000000, -0.000000000000000000 ) ) ;
#1302 = ORIENTED_EDGE ( 'NONE', *, *, #620, .F. ) ;
#1303 = DIRECTION ( 'NONE',  ( -0.000000000000000000, -0.000000000000000000, -1.000000000000000000 ) ) ;
#1304 = AXIS2_PLACEMENT_3D ( 'NONE', #1444, #314, #2354 ) ;
#1305 = DIRECTION ( 'NONE',  ( 0.000000000000000000, 0.000000000000000000, 1.000000000000000000 ) ) ;
#1306 = DIRECTION ( 'NONE',  ( -8.462065736472231082E-17, -1.000000000000000000, 0.000000000000000000 ) ) ;
#1307 = ORIENTED_EDGE ( 'NONE', *, *, #196, .T. ) ;
#1308 = ORIENTED_EDGE ( 'NONE', *, *, #398, .T. ) ;
#1309 = FACE_BOUND ( 'NONE', #2350, .T. ) ;
#1310 = DIRECTION ( 'NONE',  ( -1.000000000000000000, 0.000000000000000000, 0.000000000000000000 ) ) ;
#1311 = ORIENTED_EDGE ( 'NONE', *, *, #839, .T. ) ;
#1312 = AXIS2_PLACEMENT_3D ( 'NONE', #628, #1380, #608 ) ;
#1313 = CARTESIAN_POINT ( 'NONE',  ( 3.982594413302706471, -0.9964013659952456470, 0.9691448775255496750 ) ) ;
#1314 = VERTEX_POINT ( 'NONE', #519 ) ;
#1315 = CARTESIAN_POINT ( 'NONE',  ( 2.332594413302706560, -3.496401365995245758, 1.519144877525549386 ) ) ;
#1316 = CYLINDRICAL_SURFACE ( 'NONE', #1025, 0.1700000000000000122 ) ;
#1317 = CARTESIAN_POINT ( 'NONE',  ( 6.920977092352289084, -0.7964013659952454693, 2.166981229344812299 ) ) ;
#1318 = ORIENTED_EDGE ( 'NONE', *, *, #403, .F. ) ;
#1319 = ADVANCED_FACE ( 'NONE', ( #1246 ), #2028, .F. ) ;
#1320 = ORIENTED_EDGE ( 'NONE', *, *, #196, .F. ) ;
#1321 = FACE_OUTER_BOUND ( 'NONE', #2022, .T. ) ;
#1322 = SURFACE_SIDE_STYLE ('',( #561 ) ) ;
#1323 = CARTESIAN_POINT ( 'NONE',  ( 7.029284793209352067, -3.796401365995245136, 1.297398990077831549 ) ) ;
#1324 = EDGE_LOOP ( 'NONE', ( #584, #2318, #514, #1570 ) ) ;
#1325 = EDGE_CURVE ( 'NONE', #1282, #1757, #1336, .T. ) ;
#1326 = CARTESIAN_POINT ( 'NONE',  ( -0.5177732695502045290, -3.496401365995244870, 1.519144877525549386 ) ) ;
#1327 = EDGE_LOOP ( 'NONE', ( #1725, #1130, #96, #1569 ) ) ;
#1328 = PLANE ( 'NONE',  #536 ) ;
#1329 = CARTESIAN_POINT ( 'NONE',  ( 5.032594413302706293, -0.7964013659952455804, 3.669999999999999485 ) ) ;
#1330 = DIRECTION ( 'NONE',  ( -1.309225264888156130E-16, 1.000000000000000000, -0.000000000000000000 ) ) ;
#1331 = UNCERTAINTY_MEASURE_WITH_UNIT (LENGTH_MEASURE( 1.000000000000000082E-05 ), #151, 'distance_accuracy_value', 'NONE');
#1332 = CIRCLE ( 'NONE', #1369, 0.1500000000000001332 ) ;
#1333 = VERTEX_POINT ( 'NONE', #1666 ) ;
#1334 = CARTESIAN_POINT ( 'NONE',  ( -0.5177732695502041960, -3.016401365995245776, 3.279999999999999361 ) ) ;
#1335 = EDGE_CURVE ( 'NONE', #354, #298, #1640, .T. ) ;
#1336 = CIRCLE ( 'NONE', #977, 0.1600000000000000866 ) ;
#1337 = EDGE_LOOP ( 'NONE', ( #976, #100 ) ) ;
#1338 = VECTOR ( 'NONE', #1632, 100.0000000000000000 ) ;
#1339 = DIRECTION ( 'NONE',  ( 8.260587980841938780E-17, 1.000000000000000000, -0.000000000000000000 ) ) ;
#1340 = FILL_AREA_STYLE ('',( #1507 ) ) ;
#1341 = CARTESIAN_POINT ( 'NONE',  ( 7.070977092352288551, -3.796401365995245136, 2.166981229344812299 ) ) ;
#1342 = EDGE_LOOP ( 'NONE', ( #255, #139, #1101, #895 ) ) ;
#1343 = DIRECTION ( 'NONE',  ( 8.260587980841940012E-17, 1.000000000000000000, -0.000000000000000000 ) ) ;
#1344 = ORIENTED_EDGE ( 'NONE', *, *, #970, .T. ) ;
#1345 = DIRECTION ( 'NONE',  ( -1.000000000000000000, 0.000000000000000000, 0.000000000000000000 ) ) ;
#1346 = CARTESIAN_POINT ( 'NONE',  ( 1.362594413302707030, -3.016401365995245776, 3.279999999999999361 ) ) ;
#1347 = DIRECTION ( 'NONE',  ( -8.462065736472231082E-17, -1.000000000000000000, 0.000000000000000000 ) ) ;
#1348 = ORIENTED_EDGE ( 'NONE', *, *, #471, .T. ) ;
#1349 = AXIS2_PLACEMENT_3D ( 'NONE', #742, #550, #1708 ) ;
#1350 = ORIENTED_EDGE ( 'NONE', *, *, #2356, .F. ) ;
#1351 = CARTESIAN_POINT ( 'NONE',  ( 3.557594413302705760, -1.296401365995245802, 3.894999999999999130 ) ) ;
#1352 = EDGE_LOOP ( 'NONE', ( #980, #1154, #1109, #1960 ) ) ;
#1353 = DIRECTION ( 'NONE',  ( 1.000000000000000000, 0.000000000000000000, -0.000000000000000000 ) ) ;
#1354 = CARTESIAN_POINT ( 'NONE',  ( 2.632594413302705938, -3.496401365995244870, 3.669999999999999485 ) ) ;
#1355 = CARTESIAN_POINT ( 'NONE',  ( 4.732594413302705583, -3.496401365995246202, 3.669999999999999485 ) ) ;
#1356 = FACE_OUTER_BOUND ( 'NONE', #1667, .T. ) ;
#1357 = VERTEX_POINT ( 'NONE', #1261 ) ;
#1358 = ORIENTED_EDGE ( 'NONE', *, *, #819, .T. ) ;
#1359 = LINE ( 'NONE', #2093, #26 ) ;
#1360 = ORIENTED_EDGE ( 'NONE', *, *, #2074, .F. ) ;
#1361 = DIRECTION ( 'NONE',  ( 1.000000000000000000, -0.000000000000000000, -0.000000000000000000 ) ) ;
#1362 = DIRECTION ( 'NONE',  ( -8.462065736472231082E-17, -1.000000000000000000, 0.000000000000000000 ) ) ;
#1363 = EDGE_CURVE ( 'NONE', #1476, #1333, #18, .T. ) ;
#1364 = EDGE_CURVE ( 'NONE', #200, #2016, #1443, .T. ) ;
#1365 = DIRECTION ( 'NONE',  ( -0.000000000000000000, -0.000000000000000000, -1.000000000000000000 ) ) ;
#1366 = CYLINDRICAL_SURFACE ( 'NONE', #2053, 0.1500000000000001332 ) ;
#1367 = ORIENTED_EDGE ( 'NONE', *, *, #1440, .T. ) ;
#1368 = ADVANCED_FACE ( 'NONE', ( #1459, #328, #155 ), #1093, .F. ) ;
#1369 = AXIS2_PLACEMENT_3D ( 'NONE', #1026, #1762, #1774 ) ;
#1370 = ORIENTED_EDGE ( 'NONE', *, *, #2139, .T. ) ;
#1371 = CYLINDRICAL_SURFACE ( 'NONE', #1295, 0.1500000000000001332 ) ;
#1372 = PRODUCT_DEFINITION_FORMATION_WITH_SPECIFIED_SOURCE ( 'ANY', '', #1593, .NOT_KNOWN. ) ;
#1373 = ORIENTED_EDGE ( 'NONE', *, *, #417, .F. ) ;
#1374 = EDGE_CURVE ( 'NONE', #2217, #455, #1473, .T. ) ;
#1375 = AXIS2_PLACEMENT_3D ( 'NONE', #1597, #1414, #2156 ) ;
#1376 = DIRECTION ( 'NONE',  ( 1.000000000000000000, 0.000000000000000000, 0.000000000000000000 ) ) ;
#1377 = DIRECTION ( 'NONE',  ( -0.000000000000000000, -1.000000000000000000, -0.000000000000000000 ) ) ;
#1378 = VECTOR ( 'NONE', #1303, 100.0000000000000000 ) ;
#1379 = DIRECTION ( 'NONE',  ( 1.000000000000000000, -8.462065736472231082E-17, 3.154042683594196107E-16 ) ) ;
#1380 = DIRECTION ( 'NONE',  ( -1.284980352575412453E-16, 1.000000000000000000, 0.000000000000000000 ) ) ;
#1381 = UNCERTAINTY_MEASURE_WITH_UNIT (LENGTH_MEASURE( 1.000000000000000082E-05 ), #1043, 'distance_accuracy_value', 'NONE');
#1382 = ORIENTED_EDGE ( 'NONE', *, *, #2335, .F. ) ;
#1383 = SURFACE_STYLE_USAGE ( .BOTH. , #275 ) ;
#1384 = VECTOR ( 'NONE', #1361, 100.0000000000000000 ) ;
#1385 = ORIENTED_EDGE ( 'NONE', *, *, #417, .T. ) ;
#1386 = EDGE_LOOP ( 'NONE', ( #795, #549, #1998, #1358 ) ) ;
#1387 = CARTESIAN_POINT ( 'NONE',  ( 0.8657427559643007253, -3.796401365995245136, 1.297398990077831549 ) ) ;
#1388 = EDGE_CURVE ( 'NONE', #1925, #1892, #1755, .T. ) ;
#1389 = DIRECTION ( 'NONE',  ( 0.000000000000000000, 0.000000000000000000, -1.000000000000000000 ) ) ;
#1390 = DIRECTION ( 'NONE',  ( 1.000000000000000000, -0.000000000000000000, -0.000000000000000000 ) ) ;
#1391 = VECTOR ( 'NONE', #273, 100.0000000000000000 ) ;
#1392 = CARTESIAN_POINT ( 'NONE',  ( 0.7157427559643008141, -3.796401365995245136, 1.297398990077831549 ) ) ;
#1393 = ORIENTED_EDGE ( 'NONE', *, *, #2049, .F. ) ;
#1394 = EDGE_LOOP ( 'NONE', ( #1228, #656, #1076, #2258 ) ) ;
#1395 = FACE_OUTER_BOUND ( 'NONE', #714, .T. ) ;
#1396 = CARTESIAN_POINT ( 'NONE',  ( 2.632594413302705938, -3.016401365995245776, 3.119999999999999662 ) ) ;
#1397 = EDGE_CURVE ( 'NONE', #736, #558, #928, .T. ) ;
#1398 = CARTESIAN_POINT ( 'NONE',  ( -3.887773269550203636, -1.226401365995245740, 3.119999999999999662 ) ) ;
#1399 = CARTESIAN_POINT ( 'NONE',  ( 7.029284793209352067, -3.796401365995245136, 1.297398990077831549 ) ) ;
#1400 = CARTESIAN_POINT ( 'NONE',  ( 2.332594413302706116, -3.016401365995245776, 3.119999999999999662 ) ) ;
#1401 = DIRECTION ( 'NONE',  ( 1.000000000000000000, 0.000000000000000000, 0.000000000000000000 ) ) ;
#1402 = EDGE_CURVE ( 'NONE', #2103, #2409, #2419, .T. ) ;
#1403 = VERTEX_POINT ( 'NONE', #1497 ) ;
#1404 = ADVANCED_FACE ( 'NONE', ( #2278 ), #1694, .T. ) ;
#1405 = EDGE_LOOP ( 'NONE', ( #359, #2239 ) ) ;
#1406 = AXIS2_PLACEMENT_3D ( 'NONE', #1108, #534, #877 ) ;
#1407 = FACE_BOUND ( 'NONE', #511, .T. ) ;
#1408 = PRESENTATION_STYLE_ASSIGNMENT (( #32 ) ) ;
#1409 = AXIS2_PLACEMENT_3D ( 'NONE', #1636, #1983, #478 ) ;
#1410 = VECTOR ( 'NONE', #1629, 100.0000000000000000 ) ;
#1411 = DIRECTION ( 'NONE',  ( 1.284980352575412453E-16, -1.000000000000000000, 0.000000000000000000 ) ) ;
#1412 = CARTESIAN_POINT ( 'NONE',  ( -1.867773269550204729, -0.7964013659952455804, 0.9691448775255496750 ) ) ;
#1413 = CIRCLE ( 'NONE', #429, 0.1700000000000000122 ) ;
#1414 = DIRECTION ( 'NONE',  ( -1.000000000000000000, 8.462065736472231082E-17, 0.000000000000000000 ) ) ;
#1415 = VERTEX_POINT ( 'NONE', #239 ) ;
#1416 = ORIENTED_EDGE ( 'NONE', *, *, #2052, .T. ) ;
#1417 = CARTESIAN_POINT ( 'NONE',  ( 5.032594413302706293, -3.496401365995244870, 3.669999999999999485 ) ) ;
#1418 = CARTESIAN_POINT ( 'NONE',  ( -1.267773269550204640, -0.9964013659952456470, 4.169999999999999041 ) ) ;
#1419 = ORIENTED_EDGE ( 'NONE', *, *, #1721, .T. ) ;
#1420 = FACE_OUTER_BOUND ( 'NONE', #643, .T. ) ;
#1421 = EDGE_CURVE ( 'NONE', #1744, #862, #1552, .T. ) ;
#1422 = CARTESIAN_POINT ( 'NONE',  ( -0.5177732695502045290, -3.496401365995246202, 3.669999999999999485 ) ) ;
#1423 = CARTESIAN_POINT ( 'NONE',  ( -2.917773269550204329, -3.496401365995244870, 3.669999999999999485 ) ) ;
#1424 = VERTEX_POINT ( 'NONE', #942 ) ;
#1425 = AXIS2_PLACEMENT_3D ( 'NONE', #2359, #163, #2009 ) ;
#1426 = ORIENTED_EDGE ( 'NONE', *, *, #1798, .T. ) ;
#1427 = VECTOR ( 'NONE', #353, 100.0000000000000000 ) ;
#1428 = SURFACE_STYLE_USAGE ( .BOTH. , #2024 ) ;
#1429 = DIRECTION ( 'NONE',  ( -0.000000000000000000, -0.000000000000000000, -1.000000000000000000 ) ) ;
#1430 = LINE ( 'NONE', #126, #851 ) ;
#1431 = ADVANCED_FACE ( 'NONE', ( #1179 ), #2431, .T. ) ;
#1432 = CARTESIAN_POINT ( 'NONE',  ( -2.917773269550204329, -3.016401365995245776, 3.279999999999999361 ) ) ;
#1433 = ADVANCED_FACE ( 'NONE', ( #1893 ), #1933, .F. ) ;
#1434 = DIRECTION ( 'NONE',  ( -1.000000000000000000, -1.284980352575412453E-16, 0.000000000000000000 ) ) ;
#1435 = PLANE ( 'NONE',  #2188 ) ;
#1436 = CARTESIAN_POINT ( 'NONE',  ( 2.632594413302705938, -0.9964013659952456470, 1.519144877525549386 ) ) ;
#1437 = ORIENTED_EDGE ( 'NONE', *, *, #1100, .F. ) ;
#1438 = ORIENTED_EDGE ( 'NONE', *, *, #1335, .T. ) ;
#1439 = LINE ( 'NONE', #1241, #1457 ) ;
#1440 = EDGE_CURVE ( 'NONE', #1233, #500, #43, .T. ) ;
#1441 = LINE ( 'NONE', #1418, #1768 ) ;
#1442 = VECTOR ( 'NONE', #1905, 100.0000000000000000 ) ;
#1443 = CIRCLE ( 'NONE', #333, 0.1500000000000001332 ) ;
#1444 = CARTESIAN_POINT ( 'NONE',  ( 0.7157427559643008141, -3.796401365995245136, 1.297398990077831549 ) ) ;
#1445 = CARTESIAN_POINT ( 'NONE',  ( -1.267773269550204640, -0.9964013659952456470, 4.169999999999999041 ) ) ;
#1446 = AXIS2_PLACEMENT_3D ( 'NONE', #2255, #946, #568 ) ;
#1447 = CARTESIAN_POINT ( 'NONE',  ( 0.9074350551072378757, -3.796401365995245136, 2.166981229344812299 ) ) ;
#1448 = DIRECTION ( 'NONE',  ( -0.000000000000000000, -0.000000000000000000, -1.000000000000000000 ) ) ;
#1449 = ORIENTED_EDGE ( 'NONE', *, *, #1798, .F. ) ;
#1450 = VECTOR ( 'NONE', #1678, 100.0000000000000000 ) ;
#1451 = VECTOR ( 'NONE', #172, 100.0000000000000000 ) ;
#1452 = ORIENTED_EDGE ( 'NONE', *, *, #1478, .T. ) ;
#1453 = SURFACE_STYLE_FILL_AREA ( #910 ) ;
#1454 = EDGE_CURVE ( 'NONE', #1709, #1916, #1936, .T. ) ;
#1455 = DIRECTION ( 'NONE',  ( -1.000000000000000000, -1.284980352575412699E-16, -0.000000000000000000 ) ) ;
#1456 = ORIENTED_EDGE ( 'NONE', *, *, #2112, .T. ) ;
#1457 = VECTOR ( 'NONE', #1079, 100.0000000000000000 ) ;
#1458 = CARTESIAN_POINT ( 'NONE',  ( 0.000000000000000000, 0.000000000000000000, 3.669999999999999485 ) ) ;
#1459 = FACE_BOUND ( 'NONE', #2383, .T. ) ;
#1460 = PLANE ( 'NONE',  #1687 ) ;
#1461 = APPLICATION_CONTEXT ( 'automotive_design' ) ;
#1462 = ADVANCED_FACE ( 'NONE', ( #2097, #1512, #1879 ), #418, .F. ) ;
#1463 = CARTESIAN_POINT ( 'NONE',  ( -0.2177732695502039573, -0.7964013659952455804, 1.519144877525549386 ) ) ;
#1464 = CARTESIAN_POINT ( 'NONE',  ( -3.887773269550203636, -3.016401365995245776, 2.959999999999999520 ) ) ;
#1465 = ORIENTED_EDGE ( 'NONE', *, *, #1523, .F. ) ;
#1466 = ADVANCED_FACE ( 'NONE', ( #406 ), #1170, .F. ) ;
#1467 = CIRCLE ( 'NONE', #2008, 0.1700000000000000122 ) ;
#1468 = VERTEX_POINT ( 'NONE', #1326 ) ;
#1469 = AXIS2_PLACEMENT_3D ( 'NONE', #2088, #385, #761 ) ;
#1470 = DIRECTION ( 'NONE',  ( -1.284980352575412453E-16, 1.000000000000000000, 0.000000000000000000 ) ) ;
#1471 = ORIENTED_EDGE ( 'NONE', *, *, #927, .T. ) ;
#1472 = DIRECTION ( 'NONE',  ( 0.000000000000000000, -0.000000000000000000, 1.000000000000000000 ) ) ;
#1473 = LINE ( 'NONE', #1653, #1427 ) ;
#1474 = DIRECTION ( 'NONE',  ( 1.000000000000000000, 0.000000000000000000, -0.000000000000000000 ) ) ;
#1475 = CARTESIAN_POINT ( 'NONE',  ( -2.617773269550204507, -0.9964013659952456470, 3.669999999999999485 ) ) ;
#1476 = VERTEX_POINT ( 'NONE', #2252 ) ;
#1477 = EDGE_CURVE ( 'NONE', #1789, #719, #2082, .T. ) ;
#1478 = EDGE_CURVE ( 'NONE', #2218, #943, #863, .T. ) ;
#1479 = EDGE_CURVE ( 'NONE', #1729, #1769, #379, .T. ) ;
#1480 = ORIENTED_EDGE ( 'NONE', *, *, #4, .F. ) ;
#1481 = CARTESIAN_POINT ( 'NONE',  ( 0.2822267304497961260, -3.496401365995244870, 1.519144877525549386 ) ) ;
#1482 = ORIENTED_EDGE ( 'NONE', *, *, #2366, .T. ) ;
#1483 = CARTESIAN_POINT ( 'NONE',  ( -2.617773269550204507, -0.9964013659952456470, 1.519144877525549386 ) ) ;
#1484 = DIRECTION ( 'NONE',  ( 1.000000000000000000, 1.284980352575412453E-16, 0.000000000000000000 ) ) ;
#1485 = ORIENTED_EDGE ( 'NONE', *, *, #689, .F. ) ;
#1486 = FACE_OUTER_BOUND ( 'NONE', #2039, .T. ) ;
#1487 = CARTESIAN_POINT ( 'NONE',  ( 3.382594413302705938, -0.7964013659952455804, 0.9691448775255496750 ) ) ;
#1488 = LINE ( 'NONE', #674, #666 ) ;
#1489 = ORIENTED_EDGE ( 'NONE', *, *, #1388, .T. ) ;
#1490 = VECTOR ( 'NONE', #2017, 100.0000000000000000 ) ;
#1491 = ORIENTED_EDGE ( 'NONE', *, *, #513, .T. ) ;
#1492 = AXIS2_PLACEMENT_3D ( 'NONE', #2391, #2030, #682 ) ;
#1494 = AXIS2_PLACEMENT_3D ( 'NONE', #1534, #601, #1674 ) ;
#1493 = CARTESIAN_POINT ( 'NONE',  ( -2.617773269550204507, -0.9964013659952456470, 1.519144877525549386 ) ) ;
#1495 = FACE_BOUND ( 'NONE', #1609, .T. ) ;
#1496 = EDGE_LOOP ( 'NONE', ( #667, #1491 ) ) ;
#1497 = CARTESIAN_POINT ( 'NONE',  ( -0.5177732695502048621, -0.9964013659952457580, 1.519144877525549386 ) ) ;
#1498 = VERTEX_POINT ( 'NONE', #1145 ) ;
#1499 = AXIS2_PLACEMENT_3D ( 'NONE', #771, #1131, #2058 ) ;
#1500 = DIRECTION ( 'NONE',  ( -1.000000000000000000, -1.284980352575412453E-16, 0.000000000000000000 ) ) ;
#1501 = DIRECTION ( 'NONE',  ( 0.000000000000000000, 0.000000000000000000, -1.000000000000000000 ) ) ;
#1502 = ADVANCED_FACE ( 'NONE', ( #1540 ), #1, .F. ) ;
#1503 = CARTESIAN_POINT ( 'NONE',  ( -3.887773269550203636, -1.226401365995245740, 2.949999999999999289 ) ) ;
#1504 = EDGE_LOOP ( 'NONE', ( #12, #2283, #1519, #1700 ) ) ;
#1505 = ORIENTED_EDGE ( 'NONE', *, *, #629, .F. ) ;
#1506 = PLANE ( 'NONE',  #234 ) ;
#1507 = FILL_AREA_STYLE_COLOUR ( '', #162 ) ;
#1508 = VECTOR ( 'NONE', #266, 100.0000000000000000 ) ;
#1509 = CARTESIAN_POINT ( 'NONE',  ( -1.267773269550204196, -0.9964013659952456470, 0.9691448775255496750 ) ) ;
#1510 = EDGE_LOOP ( 'NONE', ( #2057, #1244, #1190, #2102 ) ) ;
#1511 = CIRCLE ( 'NONE', #439, 0.1600000000000000866 ) ;
#1512 = FACE_BOUND ( 'NONE', #2282, .T. ) ;
#1513 = ORIENTED_EDGE ( 'NONE', *, *, #50, .F. ) ;
#1514 = CARTESIAN_POINT ( 'NONE',  ( 5.032594413302706293, -0.7964013659952455804, 1.519144877525549386 ) ) ;
#1515 = EDGE_CURVE ( 'NONE', #347, #323, #578, .T. ) ;
#1516 = LINE ( 'NONE', #1346, #847 ) ;
#1517 = FACE_OUTER_BOUND ( 'NONE', #376, .T. ) ;
#1518 = ORIENTED_EDGE ( 'NONE', *, *, #1657, .F. ) ;
#1519 = ORIENTED_EDGE ( 'NONE', *, *, #1221, .T. ) ;
#1520 = CARTESIAN_POINT ( 'NONE',  ( -3.887773269550203636, -1.226401365995245740, 3.289999999999999147 ) ) ;
#1521 = FACE_OUTER_BOUND ( 'NONE', #2075, .T. ) ;
#1522 = ORIENTED_EDGE ( 'NONE', *, *, #835, .T. ) ;
#1523 = EDGE_CURVE ( 'NONE', #1744, #969, #1651, .T. ) ;
#1524 = CARTESIAN_POINT ( 'NONE',  ( 4.732594413302705583, -3.496401365995246202, 3.669999999999999485 ) ) ;
#1525 = ORIENTED_EDGE ( 'NONE', *, *, #2236, .F. ) ;
#1526 = CARTESIAN_POINT ( 'NONE',  ( 0.7574350551072377424, -3.796401365995245136, 2.166981229344812299 ) ) ;
#1527 = DIRECTION ( 'NONE',  ( 3.154042683594196107E-16, 0.000000000000000000, -1.000000000000000000 ) ) ;
#1528 = DIRECTION ( 'NONE',  ( 3.154042683594196107E-16, 0.000000000000000000, -1.000000000000000000 ) ) ;
#1529 = UNCERTAINTY_MEASURE_WITH_UNIT (LENGTH_MEASURE( 1.000000000000000082E-05 ), #873, 'distance_accuracy_value', 'NONE');
#1530 = VERTEX_POINT ( 'NONE', #1973 ) ;
#1531 = CARTESIAN_POINT ( 'NONE',  ( 0.000000000000000000, 0.000000000000000000, 0.000000000000000000 ) ) ;
#1532 = EDGE_LOOP ( 'NONE', ( #1673, #153, #609, #464, #380, #1416 ) ) ;
#1533 = CIRCLE ( 'NONE', #1446, 0.1600000000000000866 ) ;
#1534 = CARTESIAN_POINT ( 'NONE',  ( 1.362594413302707030, -1.226401365995245740, 3.119999999999999662 ) ) ;
#1535 = CARTESIAN_POINT ( 'NONE',  ( 5.032594413302706293, -0.7964013659952455804, 3.669999999999999485 ) ) ;
#1536 = EDGE_LOOP ( 'NONE', ( #399, #802, #801, #2096 ) ) ;
#1537 = AXIS2_PLACEMENT_3D ( 'NONE', #2242, #552, #1920 ) ;
#1538 = VECTOR ( 'NONE', #2389, 100.0000000000000000 ) ;
#1539 = EDGE_CURVE ( 'NONE', #2360, #2241, #844, .T. ) ;
#1540 = FACE_OUTER_BOUND ( 'NONE', #185, .T. ) ;
#1541 = ORIENTED_EDGE ( 'NONE', *, *, #2416, .T. ) ;
#1542 = DIRECTION ( 'NONE',  ( 1.000000000000000000, 0.000000000000000000, -0.000000000000000000 ) ) ;
#1543 = LINE ( 'NONE', #1134, #527 ) ;
#1544 = CARTESIAN_POINT ( 'NONE',  ( 4.732594413302706471, -1.226401365995245740, 3.119999999999999662 ) ) ;
#1545 = ORIENTED_EDGE ( 'NONE', *, *, #768, .T. ) ;
#1546 = VECTOR ( 'NONE', #565, 100.0000000000000000 ) ;
#1547 = ORIENTED_EDGE ( 'NONE', *, *, #2139, .F. ) ;
#1548 = EDGE_CURVE ( 'NONE', #354, #871, #2042, .T. ) ;
#1549 = DIRECTION ( 'NONE',  ( -1.000000000000000000, 0.000000000000000000, 0.000000000000000000 ) ) ;
#1550 = ADVANCED_FACE ( 'NONE', ( #1572 ), #1010, .F. ) ;
#1551 = ORIENTED_EDGE ( 'NONE', *, *, #819, .F. ) ;
#1552 = LINE ( 'NONE', #787, #1384 ) ;
#1553 = LINE ( 'NONE', #1974, #2339 ) ;
#1554 = MECHANICAL_DESIGN_GEOMETRIC_PRESENTATION_REPRESENTATION (  '', ( #1196 ), #1904 ) ;
#1555 = PLANE ( 'NONE',  #770 ) ;
#1556 = DIRECTION ( 'NONE',  ( -1.000000000000000000, -1.284980352575412453E-16, 0.000000000000000000 ) ) ;
#1557 = ORIENTED_EDGE ( 'NONE', *, *, #1364, .T. ) ;
#1558 = DIRECTION ( 'NONE',  ( 0.000000000000000000, 1.000000000000000000, 0.000000000000000000 ) ) ;
#1559 = EDGE_CURVE ( 'NONE', #2077, #542, #1965, .T. ) ;
#1560 = ORIENTED_EDGE ( 'NONE', *, *, #1952, .T. ) ;
#1561 = FACE_OUTER_BOUND ( 'NONE', #75, .T. ) ;
#1562 = ORIENTED_EDGE ( 'NONE', *, *, #1838, .T. ) ;
#1563 = CARTESIAN_POINT ( 'NONE',  ( 4.732594413302706471, -1.226401365995245740, 2.949999999999999289 ) ) ;
#1564 = DIRECTION ( 'NONE',  ( -1.000000000000000000, -1.284980352575412453E-16, 0.000000000000000000 ) ) ;
#1565 = DIRECTION ( 'NONE',  ( -1.000000000000000000, 0.000000000000000000, 0.000000000000000000 ) ) ;
#1566 = CARTESIAN_POINT ( 'NONE',  ( 2.332594413302706116, -3.496401365995244870, 3.669999999999999485 ) ) ;
#1567 = ORIENTED_EDGE ( 'NONE', *, *, #638, .F. ) ;
#1568 = AXIS2_PLACEMENT_3D ( 'NONE', #80, #1411, #1584 ) ;
#1569 = ORIENTED_EDGE ( 'NONE', *, *, #1721, .F. ) ;
#1570 = ORIENTED_EDGE ( 'NONE', *, *, #1727, .T. ) ;
#1571 = VECTOR ( 'NONE', #2061, 100.0000000000000000 ) ;
#1572 = FACE_OUTER_BOUND ( 'NONE', #2145, .T. ) ;
#1573 = CARTESIAN_POINT ( 'NONE',  ( -1.267773269550204196, -0.7964013659952455804, 0.9691448775255496750 ) ) ;
#1574 = AXIS2_PLACEMENT_3D ( 'NONE', #537, #1345, #2433 ) ;
#1575 = CARTESIAN_POINT ( 'NONE',  ( -1.267773269550204196, -0.9964013659952456470, 0.9691448775255496750 ) ) ;
#1576 = CARTESIAN_POINT ( 'NONE',  ( 7.179284793209352422, -3.796401365995245136, 1.297398990077831549 ) ) ;
#1577 = ORIENTED_EDGE ( 'NONE', *, *, #2299, .F. ) ;
#1578 = LINE ( 'NONE', #60, #2032 ) ;
#1579 = CARTESIAN_POINT ( 'NONE',  ( -1.267773269550204640, -0.9964013659952456470, 3.669999999999999485 ) ) ;
#1580 = VERTEX_POINT ( 'NONE', #2119 ) ;
#1581 = ADVANCED_FACE ( 'NONE', ( #2311, #1407, #2320 ), #1982, .F. ) ;
#1582 = VERTEX_POINT ( 'NONE', #288 ) ;
#1583 = DIRECTION ( 'NONE',  ( -1.284980352575412453E-16, 1.000000000000000000, 0.000000000000000000 ) ) ;
#1584 = DIRECTION ( 'NONE',  ( 1.000000000000000000, 1.284980352575412453E-16, 0.000000000000000000 ) ) ;
#1585 = EDGE_CURVE ( 'NONE', #2286, #1074, #2150, .T. ) ;
#1586 = CARTESIAN_POINT ( 'NONE',  ( -1.392773269550204418, -0.7964013659952458024, 3.894999999999999130 ) ) ;
#1587 = CIRCLE ( 'NONE', #248, 0.1600000000000000866 ) ;
#1588 = CARTESIAN_POINT ( 'NONE',  ( 3.982594413302706471, -0.7964013659952455804, 3.669999999999999485 ) ) ;
#1589 = ORIENTED_EDGE ( 'NONE', *, *, #1150, .T. ) ;
#1590 = ADVANCED_FACE ( 'NONE', ( #458 ), #467, .F. ) ;
#1591 = ORIENTED_EDGE ( 'NONE', *, *, #318, .T. ) ;
#1592 = DIRECTION ( 'NONE',  ( -1.284980352575412453E-16, 1.000000000000000000, 0.000000000000000000 ) ) ;
#1593 = PRODUCT ( 'motor-front', 'motor-front', '', ( #991 ) ) ;
#1594 = DIRECTION ( 'NONE',  ( -1.000000000000000000, -1.284980352575412453E-16, 0.000000000000000000 ) ) ;
#1595 = DIRECTION ( 'NONE',  ( -1.309225264888156130E-16, 1.000000000000000000, -0.000000000000000000 ) ) ;
#1596 = CARTESIAN_POINT ( 'NONE',  ( 3.382594413302705938, -0.7964013659952455804, 1.519144877525549386 ) ) ;
#1597 = CARTESIAN_POINT ( 'NONE',  ( -1.867773269550204729, -0.7964013659952455804, 0.9691448775255496750 ) ) ;
#1598 = EDGE_LOOP ( 'NONE', ( #287, #23, #1827, #1308, #1589, #1254 ) ) ;
#1599 = ORIENTED_EDGE ( 'NONE', *, *, #2148, .F. ) ;
#1600 = DIRECTION ( 'NONE',  ( 0.000000000000000000, 0.000000000000000000, -1.000000000000000000 ) ) ;
#1601 = AXIS2_PLACEMENT_3D ( 'NONE', #1113, #2193, #2370 ) ;
#1602 = VECTOR ( 'NONE', #669, 100.0000000000000000 ) ;
#1603 = VECTOR ( 'NONE', #1072, 100.0000000000000000 ) ;
#1604 = CARTESIAN_POINT ( 'NONE',  ( 3.982594413302706471, -0.9964013659952456470, 4.169999999999999041 ) ) ;
#1605 = DIRECTION ( 'NONE',  ( -0.000000000000000000, -0.000000000000000000, -1.000000000000000000 ) ) ;
#1606 = VECTOR ( 'NONE', #2345, 100.0000000000000000 ) ;
#1607 = VECTOR ( 'NONE', #753, 100.0000000000000000 ) ;
#1608 = CARTESIAN_POINT ( 'NONE',  ( -3.887773269550203636, -3.016401365995245776, 3.279999999999999361 ) ) ;
#1609 = EDGE_LOOP ( 'NONE', ( #1971, #2111 ) ) ;
#1610 = STYLED_ITEM ( 'NONE', ( #2330 ), #1662 ) ;
#1611 = ORIENTED_EDGE ( 'NONE', *, *, #779, .T. ) ;
#1612 = AXIS2_PLACEMENT_3D ( 'NONE', #414, #1862, #27 ) ;
#1613 = EDGE_CURVE ( 'NONE', #425, #455, #1777, .T. ) ;
#1614 = DIRECTION ( 'NONE',  ( 1.000000000000000000, -0.000000000000000000, -0.000000000000000000 ) ) ;
#1615 = LINE ( 'NONE', #2352, #896 ) ;
#1616 = DIRECTION ( 'NONE',  ( -1.000000000000000000, 0.000000000000000000, 0.000000000000000000 ) ) ;
#1617 = FACE_OUTER_BOUND ( 'NONE', #2316, .T. ) ;
#1618 = ADVANCED_FACE ( 'NONE', ( #1395 ), #2137, .F. ) ;
#1619 = DIRECTION ( 'NONE',  ( -1.284980352575412453E-16, 1.000000000000000000, 0.000000000000000000 ) ) ;
#1620 = DIRECTION ( 'NONE',  ( 1.000000000000000000, -0.000000000000000000, -0.000000000000000000 ) ) ;
#1621 = AXIS2_PLACEMENT_3D ( 'NONE', #697, #919, #1276 ) ;
#1622 = DIRECTION ( 'NONE',  ( 1.000000000000000000, 0.000000000000000000, 0.000000000000000000 ) ) ;
#1623 = ORIENTED_EDGE ( 'NONE', *, *, #512, .T. ) ;
#1624 = VECTOR ( 'NONE', #1330, 100.0000000000000000 ) ;
#1625 = EDGE_LOOP ( 'NONE', ( #1547, #331, #1307, #246 ) ) ;
#1626 = LINE ( 'NONE', #112, #2084 ) ;
#1627 = CARTESIAN_POINT ( 'NONE',  ( 2.332594413302706116, -3.016401365995245776, 3.279999999999999361 ) ) ;
#1628 = ORIENTED_EDGE ( 'NONE', *, *, #97, .T. ) ;
#1629 = DIRECTION ( 'NONE',  ( -8.462065736472231082E-17, -1.000000000000000000, 0.000000000000000000 ) ) ;
#1630 = DIRECTION ( 'NONE',  ( 0.000000000000000000, 0.000000000000000000, 1.000000000000000000 ) ) ;
#1631 = DIRECTION ( 'NONE',  ( 1.000000000000000000, -0.000000000000000000, -0.000000000000000000 ) ) ;
#1632 = DIRECTION ( 'NONE',  ( -8.462065736472231082E-17, -1.000000000000000000, 0.000000000000000000 ) ) ;
#1633 = VERTEX_POINT ( 'NONE', #449 ) ;
#1634 = ORIENTED_EDGE ( 'NONE', *, *, #2183, .F. ) ;
#1635 = DIRECTION ( 'NONE',  ( 0.000000000000000000, 0.000000000000000000, -1.000000000000000000 ) ) ;
#1636 = CARTESIAN_POINT ( 'NONE',  ( -2.917773269550204329, -1.226401365995245740, 3.119999999999999662 ) ) ;
#1637 = CIRCLE ( 'NONE', #718, 0.1499999999999999667 ) ;
#1638 = EDGE_CURVE ( 'NONE', #1424, #2270, #805, .T. ) ;
#1639 = FACE_OUTER_BOUND ( 'NONE', #1532, .T. ) ;
#1640 = LINE ( 'NONE', #2044, #525 ) ;
#1641 = DIRECTION ( 'NONE',  ( -1.000000000000000000, 0.000000000000000000, 0.000000000000000000 ) ) ;
#1642 = PRESENTATION_LAYER_ASSIGNMENT (  '', '', ( #809 ) ) ;
#1643 = CARTESIAN_POINT ( 'NONE',  ( 2.632594413302705938, -1.226401365995245740, 3.119999999999999662 ) ) ;
#1644 = DIRECTION ( 'NONE',  ( 0.000000000000000000, 0.000000000000000000, 1.000000000000000000 ) ) ;
#1645 = VERTEX_POINT ( 'NONE', #1563 ) ;
#1646 = ORIENTED_EDGE ( 'NONE', *, *, #577, .T. ) ;
#1647 = EDGE_CURVE ( 'NONE', #1267, #500, #1759, .T. ) ;
#1648 = CARTESIAN_POINT ( 'NONE',  ( 1.362594413302707030, -3.016401365995245776, 3.119999999999999662 ) ) ;
#1649 = SURFACE_STYLE_USAGE ( .BOTH. , #1322 ) ;
#1650 = ORIENTED_EDGE ( 'NONE', *, *, #1539, .F. ) ;
#1651 = CIRCLE ( 'NONE', #2382, 0.1600000000000000866 ) ;
#1652 = DIRECTION ( 'NONE',  ( -1.000000000000000000, 0.000000000000000000, 0.000000000000000000 ) ) ;
#1653 = CARTESIAN_POINT ( 'NONE',  ( -1.692773269550204684, -1.296401365995245802, 3.894999999999999130 ) ) ;
#1654 = CARTESIAN_POINT ( 'NONE',  ( 0.8657427559643006143, -0.7964013659952454693, 1.297398990077831549 ) ) ;
#1655 = EDGE_CURVE ( 'NONE', #254, #1219, #1944, .T. ) ;
#1656 = CARTESIAN_POINT ( 'NONE',  ( 3.982594413302706471, -0.9964013659952456470, 4.169999999999999041 ) ) ;
#1657 = EDGE_CURVE ( 'NONE', #772, #1042, #694, .T. ) ;
#1658 = ORIENTED_EDGE ( 'NONE', *, *, #132, .T. ) ;
#1659 = CLOSED_SHELL ( 'NONE', ( #1404, #419, #262, #848 ) ) ;
#1660 = ORIENTED_EDGE ( 'NONE', *, *, #935, .F. ) ;
#1661 = CARTESIAN_POINT ( 'NONE',  ( -0.2177732695502039573, -1.226401365995245740, 2.949999999999999289 ) ) ;
#1662 = MANIFOLD_SOLID_BREP ( 'Boss-Extrude3[2]', #2394 ) ;
#1663 = FACE_OUTER_BOUND ( 'NONE', #887, .T. ) ;
#1664 = ORIENTED_EDGE ( 'NONE', *, *, #1693, .F. ) ;
#1665 = CARTESIAN_POINT ( 'NONE',  ( 0.2822267304497961260, -3.496401365995244870, 1.519144877525549386 ) ) ;
#1666 = CARTESIAN_POINT ( 'NONE',  ( 5.032594413302706293, -1.226401365995245740, 3.289999999999999147 ) ) ;
#1667 = EDGE_LOOP ( 'NONE', ( #782, #1174, #25, #2067 ) ) ;
#1668 = DIRECTION ( 'NONE',  ( 1.000000000000000000, 0.000000000000000000, 0.000000000000000000 ) ) ;
#1669 = DIRECTION ( 'NONE',  ( 0.000000000000000000, 0.000000000000000000, -1.000000000000000000 ) ) ;
#1670 = DIRECTION ( 'NONE',  ( -1.000000000000000000, 0.000000000000000000, 0.000000000000000000 ) ) ;
#1671 = EDGE_LOOP ( 'NONE', ( #2349, #570 ) ) ;
#1672 = MANIFOLD_SOLID_BREP ( 'Boss-Extrude3[1]', #466 ) ;
#1673 = ORIENTED_EDGE ( 'NONE', *, *, #839, .F. ) ;
#1674 = DIRECTION ( 'NONE',  ( 0.000000000000000000, 0.000000000000000000, -1.000000000000000000 ) ) ;
#1675 = FACE_BOUND ( 'NONE', #366, .T. ) ;
#1676 = ORIENTED_EDGE ( 'NONE', *, *, #1548, .T. ) ;
#1677 = EDGE_CURVE ( 'NONE', #691, #2417, #1815, .T. ) ;
#1678 = DIRECTION ( 'NONE',  ( -0.000000000000000000, -0.000000000000000000, -1.000000000000000000 ) ) ;
#1679 = ORIENTED_EDGE ( 'NONE', *, *, #2094, .T. ) ;
#1680 = CARTESIAN_POINT ( 'NONE',  ( 4.732594413302706471, -3.016401365995245776, 3.119999999999999662 ) ) ;
#1681 = VECTOR ( 'NONE', #1272, 100.0000000000000000 ) ;
#1682 = CARTESIAN_POINT ( 'NONE',  ( -1.692773269550204684, -0.9964013659952457580, 3.894999999999999130 ) ) ;
#1683 = DIRECTION ( 'NONE',  ( 0.000000000000000000, 1.000000000000000000, 0.000000000000000000 ) ) ;
#1684 = VERTEX_POINT ( 'NONE', #1089 ) ;
#1685 = AXIS2_PLACEMENT_3D ( 'NONE', #680, #914, #712 ) ;
#1686 = ORIENTED_EDGE ( 'NONE', *, *, #2012, .F. ) ;
#1687 = AXIS2_PLACEMENT_3D ( 'NONE', #2357, #672, #1434 ) ;
#1688 = DIRECTION ( 'NONE',  ( 0.000000000000000000, 0.000000000000000000, -1.000000000000000000 ) ) ;
#1689 = EDGE_LOOP ( 'NONE', ( #2294, #169 ) ) ;
#1690 = DIRECTION ( 'NONE',  ( -1.000000000000000000, 0.000000000000000000, 0.000000000000000000 ) ) ;
#1691 = EDGE_CURVE ( 'NONE', #1017, #2077, #2314, .T. ) ;
#1692 = EDGE_LOOP ( 'NONE', ( #1863, #1591 ) ) ;
#1693 = EDGE_CURVE ( 'NONE', #48, #635, #1835, .T. ) ;
#1694 = CYLINDRICAL_SURFACE ( 'NONE', #1499, 0.1500000000000001332 ) ;
#1695 = EDGE_LOOP ( 'NONE', ( #1676, #285 ) ) ;
#1696 = VECTOR ( 'NONE', #1583, 100.0000000000000000 ) ;
#1697 = PLANE ( 'NONE',  #1574 ) ;
#1698 = FACE_BOUND ( 'NONE', #1692, .T. ) ;
#1699 = DIRECTION ( 'NONE',  ( -1.000000000000000000, 8.462065736472231082E-17, 0.000000000000000000 ) ) ;
#1700 = ORIENTED_EDGE ( 'NONE', *, *, #1278, .T. ) ;
#1701 = VERTEX_POINT ( 'NONE', #335 ) ;
#1702 = EDGE_CURVE ( 'NONE', #1333, #1476, #1153, .T. ) ;
#1703 = DIRECTION ( 'NONE',  ( -1.284980352575412453E-16, 1.000000000000000000, 0.000000000000000000 ) ) ;
#1704 = ORIENTED_EDGE ( 'NONE', *, *, #996, .T. ) ;
#1705 = DIRECTION ( 'NONE',  ( -1.284980352575412453E-16, 1.000000000000000000, 0.000000000000000000 ) ) ;
#1706 = ORIENTED_EDGE ( 'NONE', *, *, #447, .T. ) ;
#1707 = CIRCLE ( 'NONE', #2322, 0.1500000000000001332 ) ;
#1708 = DIRECTION ( 'NONE',  ( 0.000000000000000000, 0.000000000000000000, -1.000000000000000000 ) ) ;
#1709 = VERTEX_POINT ( 'NONE', #709 ) ;
#1710 = LINE ( 'NONE', #1514, #1102 ) ;
#1711 = LINE ( 'NONE', #1329, #1250 ) ;
#1712 = DIRECTION ( 'NONE',  ( 1.000000000000000000, 0.000000000000000000, 0.000000000000000000 ) ) ;
#1713 = ORIENTED_EDGE ( 'NONE', *, *, #1800, .T. ) ;
#1714 = ORIENTED_EDGE ( 'NONE', *, *, #144, .F. ) ;
#1715 = EDGE_CURVE ( 'NONE', #1357, #1088, #1626, .T. ) ;
#1716 = CARTESIAN_POINT ( 'NONE',  ( -1.417773269550204329, -0.9964013659952456470, 1.244144877525549697 ) ) ;
#1717 = DIRECTION ( 'NONE',  ( 0.000000000000000000, -0.000000000000000000, 1.000000000000000000 ) ) ;
#1718 = ORIENTED_EDGE ( 'NONE', *, *, #1478, .F. ) ;
#1719 = DIRECTION ( 'NONE',  ( -0.000000000000000000, -1.000000000000000000, -0.000000000000000000 ) ) ;
#1720 = VERTEX_POINT ( 'NONE', #1661 ) ;
#1721 = EDGE_CURVE ( 'NONE', #1017, #1949, #1439, .T. ) ;
#1722 = CARTESIAN_POINT ( 'NONE',  ( 5.032594413302706293, -0.7964013659952455804, 1.519144877525549386 ) ) ;
#1723 = FACE_OUTER_BOUND ( 'NONE', #1764, .T. ) ;
#1724 = FACE_OUTER_BOUND ( 'NONE', #1817, .T. ) ;
#1725 = ORIENTED_EDGE ( 'NONE', *, *, #1691, .T. ) ;
#1726 = EDGE_CURVE ( 'NONE', #1720, #898, #1970, .T. ) ;
#1727 = EDGE_CURVE ( 'NONE', #1769, #1633, #1111, .T. ) ;
#1728 = VECTOR ( 'NONE', #33, 100.0000000000000000 ) ;
#1729 = VERTEX_POINT ( 'NONE', #899 ) ;
#1730 = VECTOR ( 'NONE', #645, 100.0000000000000000 ) ;
#1731 = CIRCLE ( 'NONE', #336, 0.1500000000000001332 ) ;
#1732 = DIRECTION ( 'NONE',  ( -1.309225264888156130E-16, 1.000000000000000000, 0.000000000000000000 ) ) ;
#1733 = ORIENTED_EDGE ( 'NONE', *, *, #798, .T. ) ;
#1734 = AXIS2_PLACEMENT_3D ( 'NONE', #1148, #1122, #1161 ) ;
#1735 = AXIS2_PLACEMENT_3D ( 'NONE', #1142, #1732, #194 ) ;
#1736 = DIRECTION ( 'NONE',  ( 1.000000000000000000, 0.000000000000000000, 0.000000000000000000 ) ) ;
#1737 = LINE ( 'NONE', #78, #576 ) ;
#1738 = DIRECTION ( 'NONE',  ( 1.000000000000000000, 0.000000000000000000, 0.000000000000000000 ) ) ;
#1739 = ADVANCED_FACE ( 'NONE', ( #2184 ), #489, .F. ) ;
#1740 = DIRECTION ( 'NONE',  ( -8.462065736472231082E-17, -1.000000000000000000, 0.000000000000000000 ) ) ;
#1741 = ORIENTED_EDGE ( 'NONE', *, *, #2410, .F. ) ;
#1742 = EDGE_CURVE ( 'NONE', #1063, #204, #1257, .T. ) ;
#1743 = AXIS2_PLACEMENT_3D ( 'NONE', #2342, #1790, #1802 ) ;
#1744 = VERTEX_POINT ( 'NONE', #10 ) ;
#1745 = ADVANCED_FACE ( 'NONE', ( #1321 ), #560, .T. ) ;
#1746 = DIRECTION ( 'NONE',  ( -1.000000000000000000, 0.000000000000000000, 0.000000000000000000 ) ) ;
#1747 = ORIENTED_EDGE ( 'NONE', *, *, #1207, .T. ) ;
#1748 = VECTOR ( 'NONE', #2194, 100.0000000000000000 ) ;
#1749 = DIRECTION ( 'NONE',  ( 1.000000000000000000, 0.000000000000000000, 0.000000000000000000 ) ) ;
#1750 = DIRECTION ( 'NONE',  ( 0.000000000000000000, 0.000000000000000000, 1.000000000000000000 ) ) ;
#1751 = AXIS2_PLACEMENT_3D ( 'NONE', #1097, #1085, #2380 ) ;
#1752 = FACE_BOUND ( 'NONE', #1337, .T. ) ;
#1753 = CARTESIAN_POINT ( 'NONE',  ( 2.332594413302706116, -1.226401365995245740, 3.289999999999999147 ) ) ;
#1754 = ORIENTED_EDGE ( 'NONE', *, *, #235, .T. ) ;
#1755 = CIRCLE ( 'NONE', #63, 0.1699999999999996514 ) ;
#1756 = APPLICATION_PROTOCOL_DEFINITION ( 'draft international standard', 'automotive_design', 1998, #1461 ) ;
#1757 = VERTEX_POINT ( 'NONE', #2275 ) ;
#1758 = ORIENTED_EDGE ( 'NONE', *, *, #338, .F. ) ;
#1759 = LINE ( 'NONE', #432, #784 ) ;
#1760 = CARTESIAN_POINT ( 'NONE',  ( 7.029284793209352067, -0.7964013659952454693, 1.297398990077831549 ) ) ;
#1761 = ADVANCED_FACE ( 'NONE', ( #765 ), #785, .F. ) ;
#1762 = DIRECTION ( 'NONE',  ( -8.462065736472231082E-17, -1.000000000000000000, 0.000000000000000000 ) ) ;
#1763 = CARTESIAN_POINT ( 'NONE',  ( 3.682594413302706204, -0.9964013659952456470, 1.244144877525549697 ) ) ;
#1764 = EDGE_LOOP ( 'NONE', ( #2125, #1754, #503, #1220 ) ) ;
#1765 = EDGE_CURVE ( 'NONE', #2396, #35, #2233, .T. ) ;
#1766 =( NAMED_UNIT ( * ) SI_UNIT ( $, .STERADIAN. ) SOLID_ANGLE_UNIT ( ) );
#1767 = EDGE_LOOP ( 'NONE', ( #1931, #1370, #2245, #1320 ) ) ;
#1768 = VECTOR ( 'NONE', #690, 100.0000000000000000 ) ;
#1769 = VERTEX_POINT ( 'NONE', #1716 ) ;
#1770 = CARTESIAN_POINT ( 'NONE',  ( 1.362594413302707030, -3.016401365995245776, 3.119999999999999662 ) ) ;
#1771 = EDGE_CURVE ( 'NONE', #1314, #2103, #1359, .T. ) ;
#1772 = FACE_OUTER_BOUND ( 'NONE', #1167, .T. ) ;
#1773 = CIRCLE ( 'NONE', #1537, 0.1499999999999999667 ) ;
#1774 = DIRECTION ( 'NONE',  ( 1.000000000000000000, 0.000000000000000000, 0.000000000000000000 ) ) ;
#1775 = FACE_OUTER_BOUND ( 'NONE', #387, .T. ) ;
#1776 = DIRECTION ( 'NONE',  ( -1.284980352575412453E-16, 1.000000000000000000, 0.000000000000000000 ) ) ;
#1777 = CIRCLE ( 'NONE', #1743, 0.1499999999999999667 ) ;
#1778 = EDGE_LOOP ( 'NONE', ( #1505, #2303, #858, #813, #58, #579 ) ) ;
#1779 = ADVANCED_FACE ( 'NONE', ( #588, #1309, #2237 ), #2249, .F. ) ;
#1780 = ORIENTED_EDGE ( 'NONE', *, *, #1917, .F. ) ;
#1781 = SURFACE_STYLE_USAGE ( .BOTH. , #822 ) ;
#1782 = DIRECTION ( 'NONE',  ( 1.000000000000000000, -0.000000000000000000, -0.000000000000000000 ) ) ;
#1783 = CARTESIAN_POINT ( 'NONE',  ( -3.887773269550203636, -3.016401365995245776, 2.959999999999999520 ) ) ;
#1784 = CARTESIAN_POINT ( 'NONE',  ( -2.917773269550204329, -3.016401365995245776, 3.119999999999999662 ) ) ;
#1785 = DIRECTION ( 'NONE',  ( 1.000000000000000000, -0.000000000000000000, -0.000000000000000000 ) ) ;
#1786 = CARTESIAN_POINT ( 'NONE',  ( 7.179284793209352422, -0.7964013659952454693, 1.297398990077831549 ) ) ;
#1787 = EDGE_LOOP ( 'NONE', ( #2232, #294 ) ) ;
#1788 = EDGE_CURVE ( 'NONE', #1415, #2361, #723, .T. ) ;
#1789 = VERTEX_POINT ( 'NONE', #573 ) ;
#1790 = DIRECTION ( 'NONE',  ( -1.309225264888156130E-16, 1.000000000000000000, 0.000000000000000000 ) ) ;
#1791 = LINE ( 'NONE', #1281, #850 ) ;
#1792 = LINE ( 'NONE', #89, #1880 ) ;
#1793 = DIRECTION ( 'NONE',  ( -8.462065736472231082E-17, -1.000000000000000000, 0.000000000000000000 ) ) ;
#1794 = CARTESIAN_POINT ( 'NONE',  ( 5.032594413302706293, -0.7964013659952455804, 3.669999999999999485 ) ) ;
#1795 =( LENGTH_UNIT ( ) NAMED_UNIT ( * ) SI_UNIT ( .CENTI., .METRE. ) );
#1796 = EDGE_CURVE ( 'NONE', #1267, #691, #1168, .T. ) ;
#1797 = EDGE_LOOP ( 'NONE', ( #1567, #2427, #1086, #1160 ) ) ;
#1798 = EDGE_CURVE ( 'NONE', #1916, #2016, #1128, .T. ) ;
#1799 = ORIENTED_EDGE ( 'NONE', *, *, #1657, .T. ) ;
#1800 = EDGE_CURVE ( 'NONE', #1188, #997, #167, .T. ) ;
#1801 = AXIS2_PLACEMENT_3D ( 'NONE', #1985, #1595, #865 ) ;
#1802 = DIRECTION ( 'NONE',  ( -1.000000000000000000, 0.000000000000000000, 0.000000000000000000 ) ) ;
#1803 = FACE_OUTER_BOUND ( 'NONE', #1510, .T. ) ;
#1804 = AXIS2_PLACEMENT_3D ( 'NONE', #827, #1620, #91 ) ;
#1805 = DIRECTION ( 'NONE',  ( 0.000000000000000000, 0.000000000000000000, -1.000000000000000000 ) ) ;
#1806 = DIRECTION ( 'NONE',  ( -0.000000000000000000, -0.000000000000000000, -1.000000000000000000 ) ) ;
#1807 = CARTESIAN_POINT ( 'NONE',  ( 2.632594413302705938, -3.496401365995245758, 1.519144877525549386 ) ) ;
#1808 = VECTOR ( 'NONE', #303, 100.0000000000000000 ) ;
#1809 = EDGE_CURVE ( 'NONE', #1530, #1403, #2414, .T. ) ;
#1810 = LINE ( 'NONE', #283, #2340 ) ;
#1811 = CYLINDRICAL_SURFACE ( 'NONE', #41, 0.1500000000000001332 ) ;
#1812 = ORIENTED_EDGE ( 'NONE', *, *, #1796, .F. ) ;
#1813 = AXIS2_PLACEMENT_3D ( 'NONE', #67, #250, #833 ) ;
#1814 = ORIENTED_EDGE ( 'NONE', *, *, #231, .F. ) ;
#1815 = LINE ( 'NONE', #1269, #2122 ) ;
#1816 = FACE_BOUND ( 'NONE', #1298, .T. ) ;
#1817 = EDGE_LOOP ( 'NONE', ( #2329, #85, #1200, #964 ) ) ;
#1818 = DIRECTION ( 'NONE',  ( -1.284980352575412453E-16, 1.000000000000000000, 0.000000000000000000 ) ) ;
#1819 = CARTESIAN_POINT ( 'NONE',  ( 3.982594413302706471, -0.7964013659952455804, 4.169999999999999041 ) ) ;
#1820 = DIRECTION ( 'NONE',  ( 1.000000000000000000, 0.000000000000000000, 0.000000000000000000 ) ) ;
#1821 = CARTESIAN_POINT ( 'NONE',  ( 3.707594413302706116, -0.7964013659952458024, 3.894999999999999130 ) ) ;
#1822 = AXIS2_PLACEMENT_3D ( 'NONE', #130, #894, #1644 ) ;
#1823 = DIRECTION ( 'NONE',  ( -0.000000000000000000, -0.000000000000000000, -1.000000000000000000 ) ) ;
#1824 = ORIENTED_EDGE ( 'NONE', *, *, #1691, .F. ) ;
#1825 = ADVANCED_FACE ( 'NONE', ( #404 ), #222, .F. ) ;
#1826 = ADVANCED_BREP_SHAPE_REPRESENTATION ( 'motor-front', ( #1672, #1662, #857, #842, #29, #13, #19 ), #22 ) ;
#1827 = ORIENTED_EDGE ( 'NONE', *, *, #883, .T. ) ;
#1828 = DIRECTION ( 'NONE',  ( 1.000000000000000000, 0.000000000000000000, 0.000000000000000000 ) ) ;
#1829 = PLANE ( 'NONE',  #1064 ) ;
#1830 = LINE ( 'NONE', #173, #1571 ) ;
#1831 = PLANE ( 'NONE',  #1822 ) ;
#1832 = ORIENTED_EDGE ( 'NONE', *, *, #2012, .T. ) ;
#1833 = EDGE_CURVE ( 'NONE', #1415, #1188, #1413, .T. ) ;
#1834 = ORIENTED_EDGE ( 'NONE', *, *, #1677, .F. ) ;
#1835 = LINE ( 'NONE', #2362, #1259 ) ;
#1836 = CARTESIAN_POINT ( 'NONE',  ( 4.732594413302706471, -3.016401365995245776, 3.279999999999999361 ) ) ;
#1837 = VECTOR ( 'NONE', #1194, 100.0000000000000000 ) ;
#1838 = EDGE_CURVE ( 'NONE', #455, #425, #1182, .T. ) ;
#1839 = ADVANCED_FACE ( 'NONE', ( #2428, #2259, #738 ), #1506, .F. ) ;
#1840 = CARTESIAN_POINT ( 'NONE',  ( 0.5657427559643004589, -0.7964013659952454693, 1.297398990077831549 ) ) ;
#1841 = CARTESIAN_POINT ( 'NONE',  ( 5.032594413302706293, -0.7964013659952455804, 3.669999999999999485 ) ) ;
#1842 = LINE ( 'NONE', #2167, #2425 ) ;
#1843 = VECTOR ( 'NONE', #2072, 100.0000000000000000 ) ;
#1844 = LINE ( 'NONE', #2423, #1886 ) ;
#1845 = PLANE ( 'NONE',  #2437 ) ;
#1846 = VECTOR ( 'NONE', #615, 100.0000000000000000 ) ;
#1847 = ORIENTED_EDGE ( 'NONE', *, *, #696, .F. ) ;
#1848 = AXIS2_PLACEMENT_3D ( 'NONE', #1852, #1107, #2211 ) ;
#1849 = ORIENTED_EDGE ( 'NONE', *, *, #737, .F. ) ;
#1850 = DIRECTION ( 'NONE',  ( -1.000000000000000000, 0.000000000000000000, 0.000000000000000000 ) ) ;
#1851 = VECTOR ( 'NONE', #604, 100.0000000000000000 ) ;
#1852 = CARTESIAN_POINT ( 'NONE',  ( -1.542773269550204551, -1.296401365995245802, 3.894999999999999130 ) ) ;
#1853 = DIRECTION ( 'NONE',  ( -1.000000000000000000, 0.000000000000000000, 0.000000000000000000 ) ) ;
#1854 = ORIENTED_EDGE ( 'NONE', *, *, #1647, .T. ) ;
#1855 = DIRECTION ( 'NONE',  ( -3.154042683594196107E-16, 0.000000000000000000, 1.000000000000000000 ) ) ;
#1856 = CARTESIAN_POINT ( 'NONE',  ( -3.887773269550203636, -3.016401365995245776, 3.119999999999999662 ) ) ;
#1857 = CARTESIAN_POINT ( 'NONE',  ( 0.7574350551072377424, -3.796401365995245136, 2.166981229344812299 ) ) ;
#1858 = ORIENTED_EDGE ( 'NONE', *, *, #1045, .T. ) ;
#1859 = ADVANCED_FACE ( 'NONE', ( #965 ), #2078, .T. ) ;
#1860 = VECTOR ( 'NONE', #1823, 100.0000000000000000 ) ;
#1861 = ORIENTED_EDGE ( 'NONE', *, *, #507, .T. ) ;
#1862 = DIRECTION ( 'NONE',  ( 1.000000000000000000, 0.000000000000000000, 0.000000000000000000 ) ) ;
#1863 = ORIENTED_EDGE ( 'NONE', *, *, #82, .T. ) ;
#1864 = DIRECTION ( 'NONE',  ( 0.000000000000000000, 1.000000000000000000, 0.000000000000000000 ) ) ;
#1865 = EDGE_LOOP ( 'NONE', ( #563, #1876 ) ) ;
#1866 = CARTESIAN_POINT ( 'NONE',  ( -0.2177732695502039573, -3.016401365995245776, 3.119999999999999662 ) ) ;
#1867 = ORIENTED_EDGE ( 'NONE', *, *, #384, .F. ) ;
#1868 = CARTESIAN_POINT ( 'NONE',  ( -0.2177732695502039573, -1.226401365995245740, 3.119999999999999662 ) ) ;
#1869 = DIRECTION ( 'NONE',  ( -1.000000000000000000, 0.000000000000000000, 0.000000000000000000 ) ) ;
#1870 = LINE ( 'NONE', #569, #1624 ) ;
#1871 = ORIENTED_EDGE ( 'NONE', *, *, #1479, .F. ) ;
#1872 = ADVANCED_FACE ( 'NONE', ( #1561 ), #1371, .F. ) ;
#1873 = ADVANCED_FACE ( 'NONE', ( #2295 ), #2116, .F. ) ;
#1874 = EDGE_LOOP ( 'NONE', ( #2277, #1980 ) ) ;
#1875 = CARTESIAN_POINT ( 'NONE',  ( 3.982594413302706471, -0.9964013659952456470, 4.169999999999999041 ) ) ;
#1876 = ORIENTED_EDGE ( 'NONE', *, *, #922, .T. ) ;
#1877 = LINE ( 'NONE', #2250, #892 ) ;
#1878 = ORIENTED_EDGE ( 'NONE', *, *, #779, .F. ) ;
#1879 = FACE_OUTER_BOUND ( 'NONE', #2198, .T. ) ;
#1880 = VECTOR ( 'NONE', #845, 100.0000000000000000 ) ;
#1881 = ORIENTED_EDGE ( 'NONE', *, *, #44, .T. ) ;
#1882 = LINE ( 'NONE', #930, #386 ) ;
#1883 = CARTESIAN_POINT ( 'NONE',  ( 4.732594413302705583, -3.496401365995246202, 3.669999999999999485 ) ) ;
#1884 = ADVANCED_FACE ( 'NONE', ( #794 ), #888, .T. ) ;
#1885 = DIRECTION ( 'NONE',  ( 1.000000000000000000, -0.000000000000000000, -0.000000000000000000 ) ) ;
#1886 = VECTOR ( 'NONE', #2215, 100.0000000000000000 ) ;
#1887 = ORIENTED_EDGE ( 'NONE', *, *, #600, .T. ) ;
#1888 = CIRCLE ( 'NONE', #229, 0.1699999999999996514 ) ;
#1889 = ORIENTED_EDGE ( 'NONE', *, *, #2144, .T. ) ;
#1890 = DIRECTION ( 'NONE',  ( -1.000000000000000000, 8.260587980841938780E-17, 0.000000000000000000 ) ) ;
#1891 = DIRECTION ( 'NONE',  ( 0.000000000000000000, 1.000000000000000000, 0.000000000000000000 ) ) ;
#1892 = VERTEX_POINT ( 'NONE', #327 ) ;
#1893 = FACE_OUTER_BOUND ( 'NONE', #721, .T. ) ;
#1894 = ORIENTED_EDGE ( 'NONE', *, *, #1015, .F. ) ;
#1895 = CARTESIAN_POINT ( 'NONE',  ( 3.982594413302706471, -0.9964013659952456470, 0.9691448775255496750 ) ) ;
#1896 = DIRECTION ( 'NONE',  ( -0.000000000000000000, -1.000000000000000000, -0.000000000000000000 ) ) ;
#1897 = PLANE ( 'NONE',  #317 ) ;
#1898 = ADVANCED_FACE ( 'NONE', ( #1639 ), #1284, .F. ) ;
#1899 = ORIENTED_EDGE ( 'NONE', *, *, #1048, .T. ) ;
#1900 =( LENGTH_UNIT ( ) NAMED_UNIT ( * ) SI_UNIT ( .CENTI., .METRE. ) );
#1901 = EDGE_LOOP ( 'NONE', ( #1522, #1623, #237, #1126, #1887, #2003, #2444, #664, #882, #1634, #757, #698 ) ) ;
#1902 = ADVANCED_FACE ( 'NONE', ( #2365 ), #301, .F. ) ;
#1903 = DIRECTION ( 'NONE',  ( -1.284980352575412453E-16, 1.000000000000000000, 0.000000000000000000 ) ) ;
#1904 =( GEOMETRIC_REPRESENTATION_CONTEXT ( 3 ) GLOBAL_UNCERTAINTY_ASSIGNED_CONTEXT ( ( #1331 ) ) GLOBAL_UNIT_ASSIGNED_CONTEXT ( ( #151, #350, #1117 ) ) REPRESENTATION_CONTEXT ( 'NONE', 'WORKASPACE' ) );
#1905 = DIRECTION ( 'NONE',  ( -1.000000000000000000, -1.284980352575412453E-16, 0.000000000000000000 ) ) ;
#1906 = ORIENTED_EDGE ( 'NONE', *, *, #1548, .F. ) ;
#1907 = AXIS2_PLACEMENT_3D ( 'NONE', #1763, #1204, #825 ) ;
#1908 = CARTESIAN_POINT ( 'NONE',  ( -1.417773269550204329, -0.7964013659952455804, 1.244144877525549697 ) ) ;
#1909 = ORIENTED_EDGE ( 'NONE', *, *, #111, .T. ) ;
#1910 = LINE ( 'NONE', #225, #944 ) ;
#1911 = DIRECTION ( 'NONE',  ( -1.000000000000000000, 0.000000000000000000, 0.000000000000000000 ) ) ;
#1912 = DIRECTION ( 'NONE',  ( 0.000000000000000000, 1.000000000000000000, -0.000000000000000000 ) ) ;
#1913 = ORIENTED_EDGE ( 'NONE', *, *, #1647, .F. ) ;
#1914 = ORIENTED_EDGE ( 'NONE', *, *, #44, .F. ) ;
#1915 = DIRECTION ( 'NONE',  ( 1.000000000000000000, -0.000000000000000000, -0.000000000000000000 ) ) ;
#1916 = VERTEX_POINT ( 'NONE', #2403 ) ;
#1917 = EDGE_CURVE ( 'NONE', #176, #347, #481, .T. ) ;
#1918 = CARTESIAN_POINT ( 'NONE',  ( 1.362594413302707030, -1.226401365995245740, 3.119999999999999662 ) ) ;
#1919 = ADVANCED_FACE ( 'NONE', ( #1092 ), #1260, .F. ) ;
#1920 = DIRECTION ( 'NONE',  ( -1.000000000000000000, 0.000000000000000000, 0.000000000000000000 ) ) ;
#1921 = EDGE_CURVE ( 'NONE', #2077, #1017, #655, .T. ) ;
#1922 = PLANE ( 'NONE',  #1213 ) ;
#1923 = LINE ( 'NONE', #1503, #633 ) ;
#1924 = PRODUCT_DEFINITION_CONTEXT ( 'detailed design', #1461, 'design' ) ;
#1925 = VERTEX_POINT ( 'NONE', #2200 ) ;
#1926 = VECTOR ( 'NONE', #2020, 100.0000000000000000 ) ;
#1927 = VERTEX_POINT ( 'NONE', #2027 ) ;
#1928 = VECTOR ( 'NONE', #2186, 100.0000000000000000 ) ;
#1929 = AXIS2_PLACEMENT_3D ( 'NONE', #1400, #1050, #2142 ) ;
#1930 = CARTESIAN_POINT ( 'NONE',  ( -1.567773269550204462, -0.7964013659952455804, 1.244144877525549697 ) ) ;
#1931 = ORIENTED_EDGE ( 'NONE', *, *, #111, .F. ) ;
#1932 = AXIS2_PLACEMENT_3D ( 'NONE', #952, #924, #2441 ) ;
#1933 = PLANE ( 'NONE',  #1349 ) ;
#1934 = PLANE ( 'NONE',  #377 ) ;
#1935 = LINE ( 'NONE', #788, #1061 ) ;
#1936 = CIRCLE ( 'NONE', #905, 0.1500000000000001332 ) ;
#1937 = FACE_OUTER_BOUND ( 'NONE', #150, .T. ) ;
#1938 = ORIENTED_EDGE ( 'NONE', *, *, #1421, .T. ) ;
#1939 = VECTOR ( 'NONE', #1915, 100.0000000000000000 ) ;
#1940 = ORIENTED_EDGE ( 'NONE', *, *, #2366, .F. ) ;
#1941 = EDGE_CURVE ( 'NONE', #547, #719, #1081, .T. ) ;
#1942 = EDGE_LOOP ( 'NONE', ( #1914, #612, #448, #37, #364, #1367 ) ) ;
#1943 = AXIS2_PLACEMENT_3D ( 'NONE', #541, #523, #881 ) ;
#1944 = LINE ( 'NONE', #53, #660 ) ;
#1945 = LINE ( 'NONE', #1022, #1846 ) ;
#1946 = AXIS2_PLACEMENT_3D ( 'NONE', #189, #947, #21 ) ;
#1947 = CARTESIAN_POINT ( 'NONE',  ( -1.867773269550204729, -0.9964013659952456470, 4.169999999999999041 ) ) ;
#1948 = DIRECTION ( 'NONE',  ( 0.000000000000000000, 0.000000000000000000, -1.000000000000000000 ) ) ;
#1949 = VERTEX_POINT ( 'NONE', #1840 ) ;
#1950 = AXIS2_PLACEMENT_3D ( 'NONE', #1841, #141, #1484 ) ;
#1951 = ORIENTED_EDGE ( 'NONE', *, *, #66, .F. ) ;
#1952 = EDGE_CURVE ( 'NONE', #2187, #939, #2422, .T. ) ;
#1953 = ORIENTED_EDGE ( 'NONE', *, *, #2317, .F. ) ;
#1954 = FILL_AREA_STYLE_COLOUR ( '', #1187 ) ;
#1955 = LINE ( 'NONE', #2138, #1730 ) ;
#1956 = DIRECTION ( 'NONE',  ( 1.000000000000000000, 0.000000000000000000, 0.000000000000000000 ) ) ;
#1957 = DIRECTION ( 'NONE',  ( -1.000000000000000000, -1.284980352575412453E-16, 0.000000000000000000 ) ) ;
#1958 = ADVANCED_FACE ( 'NONE', ( #154 ), #670, .T. ) ;
#1959 = CARTESIAN_POINT ( 'NONE',  ( 3.532594413302705849, -0.7964013659952455804, 1.244144877525549697 ) ) ;
#1960 = ORIENTED_EDGE ( 'NONE', *, *, #1796, .T. ) ;
#1961 = AXIS2_PLACEMENT_3D ( 'NONE', #2190, #302, #127 ) ;
#1962 = VECTOR ( 'NONE', #1470, 100.0000000000000000 ) ;
#1963 = CIRCLE ( 'NONE', #2304, 0.1500000000000001332 ) ;
#1964 = ORIENTED_EDGE ( 'NONE', *, *, #1015, .T. ) ;
#1965 = LINE ( 'NONE', #1387, #1696 ) ;
#1966 = FACE_OUTER_BOUND ( 'NONE', #52, .T. ) ;
#1967 = CARTESIAN_POINT ( 'NONE',  ( 3.382594413302705938, -0.9964013659952456470, 3.669999999999999485 ) ) ;
#1968 = EDGE_CURVE ( 'NONE', #729, #2000, #140, .T. ) ;
#1969 = LINE ( 'NONE', #815, #2168 ) ;
#1970 = CIRCLE ( 'NONE', #461, 0.1700000000000000122 ) ;
#1971 = ORIENTED_EDGE ( 'NONE', *, *, #1726, .F. ) ;
#1972 = ORIENTED_EDGE ( 'NONE', *, *, #158, .T. ) ;
#1973 = CARTESIAN_POINT ( 'NONE',  ( -1.267773269550204418, -0.9964013659952456470, 1.519144877525549386 ) ) ;
#1974 = CARTESIAN_POINT ( 'NONE',  ( -1.867773269550204729, -0.9964013659952456470, 4.169999999999999041 ) ) ;
#1975 = CARTESIAN_POINT ( 'NONE',  ( -0.2177732695502039573, -0.7964013659952455804, 3.669999999999999485 ) ) ;
#1976 = EDGE_CURVE ( 'NONE', #35, #2396, #1731, .T. ) ;
#1977 = DIRECTION ( 'NONE',  ( -1.000000000000000000, 0.000000000000000000, 0.000000000000000000 ) ) ;
#1978 = EDGE_CURVE ( 'NONE', #2409, #610, #1430, .T. ) ;
#1979 = DIRECTION ( 'NONE',  ( -8.462065736472231082E-17, -1.000000000000000000, 0.000000000000000000 ) ) ;
#1980 = ORIENTED_EDGE ( 'NONE', *, *, #372, .T. ) ;
#1981 = VERTEX_POINT ( 'NONE', #2189 ) ;
#1982 = PLANE ( 'NONE',  #2197 ) ;
#1983 = DIRECTION ( 'NONE',  ( 1.000000000000000000, 0.000000000000000000, 0.000000000000000000 ) ) ;
#1984 = ADVANCED_FACE ( 'NONE', ( #518 ), #2175, .F. ) ;
#1985 = CARTESIAN_POINT ( 'NONE',  ( 3.707594413302706116, -1.296401365995245802, 3.894999999999999130 ) ) ;
#1986 = LINE ( 'NONE', #2191, #985 ) ;
#1987 = CARTESIAN_POINT ( 'NONE',  ( 2.332594413302706116, -3.496401365995244870, 3.669999999999999485 ) ) ;
#1988 = FACE_OUTER_BOUND ( 'NONE', #1324, .T. ) ;
#1989 = ORIENTED_EDGE ( 'NONE', *, *, #1921, .T. ) ;
#1990 = ORIENTED_EDGE ( 'NONE', *, *, #81, .F. ) ;
#1991 = AXIS2_PLACEMENT_3D ( 'NONE', #99, #2387, #490 ) ;
#1992 = CIRCLE ( 'NONE', #424, 0.1700000000000000122 ) ;
#1993 = DIRECTION ( 'NONE',  ( 0.000000000000000000, 0.000000000000000000, -1.000000000000000000 ) ) ;
#1994 = CARTESIAN_POINT ( 'NONE',  ( 2.632594413302705938, -1.226401365995245740, 3.119999999999999662 ) ) ;
#1995 = LINE ( 'NONE', #917, #1606 ) ;
#1996 = CARTESIAN_POINT ( 'NONE',  ( 0.8657427559643007253, -3.796401365995245136, 1.297398990077831549 ) ) ;
#1997 = DIRECTION ( 'NONE',  ( -0.000000000000000000, -0.000000000000000000, -1.000000000000000000 ) ) ;
#1998 = ORIENTED_EDGE ( 'NONE', *, *, #972, .T. ) ;
#1999 = MECHANICAL_DESIGN_GEOMETRIC_PRESENTATION_REPRESENTATION (  '', ( #238 ), #497 ) ;
#2000 = VERTEX_POINT ( 'NONE', #102 ) ;
#2001 =( NAMED_UNIT ( * ) PLANE_ANGLE_UNIT ( ) SI_UNIT ( $, .RADIAN. ) );
#2002 = DIRECTION ( 'NONE',  ( 0.000000000000000000, -1.000000000000000000, -0.000000000000000000 ) ) ;
#2003 = ORIENTED_EDGE ( 'NONE', *, *, #81, .T. ) ;
#2004 = DIRECTION ( 'NONE',  ( 1.000000000000000000, 0.000000000000000000, -0.000000000000000000 ) ) ;
#2005 = CARTESIAN_POINT ( 'NONE',  ( -0.2177732695502039573, -3.496401365995244870, 3.669999999999999485 ) ) ;
#2006 = EDGE_CURVE ( 'NONE', #2371, #457, #1992, .T. ) ;
#2007 = CYLINDRICAL_SURFACE ( 'NONE', #1601, 0.1500000000000001332 ) ;
#2008 = AXIS2_PLACEMENT_3D ( 'NONE', #1151, #1712, #1165 ) ;
#2009 = DIRECTION ( 'NONE',  ( 1.000000000000000000, 0.000000000000000000, 0.000000000000000000 ) ) ;
#2010 = ORIENTED_EDGE ( 'NONE', *, *, #2052, .F. ) ;
#2011 = AXIS2_PLACEMENT_3D ( 'NONE', #1039, #1977, #1226 ) ;
#2012 = EDGE_CURVE ( 'NONE', #2270, #479, #114, .T. ) ;
#2013 = EDGE_LOOP ( 'NONE', ( #1824, #929 ) ) ;
#2014 = CARTESIAN_POINT ( 'NONE',  ( 0.7157427559643008141, -3.796401365995245136, 1.297398990077831549 ) ) ;
#2015 = LINE ( 'NONE', #1090, #1962 ) ;
#2016 = VERTEX_POINT ( 'NONE', #274 ) ;
#2017 = DIRECTION ( 'NONE',  ( 1.000000000000000000, -8.260587980841938780E-17, 0.000000000000000000 ) ) ;
#2018 = CARTESIAN_POINT ( 'NONE',  ( -2.617773269550204507, -3.016401365995245776, 2.959999999999999520 ) ) ;
#2019 = DIRECTION ( 'NONE',  ( 0.000000000000000000, -0.000000000000000000, 1.000000000000000000 ) ) ;
#2020 = DIRECTION ( 'NONE',  ( -0.000000000000000000, -1.000000000000000000, -0.000000000000000000 ) ) ;
#2021 = DIRECTION ( 'NONE',  ( 1.000000000000000000, -8.260587980841938780E-17, 0.000000000000000000 ) ) ;
#2022 = EDGE_LOOP ( 'NONE', ( #192, #1452 ) ) ;
#2023 = ORIENTED_EDGE ( 'NONE', *, *, #138, .F. ) ;
#2024 = SURFACE_SIDE_STYLE ('',( #1453 ) ) ;
#2025 = CARTESIAN_POINT ( 'NONE',  ( 7.070977092352288551, -0.7964013659952454693, 2.166981229344812299 ) ) ;
#2026 = AXIS2_PLACEMENT_3D ( 'NONE', #1323, #1705, #152 ) ;
#2027 = CARTESIAN_POINT ( 'NONE',  ( 5.032594413302706293, -0.7964013659952455804, 1.519144877525549386 ) ) ;
#2028 = PLANE ( 'NONE',  #616 ) ;
#2029 = ORIENTED_EDGE ( 'NONE', *, *, #1123, .F. ) ;
#2030 = DIRECTION ( 'NONE',  ( -1.000000000000000000, 0.000000000000000000, 0.000000000000000000 ) ) ;
#2031 = CIRCLE ( 'NONE', #769, 0.1500000000000001332 ) ;
#2032 = VECTOR ( 'NONE', #2334, 100.0000000000000000 ) ;
#2033 = FACE_OUTER_BOUND ( 'NONE', #1342, .T. ) ;
#2034 = DIRECTION ( 'NONE',  ( 1.000000000000000000, 0.000000000000000000, 0.000000000000000000 ) ) ;
#2035 = AXIS2_PLACEMENT_3D ( 'NONE', #1680, #1668, #759 ) ;
#2036 = ORIENTED_EDGE ( 'NONE', *, *, #2149, .T. ) ;
#2037 = EDGE_LOOP ( 'NONE', ( #2364, #109, #1557, #1449 ) ) ;
#2038 = DIRECTION ( 'NONE',  ( -0.000000000000000000, -0.000000000000000000, -1.000000000000000000 ) ) ;
#2039 = EDGE_LOOP ( 'NONE', ( #2405, #428, #268, #175 ) ) ;
#2040 = DIRECTION ( 'NONE',  ( -1.000000000000000000, 0.000000000000000000, 0.000000000000000000 ) ) ;
#2041 = ORIENTED_EDGE ( 'NONE', *, *, #2159, .T. ) ;
#2042 = CIRCLE ( 'NONE', #1034, 0.1600000000000000866 ) ;
#2043 = CARTESIAN_POINT ( 'NONE',  ( 0.7574350551072377424, -3.796401365995245136, 2.166981229344812299 ) ) ;
#2044 = CARTESIAN_POINT ( 'NONE',  ( 1.362594413302707030, -3.016401365995245776, 2.959999999999999520 ) ) ;
#2045 = VERTEX_POINT ( 'NONE', #2347 ) ;
#2046 = CARTESIAN_POINT ( 'NONE',  ( 3.532594413302705849, -0.9964013659952456470, 1.244144877525549697 ) ) ;
#2047 = EDGE_CURVE ( 'NONE', #1729, #870, #652, .T. ) ;
#2048 = DIRECTION ( 'NONE',  ( -1.284980352575412453E-16, 1.000000000000000000, 0.000000000000000000 ) ) ;
#2049 = EDGE_CURVE ( 'NONE', #2361, #997, #1888, .T. ) ;
#2050 = FACE_OUTER_BOUND ( 'NONE', #1536, .T. ) ;
#2051 = ORIENTED_EDGE ( 'NONE', *, *, #1374, .T. ) ;
#2052 = EDGE_CURVE ( 'NONE', #2426, #2224, #1251, .T. ) ;
#2053 = AXIS2_PLACEMENT_3D ( 'NONE', #1399, #2110, #57 ) ;
#2054 = ORIENTED_EDGE ( 'NONE', *, *, #1693, .T. ) ;
#2055 = DIRECTION ( 'NONE',  ( 1.000000000000000000, -0.000000000000000000, -0.000000000000000000 ) ) ;
#2056 = CARTESIAN_POINT ( 'NONE',  ( 3.982594413302706471, -0.9964013659952456470, 1.519144877525549386 ) ) ;
#2057 = ORIENTED_EDGE ( 'NONE', *, *, #1397, .T. ) ;
#2058 = DIRECTION ( 'NONE',  ( -1.000000000000000000, 0.000000000000000000, 0.000000000000000000 ) ) ;
#2059 = ORIENTED_EDGE ( 'NONE', *, *, #1364, .F. ) ;
#2060 = FACE_BOUND ( 'NONE', #1496, .T. ) ;
#2061 = DIRECTION ( 'NONE',  ( 0.000000000000000000, 1.000000000000000000, 0.000000000000000000 ) ) ;
#2062 = DIRECTION ( 'NONE',  ( 0.000000000000000000, -1.000000000000000000, -0.000000000000000000 ) ) ;
#2063 = ORIENTED_EDGE ( 'NONE', *, *, #783, .F. ) ;
#2064 = VERTEX_POINT ( 'NONE', #1794 ) ;
#2065 = CARTESIAN_POINT ( 'NONE',  ( -1.267773269550204640, -0.7964013659952455804, 4.169999999999999041 ) ) ;
#2066 = FACE_OUTER_BOUND ( 'NONE', #1146, .T. ) ;
#2067 = ORIENTED_EDGE ( 'NONE', *, *, #564, .F. ) ;
#2068 = CARTESIAN_POINT ( 'NONE',  ( 0.7574350551072374094, -0.7964013659952454693, 2.166981229344812299 ) ) ;
#2069 = VECTOR ( 'NONE', #1864, 100.0000000000000000 ) ;
#2070 = ORIENTED_EDGE ( 'NONE', *, *, #589, .F. ) ;
#2071 = LINE ( 'NONE', #2085, #2118 ) ;
#2072 = DIRECTION ( 'NONE',  ( -8.462065736472231082E-17, -1.000000000000000000, 0.000000000000000000 ) ) ;
#2073 = CARTESIAN_POINT ( 'NONE',  ( 6.879284793209351712, -3.796401365995245136, 1.297398990077831549 ) ) ;
#2074 = EDGE_CURVE ( 'NONE', #2241, #1701, #1578, .T. ) ;
#2075 = EDGE_LOOP ( 'NONE', ( #1881, #1913, #1758, #413 ) ) ;
#2076 = CARTESIAN_POINT ( 'NONE',  ( -2.917773269550203885, -3.496401365995245758, 1.519144877525549386 ) ) ;
#2077 = VERTEX_POINT ( 'NONE', #1996 ) ;
#2078 = CYLINDRICAL_SURFACE ( 'NONE', #101, 0.1500000000000001332 ) ;
#2079 = CARTESIAN_POINT ( 'NONE',  ( -0.5177732695502045290, -3.496401365995246202, 3.669999999999999485 ) ) ;
#2080 = DIRECTION ( 'NONE',  ( -1.000000000000000000, 0.000000000000000000, 0.000000000000000000 ) ) ;
#2081 = ORIENTED_EDGE ( 'NONE', *, *, #2337, .F. ) ;
#2082 = LINE ( 'NONE', #1313, #1546 ) ;
#2083 = ORIENTED_EDGE ( 'NONE', *, *, #1007, .F. ) ;
#2084 = VECTOR ( 'NONE', #2038, 100.0000000000000000 ) ;
#2085 = CARTESIAN_POINT ( 'NONE',  ( -0.2177732695502039573, -0.7964013659952455804, 3.669999999999999485 ) ) ;
#2086 = LINE ( 'NONE', #986, #61 ) ;
#2087 = ADVANCED_FACE ( 'NONE', ( #868 ), #1435, .T. ) ;
#2088 = CARTESIAN_POINT ( 'NONE',  ( 2.632594413302705938, -3.016401365995245776, 3.119999999999999662 ) ) ;
#2089 = ORIENTED_EDGE ( 'NONE', *, *, #878, .T. ) ;
#2090 =( NAMED_UNIT ( * ) PLANE_ANGLE_UNIT ( ) SI_UNIT ( $, .RADIAN. ) );
#2091 = ORIENTED_EDGE ( 'NONE', *, *, #1638, .F. ) ;
#2092 = ADVANCED_FACE ( 'NONE', ( #2177 ), #473, .T. ) ;
#2093 = CARTESIAN_POINT ( 'NONE',  ( 2.632594413302705938, -0.9964013659952456470, 3.669999999999999485 ) ) ;
#2094 = EDGE_CURVE ( 'NONE', #610, #535, #1810, .T. ) ;
#2095 = CIRCLE ( 'NONE', #2319, 0.1500000000000001332 ) ;
#2096 = ORIENTED_EDGE ( 'NONE', *, *, #286, .T. ) ;
#2097 = FACE_BOUND ( 'NONE', #1865, .T. ) ;
#2098 = ADVANCED_FACE ( 'NONE', ( #662 ), #2326, .F. ) ;
#2099 = CARTESIAN_POINT ( 'NONE',  ( 5.032594413302706293, -3.496401365995244870, 3.669999999999999485 ) ) ;
#2100 = DIRECTION ( 'NONE',  ( -1.284980352575412453E-16, 1.000000000000000000, 0.000000000000000000 ) ) ;
#2101 = DIRECTION ( 'NONE',  ( 0.000000000000000000, 0.000000000000000000, 1.000000000000000000 ) ) ;
#2102 = ORIENTED_EDGE ( 'NONE', *, *, #1008, .F. ) ;
#2103 = VERTEX_POINT ( 'NONE', #641 ) ;
#2104 = DIRECTION ( 'NONE',  ( 1.000000000000000000, -8.260587980841938780E-17, 0.000000000000000000 ) ) ;
#2105 = ORIENTED_EDGE ( 'NONE', *, *, #2124, .F. ) ;
#2106 = CARTESIAN_POINT ( 'NONE',  ( 0.000000000000000000, 0.000000000000000000, 4.169999999999999041 ) ) ;
#2107 = CYLINDRICAL_SURFACE ( 'NONE', #1212, 0.1700000000000000122 ) ;
#2108 = AXIS2_PLACEMENT_3D ( 'NONE', #1341, #953, #391 ) ;
#2109 = DIRECTION ( 'NONE',  ( 1.000000000000000000, 0.000000000000000000, 0.000000000000000000 ) ) ;
#2110 = DIRECTION ( 'NONE',  ( -1.284980352575412453E-16, 1.000000000000000000, 0.000000000000000000 ) ) ;
#2111 = ORIENTED_EDGE ( 'NONE', *, *, #727, .F. ) ;
#2112 = EDGE_CURVE ( 'NONE', #457, #1892, #650, .T. ) ;
#2113 = DIRECTION ( 'NONE',  ( 0.000000000000000000, 0.000000000000000000, -1.000000000000000000 ) ) ;
#2114 = EDGE_LOOP ( 'NONE', ( #405, #166 ) ) ;
#2115 = AXIS2_PLACEMENT_3D ( 'NONE', #2043, #1818, #1616 ) ;
#2116 = CYLINDRICAL_SURFACE ( 'NONE', #143, 0.1500000000000001332 ) ;
#2117 = ORIENTED_EDGE ( 'NONE', *, *, #1189, .T. ) ;
#2118 = VECTOR ( 'NONE', #1500, 100.0000000000000000 ) ;
#2119 = CARTESIAN_POINT ( 'NONE',  ( 2.332594413302706116, -0.7964013659952460245, 3.669999999999999485 ) ) ;
#2120 = CARTESIAN_POINT ( 'NONE',  ( 3.982594413302706471, -0.7964013659952455804, 1.519144877525549386 ) ) ;
#2121 = LINE ( 'NONE', #202, #1141 ) ;
#2122 = VECTOR ( 'NONE', #2209, 100.0000000000000000 ) ;
#2123 = DIRECTION ( 'NONE',  ( 1.000000000000000000, 0.000000000000000000, 0.000000000000000000 ) ) ;
#2124 = EDGE_CURVE ( 'NONE', #871, #354, #530, .T. ) ;
#2125 = ORIENTED_EDGE ( 'NONE', *, *, #602, .T. ) ;
#2126 = ADVANCED_FACE ( 'NONE', ( #463 ), #1218, .T. ) ;
#2127 = VERTEX_POINT ( 'NONE', #849 ) ;
#2128 = ORIENTED_EDGE ( 'NONE', *, *, #732, .T. ) ;
#2129 = VECTOR ( 'NONE', #92, 100.0000000000000000 ) ;
#2130 = CARTESIAN_POINT ( 'NONE',  ( -0.5177732695502041960, -1.226401365995245740, 3.119999999999999662 ) ) ;
#2131 = SURFACE_SIDE_STYLE ('',( #54 ) ) ;
#2132 = CARTESIAN_POINT ( 'NONE',  ( 2.632594413302705938, -3.016401365995245776, 3.279999999999999361 ) ) ;
#2133 = FACE_OUTER_BOUND ( 'NONE', #1901, .T. ) ;
#2134 = LINE ( 'NONE', #2305, #1002 ) ;
#2135 = ORIENTED_EDGE ( 'NONE', *, *, #1968, .T. ) ;
#2136 = ORIENTED_EDGE ( 'NONE', *, *, #963, .F. ) ;
#2137 = CYLINDRICAL_SURFACE ( 'NONE', #2348, 0.1600000000000000866 ) ;
#2138 = CARTESIAN_POINT ( 'NONE',  ( 2.632594413302705938, -0.9964013659952456470, 3.669999999999999485 ) ) ;
#2139 = EDGE_CURVE ( 'NONE', #1139, #1757, #1227, .T. ) ;
#2140 = CYLINDRICAL_SURFACE ( 'NONE', #1801, 0.1500000000000001332 ) ;
#2141 = DIRECTION ( 'NONE',  ( -1.000000000000000000, 8.260587980841938780E-17, 0.000000000000000000 ) ) ;
#2142 = DIRECTION ( 'NONE',  ( 0.000000000000000000, 0.000000000000000000, -1.000000000000000000 ) ) ;
#2143 = VECTOR ( 'NONE', #460, 100.0000000000000000 ) ;
#2144 = EDGE_CURVE ( 'NONE', #1580, #2412, #1236, .T. ) ;
#2145 = EDGE_LOOP ( 'NONE', ( #1577, #1184, #526, #2388 ) ) ;
#2146 =( GEOMETRIC_REPRESENTATION_CONTEXT ( 3 ) GLOBAL_UNCERTAINTY_ASSIGNED_CONTEXT ( ( #989 ) ) GLOBAL_UNIT_ASSIGNED_CONTEXT ( ( #311, #2163, #124 ) ) REPRESENTATION_CONTEXT ( 'NONE', 'WORKASPACE' ) );
#2147 = ORIENTED_EDGE ( 'NONE', *, *, #2323, .T. ) ;
#2148 = EDGE_CURVE ( 'NONE', #542, #1949, #297, .T. ) ;
#2149 = EDGE_CURVE ( 'NONE', #941, #1314, #1288, .T. ) ;
#2150 = LINE ( 'NONE', #1055, #624 ) ;
#2151 =( NAMED_UNIT ( * ) PLANE_ANGLE_UNIT ( ) SI_UNIT ( $, .RADIAN. ) );
#2152 = VECTOR ( 'NONE', #867, 100.0000000000000000 ) ;
#2153 = VECTOR ( 'NONE', #2055, 100.0000000000000000 ) ;
#2154 = CYLINDRICAL_SURFACE ( 'NONE', #2181, 0.1600000000000000866 ) ;
#2155 = FACE_BOUND ( 'NONE', #1695, .T. ) ;
#2156 = DIRECTION ( 'NONE',  ( -8.462065736472231082E-17, -1.000000000000000000, 0.000000000000000000 ) ) ;
#2157 =( GEOMETRIC_REPRESENTATION_CONTEXT ( 3 ) GLOBAL_UNCERTAINTY_ASSIGNED_CONTEXT ( ( #1381 ) ) GLOBAL_UNIT_ASSIGNED_CONTEXT ( ( #1043, #700, #1296 ) ) REPRESENTATION_CONTEXT ( 'NONE', 'WORKASPACE' ) );
#2158 = ORIENTED_EDGE ( 'NONE', *, *, #66, .T. ) ;
#2159 = EDGE_CURVE ( 'NONE', #1892, #1925, #2307, .T. ) ;
#2160 = ORIENTED_EDGE ( 'NONE', *, *, #732, .F. ) ;
#2161 = EDGE_CURVE ( 'NONE', #610, #2064, #1830, .T. ) ;
#2162 = DIRECTION ( 'NONE',  ( 0.000000000000000000, 0.000000000000000000, 1.000000000000000000 ) ) ;
#2163 =( NAMED_UNIT ( * ) PLANE_ANGLE_UNIT ( ) SI_UNIT ( $, .RADIAN. ) );
#2164 = VERTEX_POINT ( 'NONE', #683 ) ;
#2165 = EDGE_CURVE ( 'NONE', #2417, #348, #509, .T. ) ;
#2166 = LINE ( 'NONE', #810, #2413 ) ;
#2167 = CARTESIAN_POINT ( 'NONE',  ( 5.032594413302706293, -3.496401365995244870, 1.519144877525549386 ) ) ;
#2168 = VECTOR ( 'NONE', #1051, 100.0000000000000000 ) ;
#2169 = DIRECTION ( 'NONE',  ( 1.000000000000000000, -0.000000000000000000, -0.000000000000000000 ) ) ;
#2170 = EDGE_LOOP ( 'NONE', ( #392, #1989, #1419, #1599 ) ) ;
#2171 = EDGE_LOOP ( 'NONE', ( #370, #164, #2029, #653 ) ) ;
#2172 =( NAMED_UNIT ( * ) SI_UNIT ( $, .STERADIAN. ) SOLID_ANGLE_UNIT ( ) );
#2173 = CARTESIAN_POINT ( 'NONE',  ( -2.617773269550204507, -1.226401365995245740, 3.289999999999999147 ) ) ;
#2174 = EDGE_LOOP ( 'NONE', ( #2147, #2208, #1144, #2081, #2248, #2353, #1350, #1197, #2372, #1277, #571, #908 ) ) ;
#2175 = CYLINDRICAL_SURFACE ( 'NONE', #812, 0.1700000000000000122 ) ;
#2176 = LINE ( 'NONE', #704, #1808 ) ;
#2177 = FACE_OUTER_BOUND ( 'NONE', #1327, .T. ) ;
#2178 = LINE ( 'NONE', #684, #553 ) ;
#2179 = VERTEX_POINT ( 'NONE', #2379 ) ;
#2180 = ADVANCED_FACE ( 'NONE', ( #2033 ), #931, .F. ) ;
#2181 = AXIS2_PLACEMENT_3D ( 'NONE', #103, #627, #451 ) ;
#2182 = EDGE_LOOP ( 'NONE', ( #912, #475 ) ) ;
#2183 = EDGE_CURVE ( 'NONE', #2241, #941, #1844, .T. ) ;
#2184 = FACE_OUTER_BOUND ( 'NONE', #2196, .T. ) ;
#2185 = AXIS2_PLACEMENT_3D ( 'NONE', #1856, #918, #1669 ) ;
#2186 = DIRECTION ( 'NONE',  ( -1.000000000000000000, -1.284980352575412453E-16, 0.000000000000000000 ) ) ;
#2187 = VERTEX_POINT ( 'NONE', #1447 ) ;
#2188 = AXIS2_PLACEMENT_3D ( 'NONE', #814, #630, #1028 ) ;
#2189 = CARTESIAN_POINT ( 'NONE',  ( 7.220977092352288906, -0.7964013659952454693, 2.166981229344812299 ) ) ;
#2190 = CARTESIAN_POINT ( 'NONE',  ( -1.542773269550204551, -1.296401365995245802, 3.894999999999999130 ) ) ;
#2191 = CARTESIAN_POINT ( 'NONE',  ( 2.332594413302706116, -3.496401365995244870, 3.669999999999999485 ) ) ;
#2192 = CIRCLE ( 'NONE', #456, 0.1600000000000000866 ) ;
#2193 = DIRECTION ( 'NONE',  ( -8.462065736472231082E-17, -1.000000000000000000, 0.000000000000000000 ) ) ;
#2194 = DIRECTION ( 'NONE',  ( -8.462065736472231082E-17, -1.000000000000000000, 0.000000000000000000 ) ) ;
#2195 = ADVANCED_FACE ( 'NONE', ( #345 ), #2007, .F. ) ;
#2196 = EDGE_LOOP ( 'NONE', ( #2105, #2381, #2063, #394 ) ) ;
#2197 = AXIS2_PLACEMENT_3D ( 'NONE', #1417, #1211, #2162 ) ;
#2198 = EDGE_LOOP ( 'NONE', ( #1704, #2010, #1019, #708 ) ) ;
#2199 = CARTESIAN_POINT ( 'NONE',  ( 3.982594413302706471, -0.9964013659952456470, 4.169999999999999041 ) ) ;
#2200 = CARTESIAN_POINT ( 'NONE',  ( 2.632594413302705938, -1.226401365995245740, 2.949999999999999289 ) ) ;
#2201 = DIRECTION ( 'NONE',  ( 0.000000000000000000, -0.000000000000000000, 1.000000000000000000 ) ) ;
#2202 = CARTESIAN_POINT ( 'NONE',  ( 5.250367682852910889, 0.000000000000000000, 3.669999999999999485 ) ) ;
#2203 = FACE_OUTER_BOUND ( 'NONE', #1767, .T. ) ;
#2204 = CIRCLE ( 'NONE', #1751, 0.1700000000000000122 ) ;
#2205 = DIRECTION ( 'NONE',  ( 1.000000000000000000, -0.000000000000000000, -0.000000000000000000 ) ) ;
#2206 = ORIENTED_EDGE ( 'NONE', *, *, #1771, .T. ) ;
#2207 = VECTOR ( 'NONE', #2062, 100.0000000000000000 ) ;
#2208 = ORIENTED_EDGE ( 'NONE', *, *, #620, .T. ) ;
#2209 = DIRECTION ( 'NONE',  ( -0.000000000000000000, -0.000000000000000000, -1.000000000000000000 ) ) ;
#2210 = CARTESIAN_POINT ( 'NONE',  ( 0.9074350551072378757, -3.796401365995245136, 2.166981229344812299 ) ) ;
#2211 = DIRECTION ( 'NONE',  ( -1.000000000000000000, 0.000000000000000000, 0.000000000000000000 ) ) ;
#2212 = DIRECTION ( 'NONE',  ( 0.000000000000000000, 0.000000000000000000, 1.000000000000000000 ) ) ;
#2213 = LINE ( 'NONE', #521, #730 ) ;
#2214 = ADVANCED_FACE ( 'NONE', ( #705 ), #1316, .F. ) ;
#2215 = DIRECTION ( 'NONE',  ( 1.000000000000000000, -0.000000000000000000, -0.000000000000000000 ) ) ;
#2216 = CYLINDRICAL_SURFACE ( 'NONE', #1943, 0.1600000000000000866 ) ;
#2217 = VERTEX_POINT ( 'NONE', #1682 ) ;
#2218 = VERTEX_POINT ( 'NONE', #539 ) ;
#2219 = PLANE ( 'NONE',  #764 ) ;
#2220 = EDGE_LOOP ( 'NONE', ( #828, #1560, #245, #1718 ) ) ;
#2221 = ADVANCED_FACE ( 'NONE', ( #2229 ), #1264, .F. ) ;
#2222 = CARTESIAN_POINT ( 'NONE',  ( 7.029284793209352067, -0.7964013659952454693, 1.297398990077831549 ) ) ;
#2223 = LINE ( 'NONE', #482, #1681 ) ;
#2224 = VERTEX_POINT ( 'NONE', #319 ) ;
#2225 = CARTESIAN_POINT ( 'NONE',  ( -0.2177732695502039573, -3.496401365995244870, 3.669999999999999485 ) ) ;
#2226 = MECHANICAL_DESIGN_GEOMETRIC_PRESENTATION_REPRESENTATION (  '', ( #135 ), #2146 ) ;
#2227 = VECTOR ( 'NONE', #106, 100.0000000000000000 ) ;
#2228 = EDGE_CURVE ( 'NONE', #2016, #200, #296, .T. ) ;
#2229 = FACE_OUTER_BOUND ( 'NONE', #388, .T. ) ;
#2230 = DIRECTION ( 'NONE',  ( -0.000000000000000000, -0.000000000000000000, -1.000000000000000000 ) ) ;
#2231 = AXIS2_PLACEMENT_3D ( 'NONE', #1526, #2266, #580 ) ;
#2232 = ORIENTED_EDGE ( 'NONE', *, *, #768, .F. ) ;
#2233 = CIRCLE ( 'NONE', #776, 0.1500000000000001332 ) ;
#2234 = ORIENTED_EDGE ( 'NONE', *, *, #40, .T. ) ;
#2235 = AXIS2_PLACEMENT_3D ( 'NONE', #1191, #1021, #1600 ) ;
#2236 = EDGE_CURVE ( 'NONE', #1916, #1709, #1963, .T. ) ;
#2237 = FACE_OUTER_BOUND ( 'NONE', #342, .T. ) ;
#2238 = FACE_OUTER_BOUND ( 'NONE', #875, .T. ) ;
#2239 = ORIENTED_EDGE ( 'NONE', *, *, #1038, .F. ) ;
#2240 = DIRECTION ( 'NONE',  ( -8.462065736472231082E-17, -1.000000000000000000, 0.000000000000000000 ) ) ;
#2241 = VERTEX_POINT ( 'NONE', #522 ) ;
#2242 = CARTESIAN_POINT ( 'NONE',  ( -1.542773269550204551, -0.9964013659952457580, 3.894999999999999130 ) ) ;
#2243 = CARTESIAN_POINT ( 'NONE',  ( -1.867773269550204729, -0.9964013659952456470, 3.669999999999999485 ) ) ;
#2244 = LINE ( 'NONE', #557, #313 ) ;
#2245 = ORIENTED_EDGE ( 'NONE', *, *, #1325, .F. ) ;
#2246 = MECHANICAL_DESIGN_GEOMETRIC_PRESENTATION_REPRESENTATION (  '', ( #1075 ), #958 ) ;
#2247 = VECTOR ( 'NONE', #1793, 100.0000000000000000 ) ;
#2248 = ORIENTED_EDGE ( 'NONE', *, *, #1715, .F. ) ;
#2249 = PLANE ( 'NONE',  #1612 ) ;
#2250 = CARTESIAN_POINT ( 'NONE',  ( 2.632594413302705938, -3.496401365995244870, 3.669999999999999485 ) ) ;
#2251 = ORIENTED_EDGE ( 'NONE', *, *, #2308, .T. ) ;
#2252 = CARTESIAN_POINT ( 'NONE',  ( 5.032594413302706293, -1.226401365995245740, 2.949999999999999289 ) ) ;
#2253 = EDGE_LOOP ( 'NONE', ( #1158, #1686, #2091, #1065, #1127, #180 ) ) ;
#2254 = LINE ( 'NONE', #1722, #1451 ) ;
#2255 = CARTESIAN_POINT ( 'NONE',  ( -0.5177732695502041960, -3.016401365995245776, 3.119999999999999662 ) ) ;
#2256 = PLANE ( 'NONE',  #634 ) ;
#2257 = VERTEX_POINT ( 'NONE', #1475 ) ;
#2258 = ORIENTED_EDGE ( 'NONE', *, *, #2144, .F. ) ;
#2259 = FACE_OUTER_BOUND ( 'NONE', #520, .T. ) ;
#2260 = CARTESIAN_POINT ( 'NONE',  ( 2.632594413302705938, -0.9964013659952456470, 1.519144877525549386 ) ) ;
#2261 = CARTESIAN_POINT ( 'NONE',  ( -1.542773269550204551, -0.9964013659952457580, 3.894999999999999130 ) ) ;
#2262 = EDGE_LOOP ( 'NONE', ( #1373, #1951 ) ) ;
#2263 = EDGE_CURVE ( 'NONE', #176, #2000, #695, .T. ) ;
#2264 = DIRECTION ( 'NONE',  ( 1.000000000000000000, 0.000000000000000000, 0.000000000000000000 ) ) ;
#2265 = ORIENTED_EDGE ( 'NONE', *, *, #360, .T. ) ;
#2266 = DIRECTION ( 'NONE',  ( -1.284980352575412453E-16, 1.000000000000000000, 0.000000000000000000 ) ) ;
#2267 = CARTESIAN_POINT ( 'NONE',  ( -0.5177732695502041960, -1.226401365995245740, 3.119999999999999662 ) ) ;
#2268 = FACE_OUTER_BOUND ( 'NONE', #2399, .T. ) ;
#2269 = MECHANICAL_DESIGN_GEOMETRIC_PRESENTATION_REPRESENTATION (  '', ( #809 ), #529 ) ;
#2270 = VERTEX_POINT ( 'NONE', #1463 ) ;
#2271 = ADVANCED_FACE ( 'NONE', ( #2203 ), #906, .F. ) ;
#2272 = DIRECTION ( 'NONE',  ( 0.000000000000000000, 0.000000000000000000, 1.000000000000000000 ) ) ;
#2273 = ORIENTED_EDGE ( 'NONE', *, *, #2416, .F. ) ;
#2274 = AXIS2_PLACEMENT_3D ( 'NONE', #2376, #493, #702 ) ;
#2275 = CARTESIAN_POINT ( 'NONE',  ( -2.617773269550204507, -3.016401365995245776, 3.279999999999999361 ) ) ;
#2276 = CYLINDRICAL_SURFACE ( 'NONE', #1210, 0.1700000000000000122 ) ;
#2277 = ORIENTED_EDGE ( 'NONE', *, *, #1325, .T. ) ;
#2278 = FACE_OUTER_BOUND ( 'NONE', #803, .T. ) ;
#2279 = DIRECTION ( 'NONE',  ( -0.000000000000000000, -0.000000000000000000, -1.000000000000000000 ) ) ;
#2280 = DIRECTION ( 'NONE',  ( -1.284980352575412453E-16, 1.000000000000000000, 0.000000000000000000 ) ) ;
#2281 = DIRECTION ( 'NONE',  ( 1.000000000000000000, -8.462065736472231082E-17, 3.154042683594196107E-16 ) ) ;
#2282 = EDGE_LOOP ( 'NONE', ( #2265, #1909 ) ) ;
#2283 = ORIENTED_EDGE ( 'NONE', *, *, #447, .F. ) ;
#2284 = CARTESIAN_POINT ( 'NONE',  ( 7.029284793209352067, -0.7964013659952454693, 1.297398990077831549 ) ) ;
#2285 = CIRCLE ( 'NONE', #206, 0.1500000000000001332 ) ;
#2286 = VERTEX_POINT ( 'NONE', #2407 ) ;
#2287 = CARTESIAN_POINT ( 'NONE',  ( -0.2177732695502039573, -0.7964013659952455804, 3.669999999999999485 ) ) ;
#2288 = LINE ( 'NONE', #251, #651 ) ;
#2289 = EDGE_CURVE ( 'NONE', #1088, #1789, #716, .T. ) ;
#2290 = CARTESIAN_POINT ( 'NONE',  ( 3.382594413302705938, -0.7964013659952455804, 4.169999999999999041 ) ) ;
#2291 = CARTESIAN_POINT ( 'NONE',  ( 3.382594413302705938, -0.9964013659952456470, 1.519144877525549386 ) ) ;
#2292 = EDGE_LOOP ( 'NONE', ( #488, #884 ) ) ;
#2293 = DIRECTION ( 'NONE',  ( 1.000000000000000000, 0.000000000000000000, 0.000000000000000000 ) ) ;
#2294 = ORIENTED_EDGE ( 'NONE', *, *, #1363, .F. ) ;
#2295 = FACE_OUTER_BOUND ( 'NONE', #2037, .T. ) ;
#2296 = ORIENTED_EDGE ( 'NONE', *, *, #2410, .T. ) ;
#2297 = DIRECTION ( 'NONE',  ( 1.000000000000000000, -0.000000000000000000, -0.000000000000000000 ) ) ;
#2298 = FILL_AREA_STYLE ('',( #1011 ) ) ;
#2299 = EDGE_CURVE ( 'NONE', #2430, #559, #1533, .T. ) ;
#2300 = VECTOR ( 'NONE', #925, 100.0000000000000000 ) ;
#2301 = CARTESIAN_POINT ( 'NONE',  ( 7.070977092352288551, -0.7964013659952454693, 2.166981229344812299 ) ) ;
#2302 = DIRECTION ( 'NONE',  ( 1.000000000000000000, -0.000000000000000000, -0.000000000000000000 ) ) ;
#2303 = ORIENTED_EDGE ( 'NONE', *, *, #384, .T. ) ;
#2304 = AXIS2_PLACEMENT_3D ( 'NONE', #368, #118, #893 ) ;
#2305 = CARTESIAN_POINT ( 'NONE',  ( 3.832594413302706116, -0.7964013659952455804, 1.244144877525549697 ) ) ;
#2306 = ORIENTED_EDGE ( 'NONE', *, *, #304, .T. ) ;
#2307 = CIRCLE ( 'NONE', #1252, 0.1699999999999996514 ) ;
#2308 = EDGE_CURVE ( 'NONE', #1042, #772, #94, .T. ) ;
#2309 = ORIENTED_EDGE ( 'NONE', *, *, #144, .T. ) ;
#2310 = VECTOR ( 'NONE', #1362, 100.0000000000000000 ) ;
#2311 = FACE_BOUND ( 'NONE', #1689, .T. ) ;
#2312 = LINE ( 'NONE', #2120, #264 ) ;
#2313 = LINE ( 'NONE', #1604, #2143 ) ;
#2314 = CIRCLE ( 'NONE', #389, 0.1500000000000000500 ) ;
#2315 = CARTESIAN_POINT ( 'NONE',  ( -0.2177732695502039573, -3.496401365995244870, 3.669999999999999485 ) ) ;
#2316 = EDGE_LOOP ( 'NONE', ( #1121, #1091, #2117, #1733 ) ) ;
#2317 = EDGE_CURVE ( 'NONE', #1219, #28, #959, .T. ) ;
#2318 = ORIENTED_EDGE ( 'NONE', *, *, #2047, .F. ) ;
#2319 = AXIS2_PLACEMENT_3D ( 'NONE', #1237, #869, #1670 ) ;
#2320 = FACE_OUTER_BOUND ( 'NONE', #108, .T. ) ;
#2321 = CARTESIAN_POINT ( 'NONE',  ( 2.632594413302705938, -0.9964013659952456470, 3.669999999999999485 ) ) ;
#2322 = AXIS2_PLACEMENT_3D ( 'NONE', #1071, #506, #1820 ) ;
#2323 = EDGE_CURVE ( 'NONE', #2064, #1927, #1711, .T. ) ;
#2324 = DIRECTION ( 'NONE',  ( 0.000000000000000000, 1.000000000000000000, 0.000000000000000000 ) ) ;
#2325 = CARTESIAN_POINT ( 'NONE',  ( 2.632594413302705938, -0.9964013659952456470, 3.669999999999999485 ) ) ;
#2326 = CYLINDRICAL_SURFACE ( 'NONE', #1804, 0.1600000000000000866 ) ;
#2327 = CARTESIAN_POINT ( 'NONE',  ( -2.617773269550204507, -3.496401365995244870, 3.669999999999999485 ) ) ;
#2328 = ORIENTED_EDGE ( 'NONE', *, *, #783, .T. ) ;
#2329 = ORIENTED_EDGE ( 'NONE', *, *, #2368, .T. ) ;
#2330 = PRESENTATION_STYLE_ASSIGNMENT (( #1781 ) ) ;
#2331 = LINE ( 'NONE', #2321, #1249 ) ;
#2332 = LINE ( 'NONE', #836, #1136 ) ;
#2333 = FACE_OUTER_BOUND ( 'NONE', #2170, .T. ) ;
#2334 = DIRECTION ( 'NONE',  ( -0.000000000000000000, -0.000000000000000000, -1.000000000000000000 ) ) ;
#2335 = EDGE_CURVE ( 'NONE', #361, #35, #5, .T. ) ;
#2336 = ORIENTED_EDGE ( 'NONE', *, *, #2161, .F. ) ;
#2337 = EDGE_CURVE ( 'NONE', #1088, #547, #2121, .T. ) ;
#2338 = CIRCLE ( 'NONE', #687, 0.1600000000000000866 ) ;
#2339 = VECTOR ( 'NONE', #1377, 100.0000000000000000 ) ;
#2340 = VECTOR ( 'NONE', #673, 100.0000000000000000 ) ;
#2341 = VERTEX_POINT ( 'NONE', #1149 ) ;
#2342 = CARTESIAN_POINT ( 'NONE',  ( -1.542773269550204551, -0.7964013659952458024, 3.894999999999999130 ) ) ;
#2343 = AXIS2_PLACEMENT_3D ( 'NONE', #1868, #731, #945 ) ;
#2344 = FACE_OUTER_BOUND ( 'NONE', #1152, .T. ) ;
#2345 = DIRECTION ( 'NONE',  ( -0.000000000000000000, -0.000000000000000000, -1.000000000000000000 ) ) ;
#2346 = PRESENTATION_LAYER_ASSIGNMENT (  '', '', ( #1610 ) ) ;
#2347 = CARTESIAN_POINT ( 'NONE',  ( -2.917773269550204329, -3.016401365995245776, 2.959999999999999520 ) ) ;
#2348 = AXIS2_PLACEMENT_3D ( 'NONE', #1770, #1231, #1223 ) ;
#2349 = ORIENTED_EDGE ( 'NONE', *, *, #1077, .T. ) ;
#2350 = EDGE_LOOP ( 'NONE', ( #1706, #786 ) ) ;
#2351 = DIRECTION ( 'NONE',  ( -1.284980352575412453E-16, 1.000000000000000000, 0.000000000000000000 ) ) ;
#2352 = CARTESIAN_POINT ( 'NONE',  ( -2.917773269550204329, -0.7964013659952460245, 3.669999999999999485 ) ) ;
#2353 = ORIENTED_EDGE ( 'NONE', *, *, #629, .T. ) ;
#2354 = DIRECTION ( 'NONE',  ( -1.000000000000000000, 0.000000000000000000, 0.000000000000000000 ) ) ;
#2355 = PLANE ( 'NONE',  #1247 ) ;
#2356 = EDGE_CURVE ( 'NONE', #1580, #122, #1543, .T. ) ;
#2357 = CARTESIAN_POINT ( 'NONE',  ( 7.070977092352288551, -3.796401365995245136, 2.166981229344812299 ) ) ;
#2358 = VECTOR ( 'NONE', #1683, 100.0000000000000000 ) ;
#2359 = CARTESIAN_POINT ( 'NONE',  ( 3.682594413302706204, -0.7964013659952455804, 1.244144877525549697 ) ) ;
#2360 = VERTEX_POINT ( 'NONE', #2290 ) ;
#2361 = VERTEX_POINT ( 'NONE', #2434 ) ;
#2362 = CARTESIAN_POINT ( 'NONE',  ( 3.532594413302705849, -0.7964013659952455804, 1.244144877525549697 ) ) ;
#2363 = CARTESIAN_POINT ( 'NONE',  ( -0.2177732695502039573, -3.496401365995244870, 3.669999999999999485 ) ) ;
#2364 = ORIENTED_EDGE ( 'NONE', *, *, #1454, .F. ) ;
#2365 = FACE_OUTER_BOUND ( 'NONE', #1504, .T. ) ;
#2366 = EDGE_CURVE ( 'NONE', #969, #312, #1516, .T. ) ;
#2367 = CARTESIAN_POINT ( 'NONE',  ( 5.032594413302706293, -3.496401365995244870, 3.669999999999999485 ) ) ;
#2368 = EDGE_CURVE ( 'NONE', #1063, #763, #265, .T. ) ;
#2369 = LINE ( 'NONE', #1445, #774 ) ;
#2370 = DIRECTION ( 'NONE',  ( 1.000000000000000000, 0.000000000000000000, 0.000000000000000000 ) ) ;
#2371 = VERTEX_POINT ( 'NONE', #973 ) ;
#2372 = ORIENTED_EDGE ( 'NONE', *, *, #40, .F. ) ;
#2373 = ADVANCED_FACE ( 'NONE', ( #1698, #1752, #1723 ), #746, .F. ) ;
#2374 = VECTOR ( 'NONE', #468, 100.0000000000000000 ) ;
#2375 = ORIENTED_EDGE ( 'NONE', *, *, #2094, .F. ) ;
#2376 = CARTESIAN_POINT ( 'NONE',  ( -3.887773269550203636, -3.016401365995245776, 3.119999999999999662 ) ) ;
#2377 = DIRECTION ( 'NONE',  ( -1.309225264888156130E-16, 1.000000000000000000, 0.000000000000000000 ) ) ;
#2378 = CARTESIAN_POINT ( 'NONE',  ( 5.032594413302706293, -3.496401365995244870, 1.519144877525549386 ) ) ;
#2379 = CARTESIAN_POINT ( 'NONE',  ( 3.832594413302706116, -0.7964013659952455804, 1.244144877525549697 ) ) ;
#2380 = DIRECTION ( 'NONE',  ( 0.000000000000000000, 0.000000000000000000, -1.000000000000000000 ) ) ;
#2381 = ORIENTED_EDGE ( 'NONE', *, *, #752, .T. ) ;
#2382 = AXIS2_PLACEMENT_3D ( 'NONE', #983, #1736, #30 ) ;
#2383 = EDGE_LOOP ( 'NONE', ( #954, #2059 ) ) ;
#2384 = DIRECTION ( 'NONE',  ( 0.000000000000000000, 0.000000000000000000, -1.000000000000000000 ) ) ;
#2385 = LINE ( 'NONE', #1464, #745 ) ;
#2386 = ADVANCED_FACE ( 'NONE', ( #46 ), #1555, .T. ) ;
#2387 = DIRECTION ( 'NONE',  ( -1.000000000000000000, 0.000000000000000000, 0.000000000000000000 ) ) ;
#2388 = ORIENTED_EDGE ( 'NONE', *, *, #1221, .F. ) ;
#2389 = DIRECTION ( 'NONE',  ( -0.000000000000000000, -0.000000000000000000, -1.000000000000000000 ) ) ;
#2390 = DIRECTION ( 'NONE',  ( 0.000000000000000000, 0.000000000000000000, 1.000000000000000000 ) ) ;
#2391 = CARTESIAN_POINT ( 'NONE',  ( -2.617773269550204507, -1.226401365995245740, 3.119999999999999662 ) ) ;
#2392 = EDGE_CURVE ( 'NONE', #323, #479, #2086, .T. ) ;
#2393 = DIRECTION ( 'NONE',  ( 1.000000000000000000, 0.000000000000000000, 0.000000000000000000 ) ) ;
#2394 = CLOSED_SHELL ( 'NONE', ( #1087, #2397, #110, #1745 ) ) ;
#2395 = LINE ( 'NONE', #706, #1748 ) ;
#2396 = VERTEX_POINT ( 'NONE', #1163 ) ;
#2397 = ADVANCED_FACE ( 'NONE', ( #216 ), #20, .T. ) ;
#2398 = ADVANCED_FACE ( 'NONE', ( #1172 ), #1922, .T. ) ;
#2399 = EDGE_LOOP ( 'NONE', ( #1646, #446 ) ) ;
#2400 = CARTESIAN_POINT ( 'NONE',  ( -0.2177732695502039573, -1.226401365995245740, 3.119999999999999662 ) ) ;
#2401 = CYLINDRICAL_SURFACE ( 'NONE', #1057, 0.1500000000000001332 ) ;
#2402 = ORIENTED_EDGE ( 'NONE', *, *, #2006, .T. ) ;
#2403 = CARTESIAN_POINT ( 'NONE',  ( 3.557594413302705760, -0.9964013659952457580, 3.894999999999999130 ) ) ;
#2404 = CARTESIAN_POINT ( 'NONE',  ( 2.632594413302705938, -3.496401365995244870, 3.669999999999999485 ) ) ;
#2405 = ORIENTED_EDGE ( 'NONE', *, *, #1123, .T. ) ;
#2406 = LINE ( 'NONE', #773, #621 ) ;
#2407 = CARTESIAN_POINT ( 'NONE',  ( -1.867773269550204729, -0.9964013659952456470, 0.9691448775255496750 ) ) ;
#2408 = DIRECTION ( 'NONE',  ( 0.000000000000000000, 0.000000000000000000, -1.000000000000000000 ) ) ;
#2409 = VERTEX_POINT ( 'NONE', #1355 ) ;
#2410 = EDGE_CURVE ( 'NONE', #1645, #1476, #617, .T. ) ;
#2411 = EDGE_CURVE ( 'NONE', #326, #2396, #1935, .T. ) ;
#2412 = VERTEX_POINT ( 'NONE', #36 ) ;
#2413 = VECTOR ( 'NONE', #444, 100.0000000000000000 ) ;
#2414 = LINE ( 'NONE', #1493, #856 ) ;
#2415 = FACE_OUTER_BOUND ( 'NONE', #1238, .T. ) ;
#2416 = EDGE_CURVE ( 'NONE', #312, #862, #2338, .T. ) ;
#2417 = VERTEX_POINT ( 'NONE', #205 ) ;
#2418 = VECTOR ( 'NONE', #1558, 100.0000000000000000 ) ;
#2419 = LINE ( 'NONE', #1524, #383 ) ;
#2420 = ORIENTED_EDGE ( 'NONE', *, *, #146, .T. ) ;
#2421 = DIRECTION ( 'NONE',  ( 1.000000000000000000, -0.000000000000000000, -0.000000000000000000 ) ) ;
#2422 = CIRCLE ( 'NONE', #2115, 0.1500000000000001332 ) ;
#2423 = CARTESIAN_POINT ( 'NONE',  ( 3.982594413302706471, -0.9964013659952456470, 4.169999999999999041 ) ) ;
#2424 = PLANE ( 'NONE',  #1268 ) ;
#2425 = VECTOR ( 'NONE', #1273, 100.0000000000000000 ) ;
#2426 = VERTEX_POINT ( 'NONE', #2076 ) ;
#2427 = ORIENTED_EDGE ( 'NONE', *, *, #2263, .F. ) ;
#2428 = FACE_BOUND ( 'NONE', #551, .T. ) ;
#2429 = CARTESIAN_POINT ( 'NONE',  ( 1.362594413302707030, -1.226401365995245740, 3.119999999999999662 ) ) ;
#2430 = VERTEX_POINT ( 'NONE', #1334 ) ;
#2431 = PLANE ( 'NONE',  #193 ) ;
#2432 = ORIENTED_EDGE ( 'NONE', *, *, #1363, .T. ) ;
#2433 = DIRECTION ( 'NONE',  ( 0.000000000000000000, 0.000000000000000000, 1.000000000000000000 ) ) ;
#2434 = CARTESIAN_POINT ( 'NONE',  ( -2.617773269550204507, -1.226401365995245740, 2.949999999999999289 ) ) ;
#2435 = CARTESIAN_POINT ( 'NONE',  ( 2.632594413302705938, -3.016401365995245776, 2.959999999999999520 ) ) ;
#2436 = ORIENTED_EDGE ( 'NONE', *, *, #2228, .T. ) ;
#2437 = AXIS2_PLACEMENT_3D ( 'NONE', #1857, #307, #1062 ) ;
#2438 = EDGE_CURVE ( 'NONE', #676, #1233, #781, .T. ) ;
#2439 = CIRCLE ( 'NONE', #1469, 0.1600000000000000866 ) ;
#2440 = ORIENTED_EDGE ( 'NONE', *, *, #496, .F. ) ;
#2441 = DIRECTION ( 'NONE',  ( -1.000000000000000000, -1.284980352575412453E-16, 0.000000000000000000 ) ) ;
#2442 = LINE ( 'NONE', #1105, #1229 ) ;
#2443 = CARTESIAN_POINT ( 'NONE',  ( -2.617773269550204507, -3.496401365995244870, 1.519144877525549386 ) ) ;
#2444 = ORIENTED_EDGE ( 'NONE', *, *, #602, .F. ) ;
ENDSEC;
END-ISO-10303-21;
