ISO-10303-21;
HEADER;
FILE_DESCRIPTION (( 'STEP AP214' ),
    '1' );
FILE_NAME ('ul holder.STEP',
    '2026-05-07T10:46:06',
    ( '' ),
    ( '' ),
    'SwSTEP 2.0',
    'SolidWorks 2024',
    '' );
FILE_SCHEMA (( 'AUTOMOTIVE_DESIGN' ));
ENDSEC;

DATA;
#1 = VECTOR ( 'NONE', #88, 100.0000000000000000 ) ;
#2 = LINE ( 'NONE', #142, #1405 ) ;
#3 = DIRECTION ( 'NONE',  ( -1.000000000000000000, -1.224510688924804848E-16, 0.000000000000000000 ) ) ;
#4 = VERTEX_POINT ( 'NONE', #389 ) ;
#5 = CARTESIAN_POINT ( 'NONE',  ( -5.246062754563281416, 0.1942238648363268094, -2.020236655730385689 ) ) ;
#6 = ORIENTED_EDGE ( 'NONE', *, *, #1246, .T. ) ;
#7 = ORIENTED_EDGE ( 'NONE', *, *, #731, .F. ) ;
#8 = LINE ( 'NONE', #122, #1253 ) ;
#9 = VECTOR ( 'NONE', #1039, 100.0000000000000000 ) ;
#10 = CARTESIAN_POINT ( 'NONE',  ( -5.336062754563282162, -0.8157761351636735325, -2.020236655730385689 ) ) ;
#11 = ORIENTED_EDGE ( 'NONE', *, *, #1060, .T. ) ;
#12 = AXIS2_PLACEMENT_3D ( 'NONE', #463, #261, #368 ) ;
#13 = CARTESIAN_POINT ( 'NONE',  ( -5.336062754563282162, 1.214223864836326383, 0.6999999999999999556 ) ) ;
#14 = DIRECTION ( 'NONE',  ( -0.000000000000000000, -0.000000000000000000, -1.000000000000000000 ) ) ;
#15 = EDGE_LOOP ( 'NONE', ( #548, #829, #1011, #1105 ) ) ;
#16 = CARTESIAN_POINT ( 'NONE',  ( -0.006062754563281456260, -0.8157761351636726443, 0.9999999999999998890 ) ) ;
#17 = ORIENTED_EDGE ( 'NONE', *, *, #634, .F. ) ;
#18 = EDGE_CURVE ( 'NONE', #437, #1546, #1552, .T. ) ;
#19 = DIRECTION ( 'NONE',  ( 0.000000000000000000, -0.000000000000000000, 1.000000000000000000 ) ) ;
#20 = CARTESIAN_POINT ( 'NONE',  ( -5.886062754563281985, -0.8157761351636735325, 0.4999999999999999445 ) ) ;
#21 = ORIENTED_EDGE ( 'NONE', *, *, #1555, .F. ) ;
#22 = DIRECTION ( 'NONE',  ( 1.000000000000000000, -0.000000000000000000, -0.000000000000000000 ) ) ;
#23 = CARTESIAN_POINT ( 'NONE',  ( -2.751062754563282642, -0.3557761351636733460, 1.000000000000000222 ) ) ;
#24 = LINE ( 'NONE', #1308, #1478 ) ;
#25 = AXIS2_PLACEMENT_3D ( 'NONE', #236, #1048, #575 ) ;
#26 = CARTESIAN_POINT ( 'NONE',  ( -0.8060627545632825797, 1.214223864836326827, 0.6999999999999999556 ) ) ;
#27 = ORIENTED_EDGE ( 'NONE', *, *, #643, .F. ) ;
#28 = EDGE_CURVE ( 'NONE', #120, #1305, #269, .T. ) ;
#29 = DIRECTION ( 'NONE',  ( 1.224510688924804848E-16, -1.000000000000000000, 0.000000000000000000 ) ) ;
#30 = ORIENTED_EDGE ( 'NONE', *, *, #1479, .T. ) ;
#31 = CARTESIAN_POINT ( 'NONE',  ( -5.336062754563282162, 1.214223864836326383, 1.000000000000000000 ) ) ;
#32 = LINE ( 'NONE', #800, #687 ) ;
#33 = CARTESIAN_POINT ( 'NONE',  ( -3.391062754563282766, -0.3557761351636733460, -2.320236655730385955 ) ) ;
#34 = VERTEX_POINT ( 'NONE', #103 ) ;
#35 = LINE ( 'NONE', #26, #1225 ) ;
#36 = DIRECTION ( 'NONE',  ( -1.326553246335205396E-16, 1.000000000000000000, 0.000000000000000000 ) ) ;
#37 = VERTEX_POINT ( 'NONE', #259 ) ;
#38 = CARTESIAN_POINT ( 'NONE',  ( -5.336062754563282162, 1.214223864836326383, -2.320236655730385955 ) ) ;
#39 = CARTESIAN_POINT ( 'NONE',  ( -0.2560627545632817026, 1.214223864836327493, 0.4999999999999998335 ) ) ;
#40 = FILL_AREA_STYLE_COLOUR ( '', #1460 ) ;
#41 = CARTESIAN_POINT ( 'NONE',  ( -0.006062754563281419831, -1.115776135163672800, 0.9999999999999998890 ) ) ;
#42 = FACE_OUTER_BOUND ( 'NONE', #325, .T. ) ;
#43 = CARTESIAN_POINT ( 'NONE',  ( -6.136062754563281985, -0.8157761351636733105, -9.797174393178824918E-17 ) ) ;
#44 = ORIENTED_EDGE ( 'NONE', *, *, #541, .F. ) ;
#45 = DIRECTION ( 'NONE',  ( -0.000000000000000000, -0.000000000000000000, -1.000000000000000000 ) ) ;
#46 = DIRECTION ( 'NONE',  ( 1.224510688924804848E-16, -1.000000000000000000, 0.000000000000000000 ) ) ;
#47 = DIRECTION ( 'NONE',  ( 1.326553246335205396E-16, -1.000000000000000000, -0.000000000000000000 ) ) ;
#48 = ORIENTED_EDGE ( 'NONE', *, *, #1030, .T. ) ;
#49 = AXIS2_PLACEMENT_3D ( 'NONE', #990, #887, #640 ) ;
#50 = CIRCLE ( 'NONE', #896, 0.8500000000000000888 ) ;
#51 = ORIENTED_EDGE ( 'NONE', *, *, #790, .T. ) ;
#52 = DIRECTION ( 'NONE',  ( -0.000000000000000000, -0.000000000000000000, -1.000000000000000000 ) ) ;
#53 = DIRECTION ( 'NONE',  ( -0.000000000000000000, -0.000000000000000000, -1.000000000000000000 ) ) ;
#54 = ADVANCED_FACE ( 'NONE', ( #374 ), #114, .F. ) ;
#55 = EDGE_LOOP ( 'NONE', ( #1097, #91, #1005, #27 ) ) ;
#56 = VERTEX_POINT ( 'NONE', #1312 ) ;
#57 = COLOUR_RGB ( '',0.7921568627450980005, 0.8196078431372548767, 0.9333333333333333481 ) ;
#58 = CARTESIAN_POINT ( 'NONE',  ( -1.746062754563282304, 0.1942238648363268094, 2.729999999999999982 ) ) ;
#59 = SURFACE_SIDE_STYLE ('',( #651 ) ) ;
#60 = AXIS2_PLACEMENT_3D ( 'NONE', #683, #68, #557 ) ;
#61 = CARTESIAN_POINT ( 'NONE',  ( -0.8960627545632822155, 0.1942238648363269204, -0.2902366557303859285 ) ) ;
#62 = DIRECTION ( 'NONE',  ( 1.000000000000000000, 1.224510688924804848E-16, -0.000000000000000000 ) ) ;
#63 = EDGE_LOOP ( 'NONE', ( #100, #104, #162, #602, #821, #645, #464, #448 ) ) ;
#64 = EDGE_CURVE ( 'NONE', #638, #863, #1441, .T. ) ;
#65 = VERTEX_POINT ( 'NONE', #20 ) ;
#66 = CARTESIAN_POINT ( 'NONE',  ( -3.391062754563282766, -0.7357761351636732394, 1.000000000000000000 ) ) ;
#67 =( GEOMETRIC_REPRESENTATION_CONTEXT ( 3 ) GLOBAL_UNCERTAINTY_ASSIGNED_CONTEXT ( ( #619 ) ) GLOBAL_UNIT_ASSIGNED_CONTEXT ( ( #1361, #1498, #1369 ) ) REPRESENTATION_CONTEXT ( 'NONE', 'WORKASPACE' ) );
#68 = DIRECTION ( 'NONE',  ( 1.326553246335205396E-16, -1.000000000000000000, 0.000000000000000000 ) ) ;
#69 = CIRCLE ( 'NONE', #890, 0.1899999999999998912 ) ;
#70 = EDGE_CURVE ( 'NONE', #947, #1016, #822, .T. ) ;
#71 = EDGE_LOOP ( 'NONE', ( #915, #757 ) ) ;
#72 = CIRCLE ( 'NONE', #694, 0.1899999999999998912 ) ;
#73 = DIRECTION ( 'NONE',  ( 1.000000000000000000, 0.000000000000000000, 0.000000000000000000 ) ) ;
#74 = CLOSED_SHELL ( 'NONE', ( #1198, #312, #1548, #1107, #530, #1512, #111, #696, #234, #1428, #241, #247, #1144, #1215, #101, #1292, #715, #850, #83, #775, #1138, #1223, #473 ) ) ;
#75 = VERTEX_POINT ( 'NONE', #237 ) ;
#76 = CARTESIAN_POINT ( 'NONE',  ( -6.136062754563281985, -0.8157761351636733105, -3.020236655730385689 ) ) ;
#77 = ORIENTED_EDGE ( 'NONE', *, *, #1125, .F. ) ;
#78 = ORIENTED_EDGE ( 'NONE', *, *, #1399, .F. ) ;
#79 = DIRECTION ( 'NONE',  ( 0.000000000000000000, -0.000000000000000000, 1.000000000000000000 ) ) ;
#80 = CARTESIAN_POINT ( 'NONE',  ( -2.751062754563282642, -0.7357761351636732394, -2.320236655730385955 ) ) ;
#81 = VERTEX_POINT ( 'NONE', #475 ) ;
#82 = LINE ( 'NONE', #429, #909 ) ;
#83 = ADVANCED_FACE ( 'NONE', ( #1422 ), #359, .F. ) ;
#84 = VERTEX_POINT ( 'NONE', #1090 ) ;
#85 = VECTOR ( 'NONE', #443, 100.0000000000000000 ) ;
#86 = ORIENTED_EDGE ( 'NONE', *, *, #802, .F. ) ;
#87 = LINE ( 'NONE', #710, #1535 ) ;
#88 = DIRECTION ( 'NONE',  ( -1.000000000000000000, -1.148823494024375448E-16, -0.000000000000000000 ) ) ;
#89 = CARTESIAN_POINT ( 'NONE',  ( -6.136062754563281985, -1.115776135163673466, -3.020236655730385689 ) ) ;
#90 = DIRECTION ( 'NONE',  ( 1.000000000000000000, 0.000000000000000000, 0.000000000000000000 ) ) ;
#91 = ORIENTED_EDGE ( 'NONE', *, *, #371, .T. ) ;
#92 = VECTOR ( 'NONE', #385, 100.0000000000000000 ) ;
#93 = DIRECTION ( 'NONE',  ( 1.000000000000000000, 0.000000000000000000, 0.000000000000000000 ) ) ;
#94 = VERTEX_POINT ( 'NONE', #601 ) ;
#95 = DIRECTION ( 'NONE',  ( 1.326553246335205396E-16, -1.000000000000000000, 0.000000000000000000 ) ) ;
#96 = CIRCLE ( 'NONE', #460, 0.1899999999999998912 ) ;
#97 = CYLINDRICAL_SURFACE ( 'NONE', #624, 0.1500000000000001332 ) ;
#98 = ORIENTED_EDGE ( 'NONE', *, *, #1235, .F. ) ;
#99 = EDGE_CURVE ( 'NONE', #1233, #1293, #1204, .T. ) ;
#100 = ORIENTED_EDGE ( 'NONE', *, *, #812, .T. ) ;
#101 = ADVANCED_FACE ( 'NONE', ( #853 ), #1210, .F. ) ;
#102 = CARTESIAN_POINT ( 'NONE',  ( -0.006062754563281456260, -0.8157761351636726443, -4.010140340620933995E-17 ) ) ;
#103 = CARTESIAN_POINT ( 'NONE',  ( -3.546062754563282571, 0.1942238648363269204, 0.6999999999999999556 ) ) ;
#104 = ORIENTED_EDGE ( 'NONE', *, *, #1364, .F. ) ;
#105 = FACE_BOUND ( 'NONE', #553, .T. ) ;
#106 = FACE_OUTER_BOUND ( 'NONE', #406, .T. ) ;
#107 = EDGE_LOOP ( 'NONE', ( #709, #1411, #206, #739 ) ) ;
#108 = CARTESIAN_POINT ( 'NONE',  ( -1.746062754563282304, 0.1942238648363268094, 2.729999999999999982 ) ) ;
#109 = EDGE_LOOP ( 'NONE', ( #721, #910, #1516, #1396 ) ) ;
#110 = VECTOR ( 'NONE', #810, 100.0000000000000000 ) ;
#111 = ADVANCED_FACE ( 'NONE', ( #1193, #607, #1319 ), #741, .F. ) ;
#112 = CARTESIAN_POINT ( 'NONE',  ( -0.5560627545632813584, -1.115776135163672800, -2.520236655730386133 ) ) ;
#113 = VECTOR ( 'NONE', #126, 100.0000000000000000 ) ;
#114 = CYLINDRICAL_SURFACE ( 'NONE', #1356, 0.8499999999999994227 ) ;
#115 = ORIENTED_EDGE ( 'NONE', *, *, #1310, .F. ) ;
#116 = DIRECTION ( 'NONE',  ( -0.000000000000000000, -0.000000000000000000, -1.000000000000000000 ) ) ;
#117 = DIRECTION ( 'NONE',  ( 1.000000000000000000, 0.000000000000000000, 0.000000000000000000 ) ) ;
#118 = EDGE_LOOP ( 'NONE', ( #140, #1508, #1194, #1461, #1424 ) ) ;
#119 = VECTOR ( 'NONE', #904, 100.0000000000000000 ) ;
#120 = VERTEX_POINT ( 'NONE', #10 ) ;
#121 = PRESENTATION_LAYER_ASSIGNMENT (  '', '', ( #971 ) ) ;
#122 = CARTESIAN_POINT ( 'NONE',  ( -5.336062754563282162, -0.8157761351636735325, 0.6999999999999999556 ) ) ;
#123 = CIRCLE ( 'NONE', #1014, 0.8499999999999994227 ) ;
#124 = CARTESIAN_POINT ( 'NONE',  ( -5.336062754563282162, -0.8157761351636733105, -2.020236655730385689 ) ) ;
#125 = ORIENTED_EDGE ( 'NONE', *, *, #812, .F. ) ;
#126 = DIRECTION ( 'NONE',  ( -0.000000000000000000, -0.000000000000000000, -1.000000000000000000 ) ) ;
#127 = CARTESIAN_POINT ( 'NONE',  ( -5.736062754563281629, -0.8157761351636735325, 0.4999999999999999445 ) ) ;
#128 = CIRCLE ( 'NONE', #1020, 0.1899999999999998912 ) ;
#129 = CIRCLE ( 'NONE', #1325, 0.8500000000000000888 ) ;
#130 = EDGE_LOOP ( 'NONE', ( #304, #1455, #173, #1303 ) ) ;
#131 = CARTESIAN_POINT ( 'NONE',  ( -2.751062754563282642, -0.7357761351636732394, -2.320236655730385955 ) ) ;
#132 = LINE ( 'NONE', #625, #704 ) ;
#133 = VECTOR ( 'NONE', #1248, 100.0000000000000000 ) ;
#134 = DIRECTION ( 'NONE',  ( 1.224510688924804848E-16, -1.000000000000000000, 0.000000000000000000 ) ) ;
#135 = EDGE_LOOP ( 'NONE', ( #598, #973, #1409, #662, #902 ) ) ;
#136 = ORIENTED_EDGE ( 'NONE', *, *, #1309, .T. ) ;
#137 = CARTESIAN_POINT ( 'NONE',  ( 0.000000000000000000, 0.000000000000000000, 0.000000000000000000 ) ) ;
#138 = CARTESIAN_POINT ( 'NONE',  ( -0.8060627545632825797, 1.214223864836326827, -2.320236655730385955 ) ) ;
#139 = LINE ( 'NONE', #1008, #961 ) ;
#140 = ORIENTED_EDGE ( 'NONE', *, *, #282, .F. ) ;
#141 = EDGE_LOOP ( 'NONE', ( #341, #1272, #1522, #495 ) ) ;
#142 = CARTESIAN_POINT ( 'NONE',  ( -0.006062754563281456260, -0.8157761351636726443, -4.010140340620933995E-17 ) ) ;
#143 = VECTOR ( 'NONE', #1462, 100.0000000000000000 ) ;
#144 = DIRECTION ( 'NONE',  ( 0.000000000000000000, 0.000000000000000000, -1.000000000000000000 ) ) ;
#145 = VERTEX_POINT ( 'NONE', #380 ) ;
#146 = DIRECTION ( 'NONE',  ( 1.000000000000000000, 0.000000000000000000, 0.000000000000000000 ) ) ;
#147 = AXIS2_PLACEMENT_3D ( 'NONE', #1341, #45, #1017 ) ;
#148 = ADVANCED_FACE ( 'NONE', ( #1327 ), #1115, .T. ) ;
#149 = DIRECTION ( 'NONE',  ( 0.000000000000000000, -0.000000000000000000, -1.000000000000000000 ) ) ;
#150 = DIRECTION ( 'NONE',  ( 0.000000000000000000, -0.000000000000000000, 1.000000000000000000 ) ) ;
#151 = DIRECTION ( 'NONE',  ( -1.224510688924804848E-16, 1.000000000000000000, 0.000000000000000000 ) ) ;
#152 = ORIENTED_EDGE ( 'NONE', *, *, #425, .T. ) ;
#153 = LINE ( 'NONE', #1481, #1040 ) ;
#154 = FACE_OUTER_BOUND ( 'NONE', #767, .T. ) ;
#155 = PLANE ( 'NONE',  #254 ) ;
#156 = ORIENTED_EDGE ( 'NONE', *, *, #678, .T. ) ;
#157 = DIRECTION ( 'NONE',  ( -1.000000000000000000, -1.326553246335205396E-16, 0.000000000000000000 ) ) ;
#158 = DIRECTION ( 'NONE',  ( -1.000000000000000000, 0.000000000000000000, 0.000000000000000000 ) ) ;
#159 = DIRECTION ( 'NONE',  ( 0.000000000000000000, 0.000000000000000000, 1.000000000000000000 ) ) ;
#160 = ORIENTED_EDGE ( 'NONE', *, *, #1309, .F. ) ;
#161 = EDGE_CURVE ( 'NONE', #1032, #1374, #612, .T. ) ;
#162 = ORIENTED_EDGE ( 'NONE', *, *, #28, .F. ) ;
#163 = EDGE_CURVE ( 'NONE', #37, #1035, #1355, .T. ) ;
#164 = DIRECTION ( 'NONE',  ( -1.000000000000000000, 0.000000000000000000, 0.000000000000000000 ) ) ;
#165 = ORIENTED_EDGE ( 'NONE', *, *, #997, .F. ) ;
#166 = CARTESIAN_POINT ( 'NONE',  ( -5.336062754563282162, 1.214223864836326383, 1.000000000000000000 ) ) ;
#167 = DIRECTION ( 'NONE',  ( 0.000000000000000000, -0.000000000000000000, 1.000000000000000000 ) ) ;
#168 = DIRECTION ( 'NONE',  ( 1.000000000000000000, 1.224510688924804848E-16, -0.000000000000000000 ) ) ;
#169 = ORIENTED_EDGE ( 'NONE', *, *, #425, .F. ) ;
#170 = CARTESIAN_POINT ( 'NONE',  ( -0.4060627545632813917, -1.115776135163672800, 0.4999999999999998335 ) ) ;
#171 = ORIENTED_EDGE ( 'NONE', *, *, #377, .F. ) ;
#172 = CARTESIAN_POINT ( 'NONE',  ( -5.886062754563281985, 1.214223864836326827, 0.4999999999999999445 ) ) ;
#173 = ORIENTED_EDGE ( 'NONE', *, *, #363, .T. ) ;
#174 = EDGE_CURVE ( 'NONE', #992, #75, #994, .T. ) ;
#175 = AXIS2_PLACEMENT_3D ( 'NONE', #321, #809, #799 ) ;
#176 = CARTESIAN_POINT ( 'NONE',  ( -3.546062754563282571, 0.1942238648363269204, -2.020236655730385689 ) ) ;
#177 = ORIENTED_EDGE ( 'NONE', *, *, #1179, .T. ) ;
#178 = DIRECTION ( 'NONE',  ( -1.224510688924804848E-16, 1.000000000000000000, 0.000000000000000000 ) ) ;
#179 = DIRECTION ( 'NONE',  ( -1.000000000000000000, 0.000000000000000000, 0.000000000000000000 ) ) ;
#180 = ORIENTED_EDGE ( 'NONE', *, *, #99, .T. ) ;
#181 = ORIENTED_EDGE ( 'NONE', *, *, #1196, .T. ) ;
#182 = ADVANCED_FACE ( 'NONE', ( #1339 ), #155, .F. ) ;
#183 = CIRCLE ( 'NONE', #958, 0.1899999999999998912 ) ;
#184 = FILL_AREA_STYLE ('',( #40 ) ) ;
#185 = FACE_OUTER_BOUND ( 'NONE', #332, .T. ) ;
#186 = EDGE_LOOP ( 'NONE', ( #1024, #1158 ) ) ;
#187 = AXIS2_PLACEMENT_3D ( 'NONE', #346, #589, #825 ) ;
#188 = ORIENTED_EDGE ( 'NONE', *, *, #466, .T. ) ;
#189 = FACE_OUTER_BOUND ( 'NONE', #1429, .T. ) ;
#190 = DIRECTION ( 'NONE',  ( 1.326553246335205396E-16, -1.000000000000000000, -0.000000000000000000 ) ) ;
#191 = CARTESIAN_POINT ( 'NONE',  ( -1.755720300120035201E-16, 1.214223864836327049, -3.020236655730385689 ) ) ;
#192 = CARTESIAN_POINT ( 'NONE',  ( -2.751062754563282642, -0.3557761351636733460, 2.729999999999999982 ) ) ;
#193 = AXIS2_PLACEMENT_3D ( 'NONE', #1120, #1231, #906 ) ;
#194 = EDGE_LOOP ( 'NONE', ( #684, #1262 ) ) ;
#195 = VERTEX_POINT ( 'NONE', #768 ) ;
#196 = DIRECTION ( 'NONE',  ( 1.000000000000000000, 0.000000000000000000, 0.000000000000000000 ) ) ;
#197 = EDGE_CURVE ( 'NONE', #65, #1524, #1236, .T. ) ;
#198 = AXIS2_PLACEMENT_3D ( 'NONE', #469, #95, #949 ) ;
#199 = CARTESIAN_POINT ( 'NONE',  ( -5.736062754563281629, -0.8157761351636735325, -2.520236655730386133 ) ) ;
#200 = CIRCLE ( 'NONE', #1345, 0.1899999999999998912 ) ;
#201 = EDGE_LOOP ( 'NONE', ( #685, #837, #1001, #1542 ) ) ;
#202 = DIRECTION ( 'NONE',  ( -0.000000000000000000, -0.000000000000000000, -1.000000000000000000 ) ) ;
#203 = EDGE_CURVE ( 'NONE', #940, #4, #654, .T. ) ;
#204 = VERTEX_POINT ( 'NONE', #519 ) ;
#205 = DIRECTION ( 'NONE',  ( 0.000000000000000000, -0.000000000000000000, 1.000000000000000000 ) ) ;
#206 = ORIENTED_EDGE ( 'NONE', *, *, #917, .T. ) ;
#207 = EDGE_LOOP ( 'NONE', ( #734, #1015, #1365, #337 ) ) ;
#208 = DIRECTION ( 'NONE',  ( 0.000000000000000000, -0.000000000000000000, 1.000000000000000000 ) ) ;
#209 = CARTESIAN_POINT ( 'NONE',  ( -0.8060627545632825797, 1.214223864836326827, -2.020236655730385689 ) ) ;
#210 = VECTOR ( 'NONE', #158, 100.0000000000000000 ) ;
#211 = ORIENTED_EDGE ( 'NONE', *, *, #968, .T. ) ;
#212 = EDGE_CURVE ( 'NONE', #1420, #1348, #335, .T. ) ;
#213 = AXIS2_PLACEMENT_3D ( 'NONE', #1457, #1343, #290 ) ;
#214 = EDGE_CURVE ( 'NONE', #1374, #1032, #690, .T. ) ;
#215 = VECTOR ( 'NONE', #931, 100.0000000000000000 ) ;
#216 = AXIS2_PLACEMENT_3D ( 'NONE', #862, #251, #733 ) ;
#217 = PRODUCT_DEFINITION_SHAPE ( 'NONE', 'NONE',  #724 ) ;
#218 = CYLINDRICAL_SURFACE ( 'NONE', #571, 0.1499999999999999667 ) ;
#219 = ORIENTED_EDGE ( 'NONE', *, *, #1117, .T. ) ;
#220 = DIRECTION ( 'NONE',  ( 0.000000000000000000, 0.000000000000000000, 1.000000000000000000 ) ) ;
#221 = EDGE_CURVE ( 'NONE', #1382, #1032, #285, .T. ) ;
#222 = CARTESIAN_POINT ( 'NONE',  ( -0.5560627545632813584, -1.115776135163672800, 0.4999999999999998335 ) ) ;
#223 = ORIENTED_EDGE ( 'NONE', *, *, #1088, .T. ) ;
#224 = CYLINDRICAL_SURFACE ( 'NONE', #187, 0.1899999999999998912 ) ;
#225 = FACE_OUTER_BOUND ( 'NONE', #1101, .T. ) ;
#226 = CARTESIAN_POINT ( 'NONE',  ( -2.596062754563282393, 0.1942238648363268094, -2.020236655730385689 ) ) ;
#227 = VECTOR ( 'NONE', #1137, 100.0000000000000000 ) ;
#228 = DIRECTION ( 'NONE',  ( 1.224510688924804848E-16, -1.000000000000000000, 0.000000000000000000 ) ) ;
#229 = ORIENTED_EDGE ( 'NONE', *, *, #823, .F. ) ;
#230 = LINE ( 'NONE', #1421, #1513 ) ;
#231 = FACE_OUTER_BOUND ( 'NONE', #318, .T. ) ;
#232 = EDGE_LOOP ( 'NONE', ( #219, #390 ) ) ;
#233 = DIRECTION ( 'NONE',  ( 0.000000000000000000, 0.000000000000000000, -1.000000000000000000 ) ) ;
#234 = ADVANCED_FACE ( 'NONE', ( #1488 ), #1252, .F. ) ;
#235 = EDGE_CURVE ( 'NONE', #1480, #283, #1111, .T. ) ;
#236 = CARTESIAN_POINT ( 'NONE',  ( -0.4060627545632813917, -1.115776135163672800, -2.520236655730386133 ) ) ;
#237 = CARTESIAN_POINT ( 'NONE',  ( -3.391062754563282766, -0.7357761351636732394, -2.320236655730385955 ) ) ;
#238 = LINE ( 'NONE', #348, #472 ) ;
#239 = AXIS2_PLACEMENT_3D ( 'NONE', #963, #807, #1264 ) ;
#240 = ORIENTED_EDGE ( 'NONE', *, *, #521, .F. ) ;
#241 = ADVANCED_FACE ( 'NONE', ( #770, #428, #311, #1229 ), #1118, .F. ) ;
#242 = ORIENTED_EDGE ( 'NONE', *, *, #634, .T. ) ;
#243 = DIRECTION ( 'NONE',  ( 1.326553246335205396E-16, -1.000000000000000000, 0.000000000000000000 ) ) ;
#244 = DIRECTION ( 'NONE',  ( -1.000000000000000000, 0.000000000000000000, 0.000000000000000000 ) ) ;
#245 = VERTEX_POINT ( 'NONE', #789 ) ;
#246 = LINE ( 'NONE', #726, #1263 ) ;
#247 = ADVANCED_FACE ( 'NONE', ( #412 ), #1358, .F. ) ;
#248 = EDGE_CURVE ( 'NONE', #1109, #1328, #657, .T. ) ;
#249 = AXIS2_PLACEMENT_3D ( 'NONE', #58, #1033, #1398 ) ;
#250 = CARTESIAN_POINT ( 'NONE',  ( -0.006062754563281419831, -1.115776135163672800, -4.010140340620933995E-17 ) ) ;
#251 = DIRECTION ( 'NONE',  ( -0.000000000000000000, -0.000000000000000000, -1.000000000000000000 ) ) ;
#252 = VERTEX_POINT ( 'NONE', #1367 ) ;
#253 = PLANE ( 'NONE',  #1167 ) ;
#254 = AXIS2_PLACEMENT_3D ( 'NONE', #1108, #298, #36 ) ;
#255 = EDGE_LOOP ( 'NONE', ( #547, #1394, #1558, #1053 ) ) ;
#256 = CARTESIAN_POINT ( 'NONE',  ( -2.596062754563282393, 0.1942238648363268094, 1.000000000000000222 ) ) ;
#257 = EDGE_CURVE ( 'NONE', #75, #145, #69, .T. ) ;
#258 = CARTESIAN_POINT ( 'NONE',  ( -6.136062754563281985, -0.8157761351636733105, -2.020236655730385689 ) ) ;
#259 = CARTESIAN_POINT ( 'NONE',  ( -6.136062754563281985, -0.8157761351636733105, 0.9999999999999998890 ) ) ;
#260 = VERTEX_POINT ( 'NONE', #1184 ) ;
#261 = DIRECTION ( 'NONE',  ( -1.224510688924804848E-16, 1.000000000000000000, 0.000000000000000000 ) ) ;
#262 = EDGE_CURVE ( 'NONE', #701, #329, #1294, .T. ) ;
#263 = CARTESIAN_POINT ( 'NONE',  ( -3.391062754563282766, -0.5457761351636732927, -0.2902366557303859285 ) ) ;
#264 = VECTOR ( 'NONE', #1102, 100.0000000000000000 ) ;
#265 = CIRCLE ( 'NONE', #1021, 0.8499999999999994227 ) ;
#266 = LINE ( 'NONE', #192, #771 ) ;
#267 = ADVANCED_FACE ( 'NONE', ( #1268 ), #336, .F. ) ;
#268 = DIRECTION ( 'NONE',  ( -1.224510688924804848E-16, 1.000000000000000000, 0.000000000000000000 ) ) ;
#269 = LINE ( 'NONE', #124, #962 ) ;
#270 = ORIENTED_EDGE ( 'NONE', *, *, #1030, .F. ) ;
#271 = APPLICATION_CONTEXT ( 'automotive_design' ) ;
#272 = DIRECTION ( 'NONE',  ( 1.224510688924804848E-16, -1.000000000000000000, 0.000000000000000000 ) ) ;
#273 = PLANE ( 'NONE',  #1353 ) ;
#274 = ORIENTED_EDGE ( 'NONE', *, *, #235, .F. ) ;
#275 = FACE_BOUND ( 'NONE', #748, .T. ) ;
#276 = CARTESIAN_POINT ( 'NONE',  ( -1.746062754563282304, 0.1942238648363268094, -2.320236655730385955 ) ) ;
#277 = ORIENTED_EDGE ( 'NONE', *, *, #18, .F. ) ;
#278 = DIRECTION ( 'NONE',  ( 1.224510688924804848E-16, -1.000000000000000000, 0.000000000000000000 ) ) ;
#279 = AXIS2_PLACEMENT_3D ( 'NONE', #137, #895, #146 ) ;
#280 = CARTESIAN_POINT ( 'NONE',  ( -6.136062754563281985, -0.8157761351636733105, -3.020236655730385689 ) ) ;
#281 = VECTOR ( 'NONE', #1376, 100.0000000000000000 ) ;
#282 = EDGE_CURVE ( 'NONE', #718, #804, #183, .T. ) ;
#283 = VERTEX_POINT ( 'NONE', #1057 ) ;
#284 = CARTESIAN_POINT ( 'NONE',  ( -5.736062754563281629, -1.115776135163673466, 0.4999999999999999445 ) ) ;
#285 = LINE ( 'NONE', #893, #281 ) ;
#286 = EDGE_LOOP ( 'NONE', ( #136, #1553 ) ) ;
#287 = PRODUCT_CONTEXT ( 'NONE', #271, 'mechanical' ) ;
#288 = AXIS2_PLACEMENT_3D ( 'NONE', #1395, #693, #1170 ) ;
#289 = CARTESIAN_POINT ( 'NONE',  ( 9.863937245436718015, -1.115776135163671468, -2.020236655730385689 ) ) ;
#290 = DIRECTION ( 'NONE',  ( -1.000000000000000000, 0.000000000000000000, 0.000000000000000000 ) ) ;
#291 = SURFACE_SIDE_STYLE ('',( #1000 ) ) ;
#292 = VECTOR ( 'NONE', #659, 100.0000000000000000 ) ;
#293 = CLOSED_SHELL ( 'NONE', ( #1086, #622, #54, #1426, #267, #554, #508, #1330, #658, #663, #1504, #182, #1151, #1329, #565, #860, #1092, #872, #1344, #148, #656, #295, #950 ) ) ;
#294 = CARTESIAN_POINT ( 'NONE',  ( -1.755720300120035201E-16, 1.214223864836327049, 0.000000000000000000 ) ) ;
#295 = ADVANCED_FACE ( 'NONE', ( #933 ), #330, .F. ) ;
#296 = DIRECTION ( 'NONE',  ( -0.000000000000000000, -0.000000000000000000, -1.000000000000000000 ) ) ;
#297 = ORIENTED_EDGE ( 'NONE', *, *, #979, .F. ) ;
#298 = DIRECTION ( 'NONE',  ( 1.000000000000000000, 1.326553246335205396E-16, -0.000000000000000000 ) ) ;
#299 = ORIENTED_EDGE ( 'NONE', *, *, #881, .T. ) ;
#300 = CARTESIAN_POINT ( 'NONE',  ( -5.336062754563282162, 1.214223864836326383, -2.320236655730385955 ) ) ;
#301 = CARTESIAN_POINT ( 'NONE',  ( -0.006062754563281419831, -1.115776135163672800, -4.010140340620933995E-17 ) ) ;
#302 = CARTESIAN_POINT ( 'NONE',  ( -5.246062754563281416, 0.1942238648363268094, 1.000000000000000222 ) ) ;
#303 = EDGE_CURVE ( 'NONE', #34, #4, #484, .T. ) ;
#304 = ORIENTED_EDGE ( 'NONE', *, *, #444, .T. ) ;
#305 = AXIS2_PLACEMENT_3D ( 'NONE', #1416, #1078, #1321 ) ;
#306 = CIRCLE ( 'NONE', #198, 0.1499999999999999667 ) ;
#307 = DIRECTION ( 'NONE',  ( -1.000000000000000000, 0.000000000000000000, 0.000000000000000000 ) ) ;
#308 = ORIENTED_EDGE ( 'NONE', *, *, #442, .F. ) ;
#309 = VERTEX_POINT ( 'NONE', #222 ) ;
#310 = PLANE ( 'NONE',  #1201 ) ;
#311 = FACE_BOUND ( 'NONE', #71, .T. ) ;
#312 = ADVANCED_FACE ( 'NONE', ( #1406 ), #344, .F. ) ;
#313 = CYLINDRICAL_SURFACE ( 'NONE', #175, 0.8499999999999994227 ) ;
#314 = FILL_AREA_STYLE_COLOUR ( '', #57 ) ;
#315 = CYLINDRICAL_SURFACE ( 'NONE', #951, 0.1500000000000001332 ) ;
#316 = ORIENTED_EDGE ( 'NONE', *, *, #776, .F. ) ;
#317 = VECTOR ( 'NONE', #852, 100.0000000000000000 ) ;
#318 = EDGE_LOOP ( 'NONE', ( #988, #982, #894, #347 ) ) ;
#319 = DIRECTION ( 'NONE',  ( 1.326553246335205396E-16, -1.000000000000000000, -0.000000000000000000 ) ) ;
#320 = DIRECTION ( 'NONE',  ( 0.000000000000000000, -0.000000000000000000, 1.000000000000000000 ) ) ;
#321 = CARTESIAN_POINT ( 'NONE',  ( -4.396062754563281771, 0.1942238648363268094, 2.729999999999999982 ) ) ;
#322 = ORIENTED_EDGE ( 'NONE', *, *, #599, .F. ) ;
#323 = ORIENTED_EDGE ( 'NONE', *, *, #174, .T. ) ;
#324 = LINE ( 'NONE', #1390, #1489 ) ;
#325 = EDGE_LOOP ( 'NONE', ( #419, #725, #1174, #367 ) ) ;
#326 = CARTESIAN_POINT ( 'NONE',  ( -0.2560627545632814250, -0.8157761351636727554, 0.4999999999999998335 ) ) ;
#327 = CIRCLE ( 'NONE', #976, 0.8500000000000000888 ) ;
#328 = CARTESIAN_POINT ( 'NONE',  ( -3.581062754563282713, -0.5457761351636732927, 0.6999999999999999556 ) ) ;
#329 = VERTEX_POINT ( 'NONE', #581 ) ;
#330 = CYLINDRICAL_SURFACE ( 'NONE', #288, 0.1499999999999999667 ) ;
#331 = EDGE_CURVE ( 'NONE', #94, #500, #24, .T. ) ;
#332 = EDGE_LOOP ( 'NONE', ( #960, #1187, #395, #1415 ) ) ;
#333 = VERTEX_POINT ( 'NONE', #515 ) ;
#334 = DIRECTION ( 'NONE',  ( -0.000000000000000000, -0.000000000000000000, -1.000000000000000000 ) ) ;
#335 = CIRCLE ( 'NONE', #1475, 0.1899999999999998912 ) ;
#336 = CYLINDRICAL_SURFACE ( 'NONE', #867, 0.8500000000000000888 ) ;
#337 = ORIENTED_EDGE ( 'NONE', *, *, #64, .F. ) ;
#338 = AXIS2_PLACEMENT_3D ( 'NONE', #991, #151, #307 ) ;
#339 = AXIS2_PLACEMENT_3D ( 'NONE', #566, #474, #340 ) ;
#340 = DIRECTION ( 'NONE',  ( 1.000000000000000000, 1.326553246335205396E-16, 0.000000000000000000 ) ) ;
#341 = ORIENTED_EDGE ( 'NONE', *, *, #790, .F. ) ;
#342 = CARTESIAN_POINT ( 'NONE',  ( -6.136062754563281985, -1.115776135163673466, -9.797174393178824918E-17 ) ) ;
#343 = ORIENTED_EDGE ( 'NONE', *, *, #221, .F. ) ;
#344 = CYLINDRICAL_SURFACE ( 'NONE', #891, 0.1499999999999999667 ) ;
#345 = EDGE_LOOP ( 'NONE', ( #655, #1502, #454, #842 ) ) ;
#346 = CARTESIAN_POINT ( 'NONE',  ( -2.751062754563282642, -0.5457761351636732927, 2.729999999999999982 ) ) ;
#347 = ORIENTED_EDGE ( 'NONE', *, *, #857, .F. ) ;
#348 = CARTESIAN_POINT ( 'NONE',  ( -0.006062754563281456260, -0.8157761351636726443, -3.020236655730385689 ) ) ;
#349 = AXIS2_PLACEMENT_3D ( 'NONE', #927, #1377, #196 ) ;
#350 = AXIS2_PLACEMENT_3D ( 'NONE', #1169, #1291, #1533 ) ;
#351 = DIRECTION ( 'NONE',  ( -1.000000000000000000, 0.000000000000000000, 0.000000000000000000 ) ) ;
#352 = DIRECTION ( 'NONE',  ( 1.000000000000000000, 0.000000000000000000, 0.000000000000000000 ) ) ;
#353 = ORIENTED_EDGE ( 'NONE', *, *, #203, .F. ) ;
#354 = FACE_BOUND ( 'NONE', #447, .T. ) ;
#355 = EDGE_CURVE ( 'NONE', #81, #947, #1208, .T. ) ;
#356 = CARTESIAN_POINT ( 'NONE',  ( -5.736062754563281629, 1.214223864836326827, 0.4999999999999999445 ) ) ;
#357 = EDGE_LOOP ( 'NONE', ( #44, #751, #1164, #1450 ) ) ;
#358 = PLANE ( 'NONE',  #339 ) ;
#359 = CYLINDRICAL_SURFACE ( 'NONE', #695, 0.8499999999999994227 ) ;
#360 = VECTOR ( 'NONE', #319, 100.0000000000000000 ) ;
#361 = VERTEX_POINT ( 'NONE', #256 ) ;
#362 = CARTESIAN_POINT ( 'NONE',  ( 9.863937245436718015, -0.8157761351636714231, -2.020236655730385689 ) ) ;
#363 = EDGE_CURVE ( 'NONE', #1224, #75, #1458, .T. ) ;
#364 = ORIENTED_EDGE ( 'NONE', *, *, #415, .T. ) ;
#365 = LINE ( 'NONE', #1530, #584 ) ;
#366 = DIRECTION ( 'NONE',  ( 1.326553246335205396E-16, -1.000000000000000000, -0.000000000000000000 ) ) ;
#367 = ORIENTED_EDGE ( 'NONE', *, *, #570, .F. ) ;
#368 = DIRECTION ( 'NONE',  ( -1.000000000000000000, 0.000000000000000000, 0.000000000000000000 ) ) ;
#369 = DIRECTION ( 'NONE',  ( 0.000000000000000000, 0.000000000000000000, -1.000000000000000000 ) ) ;
#370 = EDGE_LOOP ( 'NONE', ( #11, #783 ) ) ;
#371 = EDGE_CURVE ( 'NONE', #718, #81, #614, .T. ) ;
#372 = AXIS2_PLACEMENT_3D ( 'NONE', #199, #1526, #666 ) ;
#373 = FACE_BOUND ( 'NONE', #966, .T. ) ;
#374 = FACE_OUTER_BOUND ( 'NONE', #1064, .T. ) ;
#375 = ORIENTED_EDGE ( 'NONE', *, *, #99, .F. ) ;
#376 = PLANE ( 'NONE',  #305 ) ;
#377 = EDGE_CURVE ( 'NONE', #939, #847, #1098, .T. ) ;
#378 = ORIENTED_EDGE ( 'NONE', *, *, #1528, .F. ) ;
#379 = DIRECTION ( 'NONE',  ( 1.326553246335205396E-16, -1.000000000000000000, 0.000000000000000000 ) ) ;
#380 = CARTESIAN_POINT ( 'NONE',  ( -3.581062754563282713, -0.5457761351636732927, -2.320236655730385955 ) ) ;
#381 = ORIENTED_EDGE ( 'NONE', *, *, #643, .T. ) ;
#382 = DIRECTION ( 'NONE',  ( -0.000000000000000000, -0.000000000000000000, -1.000000000000000000 ) ) ;
#383 = DIRECTION ( 'NONE',  ( 1.000000000000000000, 0.000000000000000000, 0.000000000000000000 ) ) ;
#384 = VECTOR ( 'NONE', #351, 100.0000000000000000 ) ;
#385 = DIRECTION ( 'NONE',  ( 1.224510688924804848E-16, -1.000000000000000000, 0.000000000000000000 ) ) ;
#386 = CARTESIAN_POINT ( 'NONE',  ( 9.863937245436718015, -1.115776135163671468, -3.020236655730385689 ) ) ;
#387 = ORIENTED_EDGE ( 'NONE', *, *, #391, .F. ) ;
#388 = DIRECTION ( 'NONE',  ( -0.000000000000000000, -0.000000000000000000, -1.000000000000000000 ) ) ;
#389 = CARTESIAN_POINT ( 'NONE',  ( -5.246062754563281416, 0.1942238648363268094, 0.6999999999999999556 ) ) ;
#390 = ORIENTED_EDGE ( 'NONE', *, *, #434, .T. ) ;
#391 = EDGE_CURVE ( 'NONE', #1285, #574, #874, .T. ) ;
#392 = EDGE_CURVE ( 'NONE', #701, #1532, #123, .T. ) ;
#393 = PRESENTATION_LAYER_ASSIGNMENT (  '', '', ( #1063 ) ) ;
#394 = LINE ( 'NONE', #1490, #1274 ) ;
#395 = ORIENTED_EDGE ( 'NONE', *, *, #1310, .T. ) ;
#396 = DIRECTION ( 'NONE',  ( 1.224510688924804848E-16, -1.000000000000000000, 0.000000000000000000 ) ) ;
#397 = LINE ( 'NONE', #1440, #794 ) ;
#398 = DIRECTION ( 'NONE',  ( 0.000000000000000000, -0.000000000000000000, 1.000000000000000000 ) ) ;
#399 = ORIENTED_EDGE ( 'NONE', *, *, #466, .F. ) ;
#400 = CYLINDRICAL_SURFACE ( 'NONE', #147, 0.8499999999999994227 ) ;
#401 = PLANE ( 'NONE',  #1534 ) ;
#402 = EDGE_CURVE ( 'NONE', #940, #1228, #1334, .T. ) ;
#403 = PRESENTATION_STYLE_ASSIGNMENT (( #1387 ) ) ;
#404 = CARTESIAN_POINT ( 'NONE',  ( -2.751062754563282642, -0.3557761351636733460, 2.729999999999999982 ) ) ;
#405 = VECTOR ( 'NONE', #29, 100.0000000000000000 ) ;
#406 = EDGE_LOOP ( 'NONE', ( #1381, #1041, #381, #1335 ) ) ;
#407 = DIRECTION ( 'NONE',  ( -1.000000000000000000, -1.148823494024375448E-16, 0.000000000000000000 ) ) ;
#408 = CYLINDRICAL_SURFACE ( 'NONE', #558, 0.1500000000000001332 ) ;
#409 = CARTESIAN_POINT ( 'NONE',  ( -1.746062754563282304, 0.1942238648363268094, -2.320236655730385955 ) ) ;
#410 = ORIENTED_EDGE ( 'NONE', *, *, #402, .F. ) ;
#411 = VECTOR ( 'NONE', #1255, 100.0000000000000000 ) ;
#412 = FACE_OUTER_BOUND ( 'NONE', #536, .T. ) ;
#413 = CARTESIAN_POINT ( 'NONE',  ( 0.000000000000000000, 0.000000000000000000, -2.020236655730385689 ) ) ;
#414 = VECTOR ( 'NONE', #938, 100.0000000000000000 ) ;
#415 = EDGE_CURVE ( 'NONE', #333, #500, #587, .T. ) ;
#416 = AXIS2_PLACEMENT_3D ( 'NONE', #1311, #79, #93 ) ;
#417 = DIRECTION ( 'NONE',  ( 1.000000000000000000, 0.000000000000000000, 0.000000000000000000 ) ) ;
#418 = CIRCLE ( 'NONE', #49, 0.1499999999999999667 ) ;
#419 = ORIENTED_EDGE ( 'NONE', *, *, #1037, .F. ) ;
#420 = MANIFOLD_SOLID_BREP ( 'Body-Move/Copy1', #74 ) ;
#421 = LINE ( 'NONE', #781, #869 ) ;
#422 = SURFACE_STYLE_USAGE ( .BOTH. , #291 ) ;
#423 = LINE ( 'NONE', #1333, #594 ) ;
#424 = DIRECTION ( 'NONE',  ( 1.224510688924804848E-16, -1.000000000000000000, 0.000000000000000000 ) ) ;
#425 = EDGE_CURVE ( 'NONE', #952, #591, #1241, .T. ) ;
#426 = ORIENTED_EDGE ( 'NONE', *, *, #888, .T. ) ;
#427 = CARTESIAN_POINT ( 'NONE',  ( -0.8060627545632825797, 1.214223864836326827, 0.6999999999999999556 ) ) ;
#428 = FACE_BOUND ( 'NONE', #135, .T. ) ;
#429 = CARTESIAN_POINT ( 'NONE',  ( -0.8060627545632825797, 1.214223864836326827, -2.320236655730385955 ) ) ;
#430 = EDGE_CURVE ( 'NONE', #1420, #1016, #32, .T. ) ;
#431 = CARTESIAN_POINT ( 'NONE',  ( -5.336062754563282162, 1.214223864836326383, -2.020236655730385689 ) ) ;
#432 = ORIENTED_EDGE ( 'NONE', *, *, #1349, .F. ) ;
#433 = ORIENTED_EDGE ( 'NONE', *, *, #755, .F. ) ;
#434 = EDGE_CURVE ( 'NONE', #1546, #765, #1423, .T. ) ;
#435 = DIRECTION ( 'NONE',  ( 0.000000000000000000, 0.000000000000000000, 1.000000000000000000 ) ) ;
#436 = DIRECTION ( 'NONE',  ( -1.000000000000000000, 0.000000000000000000, 0.000000000000000000 ) ) ;
#437 = VERTEX_POINT ( 'NONE', #1113 ) ;
#438 = AXIS2_PLACEMENT_3D ( 'NONE', #567, #205, #73 ) ;
#439 = CARTESIAN_POINT ( 'NONE',  ( -5.246062754563281416, 0.1942238648363268094, -2.320236655730385955 ) ) ;
#440 = MANIFOLD_SOLID_BREP ( 'Cut-Extrude7', #293 ) ;
#441 = DIRECTION ( 'NONE',  ( 0.000000000000000000, -1.000000000000000000, 0.000000000000000000 ) ) ;
#442 = EDGE_CURVE ( 'NONE', #252, #1047, #785, .T. ) ;
#443 = DIRECTION ( 'NONE',  ( 1.224510688924804848E-16, -1.000000000000000000, 0.000000000000000000 ) ) ;
#444 = EDGE_CURVE ( 'NONE', #992, #1430, #1491, .T. ) ;
#445 = CARTESIAN_POINT ( 'NONE',  ( -3.391062754563282766, -0.5457761351636732927, -2.320236655730385955 ) ) ;
#446 = CARTESIAN_POINT ( 'NONE',  ( -2.751062754563282642, -0.5457761351636732927, 1.000000000000000222 ) ) ;
#447 = EDGE_LOOP ( 'NONE', ( #471, #879, #378, #892, #786 ) ) ;
#448 = ORIENTED_EDGE ( 'NONE', *, *, #1468, .F. ) ;
#449 = DIRECTION ( 'NONE',  ( 0.000000000000000000, 1.000000000000000000, -0.000000000000000000 ) ) ;
#450 = ADVANCED_BREP_SHAPE_REPRESENTATION ( 'ul holder', ( #440, #420, #279 ), #1371 ) ;
#451 = PRODUCT ( 'ul holder', 'ul holder', '', ( #287 ) ) ;
#452 = EDGE_CURVE ( 'NONE', #1305, #1480, #793, .T. ) ;
#453 = ORIENTED_EDGE ( 'NONE', *, *, #1437, .T. ) ;
#454 = ORIENTED_EDGE ( 'NONE', *, *, #888, .F. ) ;
#455 = LINE ( 'NONE', #585, #611 ) ;
#456 = CARTESIAN_POINT ( 'NONE',  ( 0.000000000000000000, 0.000000000000000000, 1.000000000000000000 ) ) ;
#457 = EDGE_CURVE ( 'NONE', #84, #591, #8, .T. ) ;
#458 = ORIENTED_EDGE ( 'NONE', *, *, #1456, .F. ) ;
#459 = CIRCLE ( 'NONE', #615, 0.1499999999999999667 ) ;
#460 = AXIS2_PLACEMENT_3D ( 'NONE', #606, #518, #980 ) ;
#461 = DIRECTION ( 'NONE',  ( -0.000000000000000000, -0.000000000000000000, -1.000000000000000000 ) ) ;
#462 = DIRECTION ( 'NONE',  ( 1.000000000000000000, 0.000000000000000000, 0.000000000000000000 ) ) ;
#463 = CARTESIAN_POINT ( 'NONE',  ( -5.736062754563281629, -1.115776135163673466, 0.4999999999999999445 ) ) ;
#464 = ORIENTED_EDGE ( 'NONE', *, *, #1088, .F. ) ;
#465 = MECHANICAL_DESIGN_GEOMETRIC_PRESENTATION_REPRESENTATION (  '', ( #1063 ), #67 ) ;
#466 = EDGE_CURVE ( 'NONE', #1035, #847, #397, .T. ) ;
#467 = CYLINDRICAL_SURFACE ( 'NONE', #1275, 0.1499999999999999667 ) ;
#468 = CARTESIAN_POINT ( 'NONE',  ( -5.586062754563281274, -0.8157761351636735325, -2.520236655730386133 ) ) ;
#469 = CARTESIAN_POINT ( 'NONE',  ( -0.4060627545632813917, -0.8157761351636727554, -2.520236655730386133 ) ) ;
#470 = AXIS2_PLACEMENT_3D ( 'NONE', #191, #1003, #407 ) ;
#471 = ORIENTED_EDGE ( 'NONE', *, *, #355, .F. ) ;
#472 = VECTOR ( 'NONE', #834, 100.0000000000000000 ) ;
#473 = ADVANCED_FACE ( 'NONE', ( #993 ), #740, .F. ) ;
#474 = DIRECTION ( 'NONE',  ( 1.326553246335205396E-16, -1.000000000000000000, 0.000000000000000000 ) ) ;
#475 = CARTESIAN_POINT ( 'NONE',  ( -2.751062754563282642, -0.7357761351636732394, 0.6999999999999999556 ) ) ;
#476 = ORIENTED_EDGE ( 'NONE', *, *, #901, .F. ) ;
#477 = FACE_BOUND ( 'NONE', #370, .T. ) ;
#478 = AXIS2_PLACEMENT_3D ( 'NONE', #1506, #320, #1019 ) ;
#479 = EDGE_CURVE ( 'NONE', #195, #145, #1081, .T. ) ;
#480 = DIRECTION ( 'NONE',  ( -1.000000000000000000, 0.000000000000000000, 0.000000000000000000 ) ) ;
#481 = ORIENTED_EDGE ( 'NONE', *, *, #161, .T. ) ;
#482 = CARTESIAN_POINT ( 'NONE',  ( -0.006062754563281456260, -0.8157761351636726443, -2.020236655730385689 ) ) ;
#483 = ORIENTED_EDGE ( 'NONE', *, *, #541, .T. ) ;
#484 = CIRCLE ( 'NONE', #788, 0.8499999999999994227 ) ;
#485 = PLANE ( 'NONE',  #239 ) ;
#486 = CARTESIAN_POINT ( 'NONE',  ( -5.336062754563282162, 1.214223864836326383, -2.320236655730385955 ) ) ;
#487 = CIRCLE ( 'NONE', #1483, 0.1899999999999998912 ) ;
#488 = ORIENTED_EDGE ( 'NONE', *, *, #599, .T. ) ;
#489 = CARTESIAN_POINT ( 'NONE',  ( -6.136062754563281985, -1.115776135163673466, -2.020236655730385689 ) ) ;
#490 = MECHANICAL_DESIGN_GEOMETRIC_PRESENTATION_REPRESENTATION (  '', ( #971 ), #641 ) ;
#491 = VECTOR ( 'NONE', #366, 100.0000000000000000 ) ;
#492 = EDGE_CURVE ( 'NONE', #1177, #1224, #96, .T. ) ;
#493 = CARTESIAN_POINT ( 'NONE',  ( -3.391062754563282766, -0.5457761351636732927, 0.6999999999999999556 ) ) ;
#494 = EDGE_CURVE ( 'NONE', #679, #729, #2, .T. ) ;
#495 = ORIENTED_EDGE ( 'NONE', *, *, #1456, .T. ) ;
#496 = EDGE_CURVE ( 'NONE', #1228, #940, #265, .T. ) ;
#497 = CARTESIAN_POINT ( 'NONE',  ( -3.391062754563282766, -0.5457761351636732927, 0.6999999999999999556 ) ) ;
#498 = ORIENTED_EDGE ( 'NONE', *, *, #1520, .F. ) ;
#499 = CARTESIAN_POINT ( 'NONE',  ( -1.746062754563282304, 0.1942238648363268094, 1.000000000000000222 ) ) ;
#500 = VERTEX_POINT ( 'NONE', #749 ) ;
#501 = VECTOR ( 'NONE', #1087, 100.0000000000000000 ) ;
#502 = CARTESIAN_POINT ( 'NONE',  ( -5.736062754563281629, 1.214223864836326827, -2.520236655730386133 ) ) ;
#503 = EDGE_LOOP ( 'NONE', ( #743, #1185, #870, #364 ) ) ;
#504 = DIRECTION ( 'NONE',  ( 0.000000000000000000, 0.000000000000000000, 1.000000000000000000 ) ) ;
#505 = DIRECTION ( 'NONE',  ( 0.000000000000000000, -0.000000000000000000, 1.000000000000000000 ) ) ;
#506 = EDGE_CURVE ( 'NONE', #1352, #1518, #1557, .T. ) ;
#507 = CARTESIAN_POINT ( 'NONE',  ( -0.4060627545632813917, -0.8157761351636727554, 0.4999999999999998335 ) ) ;
#508 = ADVANCED_FACE ( 'NONE', ( #275, #373, #1203 ), #861, .F. ) ;
#509 = VECTOR ( 'NONE', #1436, 100.0000000000000000 ) ;
#510 = DIRECTION ( 'NONE',  ( -1.000000000000000000, 0.000000000000000000, 0.000000000000000000 ) ) ;
#511 = ORIENTED_EDGE ( 'NONE', *, *, #1270, .F. ) ;
#512 = APPLICATION_PROTOCOL_DEFINITION ( 'draft international standard', 'automotive_design', 1998, #1439 ) ;
#513 = DIRECTION ( 'NONE',  ( 1.326553246335205396E-16, -1.000000000000000000, -0.000000000000000000 ) ) ;
#514 = CIRCLE ( 'NONE', #416, 0.8500000000000000888 ) ;
#515 = CARTESIAN_POINT ( 'NONE',  ( -2.596062754563282393, 0.1942238648363268094, 0.6999999999999999556 ) ) ;
#516 = LINE ( 'NONE', #482, #1427 ) ;
#517 = ORIENTED_EDGE ( 'NONE', *, *, #262, .F. ) ;
#518 = DIRECTION ( 'NONE',  ( 0.000000000000000000, 0.000000000000000000, -1.000000000000000000 ) ) ;
#519 = CARTESIAN_POINT ( 'NONE',  ( -6.136062754563281985, -1.115776135163673466, -3.020236655730385689 ) ) ;
#520 = ORIENTED_EDGE ( 'NONE', *, *, #506, .F. ) ;
#521 = EDGE_CURVE ( 'NONE', #361, #94, #129, .T. ) ;
#522 = DIRECTION ( 'NONE',  ( 1.000000000000000000, 0.000000000000000000, -0.000000000000000000 ) ) ;
#523 = DIRECTION ( 'NONE',  ( -1.224510688924804848E-16, 1.000000000000000000, 0.000000000000000000 ) ) ;
#524 = ORIENTED_EDGE ( 'NONE', *, *, #1009, .T. ) ;
#525 = VECTOR ( 'NONE', #1176, 100.0000000000000000 ) ;
#526 = CARTESIAN_POINT ( 'NONE',  ( -5.246062754563281416, 0.1942238648363268094, 2.729999999999999982 ) ) ;
#527 = ORIENTED_EDGE ( 'NONE', *, *, #442, .T. ) ;
#528 =( NAMED_UNIT ( * ) SI_UNIT ( $, .STERADIAN. ) SOLID_ANGLE_UNIT ( ) );
#529 = DIRECTION ( 'NONE',  ( 0.000000000000000000, -0.000000000000000000, 1.000000000000000000 ) ) ;
#530 = ADVANCED_FACE ( 'NONE', ( #154 ), #1454, .F. ) ;
#531 = DIRECTION ( 'NONE',  ( 1.224510688924804848E-16, -1.000000000000000000, 0.000000000000000000 ) ) ;
#532 = PLANE ( 'NONE',  #900 ) ;
#533 = EDGE_LOOP ( 'NONE', ( #920, #803, #1050, #308 ) ) ;
#534 = DIRECTION ( 'NONE',  ( -1.148823494024375448E-16, 1.000000000000000000, 0.000000000000000000 ) ) ;
#535 = DIRECTION ( 'NONE',  ( 1.000000000000000000, 0.000000000000000000, 0.000000000000000000 ) ) ;
#536 = EDGE_LOOP ( 'NONE', ( #180, #1495, #543, #432 ) ) ;
#537 = ORIENTED_EDGE ( 'NONE', *, *, #434, .F. ) ;
#538 = CARTESIAN_POINT ( 'NONE',  ( -5.336062754563282162, 1.214223864836326383, -2.020236655730385689 ) ) ;
#539 = EDGE_CURVE ( 'NONE', #1036, #876, #1318, .T. ) ;
#540 = CIRCLE ( 'NONE', #742, 0.8499999999999994227 ) ;
#541 = EDGE_CURVE ( 'NONE', #729, #847, #1061, .T. ) ;
#542 = AXIS2_PLACEMENT_3D ( 'NONE', #102, #1067, #1545 ) ;
#543 = ORIENTED_EDGE ( 'NONE', *, *, #1161, .F. ) ;
#544 = FACE_BOUND ( 'NONE', #118, .T. ) ;
#545 =( LENGTH_UNIT ( ) NAMED_UNIT ( * ) SI_UNIT ( .CENTI., .METRE. ) );
#546 = LINE ( 'NONE', #431, #133 ) ;
#547 = ORIENTED_EDGE ( 'NONE', *, *, #1300, .T. ) ;
#548 = ORIENTED_EDGE ( 'NONE', *, *, #1447, .F. ) ;
#549 = DIRECTION ( 'NONE',  ( -1.000000000000000000, -1.326553246335205396E-16, 0.000000000000000000 ) ) ;
#550 = DIRECTION ( 'NONE',  ( -0.000000000000000000, -0.000000000000000000, -1.000000000000000000 ) ) ;
#551 = CARTESIAN_POINT ( 'NONE',  ( -4.396062754563281771, 0.1942238648363268094, -2.020236655730385689 ) ) ;
#552 = FACE_OUTER_BOUND ( 'NONE', #255, .T. ) ;
#553 = EDGE_LOOP ( 'NONE', ( #568, #1153 ) ) ;
#554 = ADVANCED_FACE ( 'NONE', ( #1537, #1159, #1401 ), #358, .F. ) ;
#555 = EDGE_CURVE ( 'NONE', #1065, #638, #1287, .T. ) ;
#556 = CARTESIAN_POINT ( 'NONE',  ( -5.336062754563282162, -0.8157761351636733105, -2.320236655730385955 ) ) ;
#557 = DIRECTION ( 'NONE',  ( 1.000000000000000000, 0.000000000000000000, 0.000000000000000000 ) ) ;
#558 = AXIS2_PLACEMENT_3D ( 'NONE', #1336, #424, #535 ) ;
#559 = EDGE_LOOP ( 'NONE', ( #316, #48, #476, #86 ) ) ;
#560 = EDGE_CURVE ( 'NONE', #1382, #1244, #514, .T. ) ;
#561 = VERTEX_POINT ( 'NONE', #112 ) ;
#562 = LINE ( 'NONE', #76, #1521 ) ;
#563 = LINE ( 'NONE', #61, #227 ) ;
#564 = ORIENTED_EDGE ( 'NONE', *, *, #857, .T. ) ;
#565 = ADVANCED_FACE ( 'NONE', ( #723 ), #224, .F. ) ;
#566 = CARTESIAN_POINT ( 'NONE',  ( 9.863937245436718015, -0.8157761351636714231, 1.000000000000000000 ) ) ;
#567 = CARTESIAN_POINT ( 'NONE',  ( -4.396062754563281771, 0.1942238648363268094, -2.020236655730385689 ) ) ;
#568 = ORIENTED_EDGE ( 'NONE', *, *, #415, .F. ) ;
#569 = CARTESIAN_POINT ( 'NONE',  ( -5.586062754563281274, 1.214223864836326827, 0.4999999999999999445 ) ) ;
#570 = EDGE_CURVE ( 'NONE', #1221, #765, #845, .T. ) ;
#571 = AXIS2_PLACEMENT_3D ( 'NONE', #1160, #946, #352 ) ;
#572 = ORIENTED_EDGE ( 'NONE', *, *, #1447, .T. ) ;
#573 = DIRECTION ( 'NONE',  ( -0.000000000000000000, -0.000000000000000000, -1.000000000000000000 ) ) ;
#574 = VERTEX_POINT ( 'NONE', #1166 ) ;
#575 = DIRECTION ( 'NONE',  ( -1.000000000000000000, 0.000000000000000000, 0.000000000000000000 ) ) ;
#576 = LINE ( 'NONE', #826, #1 ) ;
#577 = DIRECTION ( 'NONE',  ( -0.000000000000000000, -0.000000000000000000, -1.000000000000000000 ) ) ;
#578 = EDGE_LOOP ( 'NONE', ( #1141, #242, #1126, #1188 ) ) ;
#579 = CARTESIAN_POINT ( 'NONE',  ( -6.136062754563281985, -1.115776135163673466, -9.797174393178824918E-17 ) ) ;
#580 = DIRECTION ( 'NONE',  ( 1.326553246335205396E-16, -1.000000000000000000, 0.000000000000000000 ) ) ;
#581 = CARTESIAN_POINT ( 'NONE',  ( -3.546062754563282571, 0.1942238648363269204, -2.320236655730385955 ) ) ;
#582 = EDGE_CURVE ( 'NONE', #804, #252, #230, .T. ) ;
#583 = EDGE_LOOP ( 'NONE', ( #1445, #564 ) ) ;
#584 = VECTOR ( 'NONE', #461, 100.0000000000000000 ) ;
#585 = CARTESIAN_POINT ( 'NONE',  ( 9.863937245436718015, -0.8157761351636714231, 0.000000000000000000 ) ) ;
#586 = CARTESIAN_POINT ( 'NONE',  ( -0.8060627545632813584, -0.8157761351636729774, -3.020236655730385689 ) ) ;
#587 = CIRCLE ( 'NONE', #193, 0.8500000000000000888 ) ;
#588 = EDGE_CURVE ( 'NONE', #1357, #729, #87, .T. ) ;
#589 = DIRECTION ( 'NONE',  ( -0.000000000000000000, -0.000000000000000000, -1.000000000000000000 ) ) ;
#590 = DIRECTION ( 'NONE',  ( -1.000000000000000000, 0.000000000000000000, 0.000000000000000000 ) ) ;
#591 = VERTEX_POINT ( 'NONE', #1075 ) ;
#592 = DIRECTION ( 'NONE',  ( 0.000000000000000000, -0.000000000000000000, 1.000000000000000000 ) ) ;
#593 = CYLINDRICAL_SURFACE ( 'NONE', #728, 0.1899999999999998912 ) ;
#594 = VECTOR ( 'NONE', #1283, 100.0000000000000000 ) ;
#595 = ORIENTED_EDGE ( 'NONE', *, *, #1196, .F. ) ;
#596 = DIRECTION ( 'NONE',  ( -0.000000000000000000, -0.000000000000000000, -1.000000000000000000 ) ) ;
#597 = CIRCLE ( 'NONE', #350, 0.8499999999999994227 ) ;
#598 = ORIENTED_EDGE ( 'NONE', *, *, #363, .F. ) ;
#599 = EDGE_CURVE ( 'NONE', #679, #1256, #455, .T. ) ;
#600 = PLANE ( 'NONE',  #542 ) ;
#601 = CARTESIAN_POINT ( 'NONE',  ( -0.8960627545632822155, 0.1942238648363269204, 1.000000000000000222 ) ) ;
#602 = ORIENTED_EDGE ( 'NONE', *, *, #705, .F. ) ;
#603 = CARTESIAN_POINT ( 'NONE',  ( -2.751062754563282642, -0.3557761351636733460, 0.6999999999999999556 ) ) ;
#604 = EDGE_CURVE ( 'NONE', #574, #561, #1384, .T. ) ;
#605 = FACE_OUTER_BOUND ( 'NONE', #207, .T. ) ;
#606 = CARTESIAN_POINT ( 'NONE',  ( -2.751062754563282642, -0.5457761351636732927, -2.320236655730385955 ) ) ;
#607 = FACE_BOUND ( 'NONE', #583, .T. ) ;
#608 = VECTOR ( 'NONE', #513, 100.0000000000000000 ) ;
#609 = VERTEX_POINT ( 'NONE', #1054 ) ;
#610 = CARTESIAN_POINT ( 'NONE',  ( -5.886062754563281985, -1.115776135163673466, 0.4999999999999999445 ) ) ;
#611 = VECTOR ( 'NONE', #1523, 100.0000000000000000 ) ;
#612 = CIRCLE ( 'NONE', #1012, 0.8500000000000000888 ) ;
#613 = ORIENTED_EDGE ( 'NONE', *, *, #686, .T. ) ;
#614 = LINE ( 'NONE', #1089, #815 ) ;
#615 = AXIS2_PLACEMENT_3D ( 'NONE', #746, #1018, #1487 ) ;
#616 = CARTESIAN_POINT ( 'NONE',  ( -1.746062754563282304, 0.1942238648363268094, 1.000000000000000222 ) ) ;
#617 = DIRECTION ( 'NONE',  ( -0.000000000000000000, -0.000000000000000000, -1.000000000000000000 ) ) ;
#618 = EDGE_LOOP ( 'NONE', ( #152, #1029, #229, #77 ) ) ;
#619 = UNCERTAINTY_MEASURE_WITH_UNIT (LENGTH_MEASURE( 1.000000000000000082E-05 ), #1361, 'distance_accuracy_value', 'NONE');
#620 = CARTESIAN_POINT ( 'NONE',  ( -0.5560627545632813584, -0.8157761351636727554, -2.520236655730386133 ) ) ;
#621 = LINE ( 'NONE', #1220, #1556 ) ;
#622 = ADVANCED_FACE ( 'NONE', ( #1432 ), #467, .F. ) ;
#623 = DIRECTION ( 'NONE',  ( -0.000000000000000000, -0.000000000000000000, -1.000000000000000000 ) ) ;
#624 = AXIS2_PLACEMENT_3D ( 'NONE', #356, #856, #117 ) ;
#625 = CARTESIAN_POINT ( 'NONE',  ( -0.8060627545632813584, -0.8157761351636729774, -1.380731473379975460E-16 ) ) ;
#626 = AXIS2_PLACEMENT_3D ( 'NONE', #1056, #1435, #719 ) ;
#627 = DIRECTION ( 'NONE',  ( 1.224510688924804848E-16, -1.000000000000000000, 0.000000000000000000 ) ) ;
#628 = ORIENTED_EDGE ( 'NONE', *, *, #944, .F. ) ;
#629 =( LENGTH_UNIT ( ) NAMED_UNIT ( * ) SI_UNIT ( .CENTI., .METRE. ) );
#630 = CARTESIAN_POINT ( 'NONE',  ( -0.8060627545632813584, -0.8157761351636729774, 0.9999999999999996669 ) ) ;
#631 = DIRECTION ( 'NONE',  ( 1.000000000000000000, 0.000000000000000000, 0.000000000000000000 ) ) ;
#632 = FACE_OUTER_BOUND ( 'NONE', #55, .T. ) ;
#633 = EDGE_LOOP ( 'NONE', ( #1114, #1133, #125, #644 ) ) ;
#634 = EDGE_CURVE ( 'NONE', #1065, #1177, #365, .T. ) ;
#635 = DIRECTION ( 'NONE',  ( 0.000000000000000000, 0.000000000000000000, 1.000000000000000000 ) ) ;
#636 = DIRECTION ( 'NONE',  ( -1.000000000000000000, -1.224510688924804848E-16, 0.000000000000000000 ) ) ;
#637 = DIRECTION ( 'NONE',  ( -0.000000000000000000, -0.000000000000000000, -1.000000000000000000 ) ) ;
#638 = VERTEX_POINT ( 'NONE', #937 ) ;
#639 = CARTESIAN_POINT ( 'NONE',  ( -0.006062754563281456260, -0.8157761351636726443, -3.020236655730385689 ) ) ;
#640 = DIRECTION ( 'NONE',  ( 1.000000000000000000, 0.000000000000000000, 0.000000000000000000 ) ) ;
#641 =( GEOMETRIC_REPRESENTATION_CONTEXT ( 3 ) GLOBAL_UNCERTAINTY_ASSIGNED_CONTEXT ( ( #753 ) ) GLOBAL_UNIT_ASSIGNED_CONTEXT ( ( #545, #1010, #782 ) ) REPRESENTATION_CONTEXT ( 'NONE', 'WORKASPACE' ) );
#642 = CARTESIAN_POINT ( 'NONE',  ( -5.336062754563282162, 1.214223864836326383, 0.6999999999999999556 ) ) ;
#643 = EDGE_CURVE ( 'NONE', #1348, #947, #1414, .T. ) ;
#644 = ORIENTED_EDGE ( 'NONE', *, *, #1555, .T. ) ;
#645 = ORIENTED_EDGE ( 'NONE', *, *, #1479, .F. ) ;
#646 = EDGE_CURVE ( 'NONE', #245, #37, #1407, .T. ) ;
#647 = CARTESIAN_POINT ( 'NONE',  ( -6.136062754563281985, -0.8157761351636733105, 0.9999999999999998890 ) ) ;
#648 = EDGE_LOOP ( 'NONE', ( #1466, #169, #1389, #426 ) ) ;
#649 = LINE ( 'NONE', #1451, #836 ) ;
#650 = CYLINDRICAL_SURFACE ( 'NONE', #213, 0.1899999999999998912 ) ;
#651 = SURFACE_STYLE_FILL_AREA ( #184 ) ;
#652 = DIRECTION ( 'NONE',  ( -1.000000000000000000, 0.000000000000000000, 0.000000000000000000 ) ) ;
#653 = CIRCLE ( 'NONE', #1413, 0.1499999999999999667 ) ;
#654 = LINE ( 'NONE', #526, #811 ) ;
#655 = ORIENTED_EDGE ( 'NONE', *, *, #539, .T. ) ;
#656 = ADVANCED_FACE ( 'NONE', ( #1296 ), #600, .T. ) ;
#657 = LINE ( 'NONE', #1129, #119 ) ;
#658 = ADVANCED_FACE ( 'NONE', ( #1551 ), #485, .F. ) ;
#659 = DIRECTION ( 'NONE',  ( 1.000000000000000000, 1.148823494024375448E-16, 0.000000000000000000 ) ) ;
#660 = ORIENTED_EDGE ( 'NONE', *, *, #929, .T. ) ;
#661 = CARTESIAN_POINT ( 'NONE',  ( -3.391062754563282766, -0.7357761351636732394, 0.6999999999999999556 ) ) ;
#662 = ORIENTED_EDGE ( 'NONE', *, *, #1536, .F. ) ;
#663 = ADVANCED_FACE ( 'NONE', ( #1042 ), #1038, .F. ) ;
#664 = ORIENTED_EDGE ( 'NONE', *, *, #755, .T. ) ;
#665 = FILL_AREA_STYLE ('',( #314 ) ) ;
#666 = DIRECTION ( 'NONE',  ( 1.000000000000000000, 0.000000000000000000, 0.000000000000000000 ) ) ;
#667 = FACE_OUTER_BOUND ( 'NONE', #854, .T. ) ;
#668 = VECTOR ( 'NONE', #1192, 100.0000000000000000 ) ;
#669 = DIRECTION ( 'NONE',  ( -1.224510688924804848E-16, 1.000000000000000000, 0.000000000000000000 ) ) ;
#670 = EDGE_LOOP ( 'NONE', ( #270, #520, #1128, #1474 ) ) ;
#671 = VERTEX_POINT ( 'NONE', #1152 ) ;
#672 = DIRECTION ( 'NONE',  ( 0.000000000000000000, 0.000000000000000000, -1.000000000000000000 ) ) ;
#673 = LINE ( 'NONE', #569, #85 ) ;
#674 = CARTESIAN_POINT ( 'NONE',  ( -3.391062754563282766, -0.3557761351636733460, 2.729999999999999982 ) ) ;
#675 = EDGE_CURVE ( 'NONE', #1532, #701, #1110, .T. ) ;
#676 = CARTESIAN_POINT ( 'NONE',  ( -5.336062754563282162, 1.214223864836326383, -2.020236655730385689 ) ) ;
#677 = ORIENTED_EDGE ( 'NONE', *, *, #675, .F. ) ;
#678 = EDGE_CURVE ( 'NONE', #1244, #1382, #50, .T. ) ;
#679 = VERTEX_POINT ( 'NONE', #1408 ) ;
#680 = ORIENTED_EDGE ( 'NONE', *, *, #1528, .T. ) ;
#681 = AXIS2_PLACEMENT_3D ( 'NONE', #1265, #208, #691 ) ;
#682 = CARTESIAN_POINT ( 'NONE',  ( -0.8060627545632813584, -0.8157761351636729774, -2.320236655730385955 ) ) ;
#683 = CARTESIAN_POINT ( 'NONE',  ( -0.4060627545632813917, -0.8157761351636727554, -2.520236655730386133 ) ) ;
#684 = ORIENTED_EDGE ( 'NONE', *, *, #1074, .T. ) ;
#685 = ORIENTED_EDGE ( 'NONE', *, *, #521, .T. ) ;
#686 = EDGE_CURVE ( 'NONE', #1328, #1293, #1280, .T. ) ;
#687 = VECTOR ( 'NONE', #1472, 100.0000000000000000 ) ;
#688 = DIRECTION ( 'NONE',  ( -1.000000000000000000, 0.000000000000000000, 0.000000000000000000 ) ) ;
#689 = CARTESIAN_POINT ( 'NONE',  ( -0.8060627545632825797, 1.214223864836326827, 0.6999999999999999556 ) ) ;
#690 = CIRCLE ( 'NONE', #763, 0.8500000000000000888 ) ;
#691 = DIRECTION ( 'NONE',  ( 1.000000000000000000, 0.000000000000000000, 0.000000000000000000 ) ) ;
#692 = EDGE_CURVE ( 'NONE', #1109, #1233, #576, .T. ) ;
#693 = DIRECTION ( 'NONE',  ( 1.224510688924804848E-16, -1.000000000000000000, 0.000000000000000000 ) ) ;
#694 = AXIS2_PLACEMENT_3D ( 'NONE', #818, #1527, #1362 ) ;
#695 = AXIS2_PLACEMENT_3D ( 'NONE', #750, #981, #846 ) ;
#696 = ADVANCED_FACE ( 'NONE', ( #225, #1055, #1531, #999 ), #401, .T. ) ;
#697 = VECTOR ( 'NONE', #531, 100.0000000000000000 ) ;
#698 = CARTESIAN_POINT ( 'NONE',  ( -5.586062754563281274, -0.8157761351636735325, 0.4999999999999999445 ) ) ;
#699 = ORIENTED_EDGE ( 'NONE', *, *, #957, .F. ) ;
#700 = LINE ( 'NONE', #1163, #758 ) ;
#701 = VERTEX_POINT ( 'NONE', #176 ) ;
#702 = CARTESIAN_POINT ( 'NONE',  ( 0.000000000000000000, -0.3557761351636733460, -2.020236655730385689 ) ) ;
#703 = CARTESIAN_POINT ( 'NONE',  ( -5.246062754563281416, 0.1942238648363268094, -0.2902366557303859285 ) ) ;
#704 = VECTOR ( 'NONE', #1510, 100.0000000000000000 ) ;
#705 = EDGE_CURVE ( 'NONE', #1293, #120, #421, .T. ) ;
#706 = AXIS2_PLACEMENT_3D ( 'NONE', #840, #592, #1070 ) ;
#707 = CARTESIAN_POINT ( 'NONE',  ( -2.751062754563282642, -0.3557761351636733460, -2.020236655730385689 ) ) ;
#708 = ORIENTED_EDGE ( 'NONE', *, *, #221, .T. ) ;
#709 = ORIENTED_EDGE ( 'NONE', *, *, #675, .T. ) ;
#710 = CARTESIAN_POINT ( 'NONE',  ( 9.863937245436718015, -1.115776135163671468, 0.000000000000000000 ) ) ;
#711 = EDGE_CURVE ( 'NONE', #260, #1036, #1360, .T. ) ;
#712 = ORIENTED_EDGE ( 'NONE', *, *, #560, .F. ) ;
#713 = DIRECTION ( 'NONE',  ( -0.000000000000000000, -0.000000000000000000, -1.000000000000000000 ) ) ;
#714 = DIRECTION ( 'NONE',  ( -1.000000000000000000, 0.000000000000000000, 0.000000000000000000 ) ) ;
#715 = ADVANCED_FACE ( 'NONE', ( #1332 ), #650, .F. ) ;
#716 = EDGE_LOOP ( 'NONE', ( #458, #1388 ) ) ;
#717 = DIRECTION ( 'NONE',  ( 1.224510688924804848E-16, -1.000000000000000000, 0.000000000000000000 ) ) ;
#718 = VERTEX_POINT ( 'NONE', #882 ) ;
#719 = DIRECTION ( 'NONE',  ( -1.000000000000000000, 0.000000000000000000, 0.000000000000000000 ) ) ;
#720 = ORIENTED_EDGE ( 'NONE', *, *, #479, .F. ) ;
#721 = ORIENTED_EDGE ( 'NONE', *, *, #1477, .F. ) ;
#722 = EDGE_CURVE ( 'NONE', #609, #952, #1022, .T. ) ;
#723 = FACE_OUTER_BOUND ( 'NONE', #1337, .T. ) ;
#724 = PRODUCT_DEFINITION ( 'UNKNOWN', '', #1288, #849 ) ;
#725 = ORIENTED_EDGE ( 'NONE', *, *, #18, .T. ) ;
#726 = CARTESIAN_POINT ( 'NONE',  ( -6.136062754563281985, -0.8157761351636733105, -9.797174393178824918E-17 ) ) ;
#727 = DIRECTION ( 'NONE',  ( 1.000000000000000000, 0.000000000000000000, 0.000000000000000000 ) ) ;
#728 = AXIS2_PLACEMENT_3D ( 'NONE', #1072, #1549, #480 ) ;
#729 = VERTEX_POINT ( 'NONE', #301 ) ;
#730 = DIRECTION ( 'NONE',  ( 1.000000000000000000, 0.000000000000000000, 0.000000000000000000 ) ) ;
#731 = EDGE_CURVE ( 'NONE', #1256, #1357, #747, .T. ) ;
#732 = DIRECTION ( 'NONE',  ( 1.224510688924804848E-16, -1.000000000000000000, 0.000000000000000000 ) ) ;
#733 = DIRECTION ( 'NONE',  ( -1.000000000000000000, 0.000000000000000000, 0.000000000000000000 ) ) ;
#734 = ORIENTED_EDGE ( 'NONE', *, *, #841, .T. ) ;
#735 = DIRECTION ( 'NONE',  ( 1.000000000000000000, 1.326553246335205396E-16, 0.000000000000000000 ) ) ;
#736 = VECTOR ( 'NONE', #777, 100.0000000000000000 ) ;
#737 = LINE ( 'NONE', #1299, #501 ) ;
#738 = EDGE_LOOP ( 'NONE', ( #165, #832, #433, #1317, #1200 ) ) ;
#739 = ORIENTED_EDGE ( 'NONE', *, *, #1386, .F. ) ;
#740 = CYLINDRICAL_SURFACE ( 'NONE', #820, 0.1500000000000001332 ) ;
#741 = PLANE ( 'NONE',  #897 ) ;
#742 = AXIS2_PLACEMENT_3D ( 'NONE', #1251, #672, #688 ) ;
#743 = ORIENTED_EDGE ( 'NONE', *, *, #331, .F. ) ;
#744 = VECTOR ( 'NONE', #954, 100.0000000000000000 ) ;
#745 = CARTESIAN_POINT ( 'NONE',  ( -5.736062754563281629, -1.115776135163673466, -2.520236655730386133 ) ) ;
#746 = CARTESIAN_POINT ( 'NONE',  ( -0.4060627545632813917, -1.115776135163672800, 0.4999999999999998335 ) ) ;
#747 = LINE ( 'NONE', #1470, #1085 ) ;
#748 = EDGE_LOOP ( 'NONE', ( #660, #453 ) ) ;
#749 = CARTESIAN_POINT ( 'NONE',  ( -0.8960627545632822155, 0.1942238648363269204, 0.6999999999999999556 ) ) ;
#750 = CARTESIAN_POINT ( 'NONE',  ( -4.396062754563281771, 0.1942238648363268094, -0.2902366557303859285 ) ) ;
#751 = ORIENTED_EDGE ( 'NONE', *, *, #494, .F. ) ;
#752 = DIRECTION ( 'NONE',  ( -1.000000000000000000, 0.000000000000000000, 0.000000000000000000 ) ) ;
#753 = UNCERTAINTY_MEASURE_WITH_UNIT (LENGTH_MEASURE( 1.000000000000000082E-05 ), #545, 'distance_accuracy_value', 'NONE');
#754 = CARTESIAN_POINT ( 'NONE',  ( -3.391062754563282766, -0.5457761351636732927, -2.020236655730385689 ) ) ;
#755 = EDGE_CURVE ( 'NONE', #195, #992, #1359, .T. ) ;
#756 = DIRECTION ( 'NONE',  ( 0.000000000000000000, 1.000000000000000000, -0.000000000000000000 ) ) ;
#757 = ORIENTED_EDGE ( 'NONE', *, *, #214, .F. ) ;
#758 = VECTOR ( 'NONE', #1254, 100.0000000000000000 ) ;
#759 = ORIENTED_EDGE ( 'NONE', *, *, #1009, .F. ) ;
#760 = CARTESIAN_POINT ( 'NONE',  ( -0.8060627545632825797, 1.214223864836326827, 1.000000000000000000 ) ) ;
#761 = DIRECTION ( 'NONE',  ( -1.000000000000000000, 0.000000000000000000, 0.000000000000000000 ) ) ;
#762 = ORIENTED_EDGE ( 'NONE', *, *, #496, .F. ) ;
#763 = AXIS2_PLACEMENT_3D ( 'NONE', #409, #1347, #164 ) ;
#764 = CARTESIAN_POINT ( 'NONE',  ( -1.746062754563282304, 0.1942238648363268094, 0.6999999999999999556 ) ) ;
#765 = VERTEX_POINT ( 'NONE', #1350 ) ;
#766 = PLANE ( 'NONE',  #835 ) ;
#767 = EDGE_LOOP ( 'NONE', ( #1482, #524, #1245, #343 ) ) ;
#768 = CARTESIAN_POINT ( 'NONE',  ( -3.581062754563282713, -0.5457761351636732927, -2.020236655730385689 ) ) ;
#769 = ORIENTED_EDGE ( 'NONE', *, *, #494, .T. ) ;
#770 = FACE_BOUND ( 'NONE', #1295, .T. ) ;
#771 = VECTOR ( 'NONE', #202, 100.0000000000000000 ) ;
#772 = DIRECTION ( 'NONE',  ( -0.000000000000000000, -0.000000000000000000, -1.000000000000000000 ) ) ;
#773 = DIRECTION ( 'NONE',  ( 1.000000000000000000, 0.000000000000000000, 0.000000000000000000 ) ) ;
#774 = VERTEX_POINT ( 'NONE', #538 ) ;
#775 = ADVANCED_FACE ( 'NONE', ( #1131 ), #985, .T. ) ;
#776 = EDGE_CURVE ( 'NONE', #1518, #1352, #418, .T. ) ;
#777 = DIRECTION ( 'NONE',  ( 1.224510688924804848E-16, -1.000000000000000000, 0.000000000000000000 ) ) ;
#778 = VERTEX_POINT ( 'NONE', #1368 ) ;
#779 = EDGE_CURVE ( 'NONE', #1430, #1224, #621, .T. ) ;
#780 = DIRECTION ( 'NONE',  ( 1.000000000000000000, 1.326553246335205396E-16, -0.000000000000000000 ) ) ;
#781 = CARTESIAN_POINT ( 'NONE',  ( -5.336062754563282162, -0.8157761351636733105, -3.020236655730385689 ) ) ;
#782 =( NAMED_UNIT ( * ) SI_UNIT ( $, .STERADIAN. ) SOLID_ANGLE_UNIT ( ) );
#783 = ORIENTED_EDGE ( 'NONE', *, *, #1399, .T. ) ;
#784 = DIRECTION ( 'NONE',  ( 1.000000000000000000, 1.224510688924804848E-16, -0.000000000000000000 ) ) ;
#785 = LINE ( 'NONE', #674, #1354 ) ;
#786 = ORIENTED_EDGE ( 'NONE', *, *, #70, .F. ) ;
#787 = EDGE_LOOP ( 'NONE', ( #1162, #1419, #1146, #188, #171, #181, #797, #1375 ) ) ;
#788 = AXIS2_PLACEMENT_3D ( 'NONE', #1046, #817, #943 ) ;
#789 = CARTESIAN_POINT ( 'NONE',  ( -5.336062754563282162, -0.8157761351636735325, 1.000000000000000000 ) ) ;
#790 = EDGE_CURVE ( 'NONE', #1228, #34, #394, .T. ) ;
#791 = CARTESIAN_POINT ( 'NONE',  ( -0.006062754563281419831, -1.115776135163672800, -3.020236655730385689 ) ) ;
#792 = EDGE_CURVE ( 'NONE', #500, #333, #819, .T. ) ;
#793 = LINE ( 'NONE', #258, #935 ) ;
#794 = VECTOR ( 'NONE', #1209, 100.0000000000000000 ) ;
#795 = EDGE_LOOP ( 'NONE', ( #410, #762 ) ) ;
#796 = PLANE ( 'NONE',  #470 ) ;
#797 = ORIENTED_EDGE ( 'NONE', *, *, #539, .F. ) ;
#798 = ORIENTED_EDGE ( 'NONE', *, *, #303, .T. ) ;
#799 = DIRECTION ( 'NONE',  ( -1.000000000000000000, 0.000000000000000000, 0.000000000000000000 ) ) ;
#800 = CARTESIAN_POINT ( 'NONE',  ( -3.581062754563282713, -0.5457761351636732927, 2.729999999999999982 ) ) ;
#801 = LINE ( 'NONE', #1392, #110 ) ;
#802 = EDGE_CURVE ( 'NONE', #1352, #671, #1119, .T. ) ;
#803 = ORIENTED_EDGE ( 'NONE', *, *, #430, .T. ) ;
#804 = VERTEX_POINT ( 'NONE', #23 ) ;
#805 = DIRECTION ( 'NONE',  ( 1.224510688924804848E-16, -1.000000000000000000, 0.000000000000000000 ) ) ;
#806 = AXIS2_PLACEMENT_3D ( 'NONE', #294, #534, #1234 ) ;
#807 = DIRECTION ( 'NONE',  ( 0.000000000000000000, -0.000000000000000000, 1.000000000000000000 ) ) ;
#808 = VECTOR ( 'NONE', #1195, 100.0000000000000000 ) ;
#809 = DIRECTION ( 'NONE',  ( -0.000000000000000000, -0.000000000000000000, -1.000000000000000000 ) ) ;
#810 = DIRECTION ( 'NONE',  ( 1.224510688924804848E-16, -1.000000000000000000, 0.000000000000000000 ) ) ;
#811 = VECTOR ( 'NONE', #1127, 100.0000000000000000 ) ;
#812 = EDGE_CURVE ( 'NONE', #778, #1277, #139, .T. ) ;
#813 = ORIENTED_EDGE ( 'NONE', *, *, #248, .T. ) ;
#814 = CARTESIAN_POINT ( 'NONE',  ( -0.8960627545632822155, 0.1942238648363269204, -2.320236655730385955 ) ) ;
#815 = VECTOR ( 'NONE', #623, 100.0000000000000000 ) ;
#816 = AXIS2_PLACEMENT_3D ( 'NONE', #1247, #523, #436 ) ;
#817 = DIRECTION ( 'NONE',  ( 0.000000000000000000, 0.000000000000000000, -1.000000000000000000 ) ) ;
#818 = CARTESIAN_POINT ( 'NONE',  ( -2.751062754563282642, -0.5457761351636732927, -2.020236655730385689 ) ) ;
#819 = CIRCLE ( 'NONE', #827, 0.8500000000000000888 ) ;
#820 = AXIS2_PLACEMENT_3D ( 'NONE', #502, #134, #1217 ) ;
#821 = ORIENTED_EDGE ( 'NONE', *, *, #686, .F. ) ;
#822 = CIRCLE ( 'NONE', #1227, 0.1899999999999998912 ) ;
#823 = EDGE_CURVE ( 'NONE', #260, #245, #1112, .T. ) ;
#824 = EDGE_CURVE ( 'NONE', #930, #81, #487, .T. ) ;
#825 = DIRECTION ( 'NONE',  ( -1.000000000000000000, 0.000000000000000000, 0.000000000000000000 ) ) ;
#826 = CARTESIAN_POINT ( 'NONE',  ( -5.336062754563282162, 1.214223864836326383, -2.320236655730385955 ) ) ;
#827 = AXIS2_PLACEMENT_3D ( 'NONE', #764, #1207, #1230 ) ;
#828 = CARTESIAN_POINT ( 'NONE',  ( -3.546062754563282571, 0.1942238648363269204, 1.000000000000000222 ) ) ;
#829 = ORIENTED_EDGE ( 'NONE', *, *, #452, .F. ) ;
#830 = PLANE ( 'NONE',  #1444 ) ;
#831 = CARTESIAN_POINT ( 'NONE',  ( -0.4060627545632816693, 1.214223864836327493, -2.520236655730386133 ) ) ;
#832 = ORIENTED_EDGE ( 'NONE', *, *, #444, .F. ) ;
#833 = CARTESIAN_POINT ( 'NONE',  ( -5.336062754563282162, -0.8157761351636733105, 0.9999999999999998890 ) ) ;
#834 = DIRECTION ( 'NONE',  ( 0.000000000000000000, 0.000000000000000000, 1.000000000000000000 ) ) ;
#835 = AXIS2_PLACEMENT_3D ( 'NONE', #1027, #62, #1222 ) ;
#836 = VECTOR ( 'NONE', #22, 100.0000000000000000 ) ;
#837 = ORIENTED_EDGE ( 'NONE', *, *, #331, .T. ) ;
#838 = CARTESIAN_POINT ( 'NONE',  ( -3.391062754563282766, -0.7357761351636732394, 2.729999999999999982 ) ) ;
#839 = ORIENTED_EDGE ( 'NONE', *, *, #257, .T. ) ;
#840 = CARTESIAN_POINT ( 'NONE',  ( -5.336062754563282162, 1.214223864836326383, 0.6999999999999999556 ) ) ;
#841 = EDGE_CURVE ( 'NONE', #638, #195, #128, .T. ) ;
#842 = ORIENTED_EDGE ( 'NONE', *, *, #965, .F. ) ;
#843 = EDGE_CURVE ( 'NONE', #204, #1249, #1492, .T. ) ;
#844 = DIRECTION ( 'NONE',  ( -1.000000000000000000, 0.000000000000000000, 0.000000000000000000 ) ) ;
#845 = LINE ( 'NONE', #1279, #744 ) ;
#846 = DIRECTION ( 'NONE',  ( -1.000000000000000000, 0.000000000000000000, 0.000000000000000000 ) ) ;
#847 = VERTEX_POINT ( 'NONE', #41 ) ;
#848 = DIRECTION ( 'NONE',  ( 1.326553246335205396E-16, -1.000000000000000000, 0.000000000000000000 ) ) ;
#849 = PRODUCT_DEFINITION_CONTEXT ( 'detailed design', #1439, 'design' ) ;
#850 = ADVANCED_FACE ( 'NONE', ( #907 ), #532, .F. ) ;
#851 = ORIENTED_EDGE ( 'NONE', *, *, #1477, .T. ) ;
#852 = DIRECTION ( 'NONE',  ( 0.000000000000000000, 0.000000000000000000, 1.000000000000000000 ) ) ;
#853 = FACE_OUTER_BOUND ( 'NONE', #578, .T. ) ;
#854 = EDGE_LOOP ( 'NONE', ( #1316, #527, #680, #297 ) ) ;
#855 = PLANE ( 'NONE',  #706 ) ;
#856 = DIRECTION ( 'NONE',  ( 1.224510688924804848E-16, -1.000000000000000000, 0.000000000000000000 ) ) ;
#857 = EDGE_CURVE ( 'NONE', #561, #574, #1278, .T. ) ;
#858 = CIRCLE ( 'NONE', #1093, 0.1500000000000001332 ) ;
#859 = EDGE_LOOP ( 'NONE', ( #1077, #1183, #1351, #1250 ) ) ;
#860 = ADVANCED_FACE ( 'NONE', ( #667 ), #273, .F. ) ;
#861 = PLANE ( 'NONE',  #1136 ) ;
#862 = CARTESIAN_POINT ( 'NONE',  ( -2.751062754563282642, -0.5457761351636732927, -0.2902366557303859285 ) ) ;
#863 = VERTEX_POINT ( 'NONE', #33 ) ;
#864 = CARTESIAN_POINT ( 'NONE',  ( -2.751062754563282642, -0.7357761351636732394, -2.020236655730385689 ) ) ;
#865 = ORIENTED_EDGE ( 'NONE', *, *, #1468, .T. ) ;
#866 = EDGE_LOOP ( 'NONE', ( #78, #1306, #1043, #387 ) ) ;
#867 = AXIS2_PLACEMENT_3D ( 'NONE', #108, #596, #1515 ) ;
#868 = CARTESIAN_POINT ( 'NONE',  ( 9.863937245436718015, -1.115776135163671468, 1.000000000000000000 ) ) ;
#869 = VECTOR ( 'NONE', #873, 100.0000000000000000 ) ;
#870 = ORIENTED_EDGE ( 'NONE', *, *, #1260, .T. ) ;
#871 = APPLICATION_PROTOCOL_DEFINITION ( 'draft international standard', 'automotive_design', 1998, #271 ) ;
#872 = ADVANCED_FACE ( 'NONE', ( #632 ), #310, .F. ) ;
#873 = DIRECTION ( 'NONE',  ( 0.000000000000000000, 0.000000000000000000, 1.000000000000000000 ) ) ;
#874 = LINE ( 'NONE', #1214, #411 ) ;
#875 = CARTESIAN_POINT ( 'NONE',  ( -2.751062754563282642, -0.7357761351636732394, -0.2902366557303859285 ) ) ;
#876 = VERTEX_POINT ( 'NONE', #630 ) ;
#877 = CARTESIAN_POINT ( 'NONE',  ( -1.746062754563282304, 0.1942238648363268094, -0.2902366557303859285 ) ) ;
#878 = CARTESIAN_POINT ( 'NONE',  ( -3.391062754563282766, -0.3557761351636733460, -0.2902366557303859285 ) ) ;
#879 = ORIENTED_EDGE ( 'NONE', *, *, #824, .F. ) ;
#880 = DIRECTION ( 'NONE',  ( 0.000000000000000000, 0.000000000000000000, -1.000000000000000000 ) ) ;
#881 = EDGE_CURVE ( 'NONE', #1052, #56, #1134, .T. ) ;
#882 = CARTESIAN_POINT ( 'NONE',  ( -2.751062754563282642, -0.7357761351636732394, 1.000000000000000222 ) ) ;
#883 = VECTOR ( 'NONE', #1497, 100.0000000000000000 ) ;
#884 = DIRECTION ( 'NONE',  ( 1.000000000000000000, 0.000000000000000000, 0.000000000000000000 ) ) ;
#885 = ORIENTED_EDGE ( 'NONE', *, *, #824, .T. ) ;
#886 = VECTOR ( 'NONE', #637, 100.0000000000000000 ) ;
#887 = DIRECTION ( 'NONE',  ( 1.326553246335205396E-16, -1.000000000000000000, 0.000000000000000000 ) ) ;
#888 = EDGE_CURVE ( 'NONE', #609, #84, #1383, .T. ) ;
#889 = ORIENTED_EDGE ( 'NONE', *, *, #678, .F. ) ;
#890 = AXIS2_PLACEMENT_3D ( 'NONE', #445, #1412, #844 ) ;
#891 = AXIS2_PLACEMENT_3D ( 'NONE', #831, #228, #90 ) ;
#892 = ORIENTED_EDGE ( 'NONE', *, *, #1066, .F. ) ;
#893 = CARTESIAN_POINT ( 'NONE',  ( -2.596062754563282393, 0.1942238648363268094, -0.2902366557303859285 ) ) ;
#894 = ORIENTED_EDGE ( 'NONE', *, *, #391, .T. ) ;
#895 = DIRECTION ( 'NONE',  ( 0.000000000000000000, 0.000000000000000000, 1.000000000000000000 ) ) ;
#896 = AXIS2_PLACEMENT_3D ( 'NONE', #1517, #926, #462 ) ;
#897 = AXIS2_PLACEMENT_3D ( 'NONE', #1449, #1082, #3 ) ;
#898 = DIRECTION ( 'NONE',  ( -1.000000000000000000, 0.000000000000000000, 0.000000000000000000 ) ) ;
#899 = DIRECTION ( 'NONE',  ( 0.000000000000000000, -1.000000000000000000, 0.000000000000000000 ) ) ;
#900 = AXIS2_PLACEMENT_3D ( 'NONE', #875, #899, #1459 ) ;
#901 = EDGE_CURVE ( 'NONE', #671, #309, #459, .T. ) ;
#902 = ORIENTED_EDGE ( 'NONE', *, *, #257, .F. ) ;
#903 = LINE ( 'NONE', #639, #1031 ) ;
#904 = DIRECTION ( 'NONE',  ( 1.326553246335205396E-16, -1.000000000000000000, -0.000000000000000000 ) ) ;
#905 = CARTESIAN_POINT ( 'NONE',  ( -5.336062754563282162, 1.214223864836326383, 0.6999999999999999556 ) ) ;
#906 = DIRECTION ( 'NONE',  ( -1.000000000000000000, 0.000000000000000000, 0.000000000000000000 ) ) ;
#907 = FACE_OUTER_BOUND ( 'NONE', #130, .T. ) ;
#908 = CARTESIAN_POINT ( 'NONE',  ( -0.006062754563281456260, -0.8157761351636726443, 0.9999999999999998890 ) ) ;
#909 = VECTOR ( 'NONE', #550, 100.0000000000000000 ) ;
#910 = ORIENTED_EDGE ( 'NONE', *, *, #163, .F. ) ;
#911 = ORIENTED_EDGE ( 'NONE', *, *, #1232, .F. ) ;
#912 = LINE ( 'NONE', #703, #1543 ) ;
#913 = CARTESIAN_POINT ( 'NONE',  ( -2.596062754563282393, 0.1942238648363268094, -2.320236655730385955 ) ) ;
#914 = CARTESIAN_POINT ( 'NONE',  ( -2.751062754563282642, -0.3557761351636733460, -2.320236655730385955 ) ) ;
#915 = ORIENTED_EDGE ( 'NONE', *, *, #161, .F. ) ;
#916 = EDGE_LOOP ( 'NONE', ( #488, #498, #1083, #699, #1257, #98, #595, #511 ) ) ;
#917 = EDGE_CURVE ( 'NONE', #329, #1237, #540, .T. ) ;
#918 = FACE_OUTER_BOUND ( 'NONE', #141, .T. ) ;
#919 = CARTESIAN_POINT ( 'NONE',  ( -4.396062754563281771, 0.1942238648363268094, 1.000000000000000222 ) ) ;
#920 = ORIENTED_EDGE ( 'NONE', *, *, #1363, .T. ) ;
#921 = PLANE ( 'NONE',  #1212 ) ;
#922 = EDGE_CURVE ( 'NONE', #1277, #204, #324, .T. ) ;
#923 = DIRECTION ( 'NONE',  ( 0.000000000000000000, -0.000000000000000000, 1.000000000000000000 ) ) ;
#924 = VERTEX_POINT ( 'NONE', #1124 ) ;
#925 = VECTOR ( 'NONE', #220, 100.0000000000000000 ) ;
#926 = DIRECTION ( 'NONE',  ( 0.000000000000000000, -0.000000000000000000, 1.000000000000000000 ) ) ;
#927 = CARTESIAN_POINT ( 'NONE',  ( -5.736062754563281629, -0.8157761351636735325, -2.520236655730386133 ) ) ;
#928 = CARTESIAN_POINT ( 'NONE',  ( -3.391062754563282766, -0.7357761351636732394, -2.020236655730385689 ) ) ;
#929 = EDGE_CURVE ( 'NONE', #1199, #1524, #1135, .T. ) ;
#930 = VERTEX_POINT ( 'NONE', #1501 ) ;
#931 = DIRECTION ( 'NONE',  ( 1.326553246335205396E-16, -1.000000000000000000, -0.000000000000000000 ) ) ;
#932 = CARTESIAN_POINT ( 'NONE',  ( -6.136062754563281985, -0.8157761351636733105, -9.797174393178824918E-17 ) ) ;
#933 = FACE_OUTER_BOUND ( 'NONE', #670, .T. ) ;
#934 = VECTOR ( 'NONE', #168, 100.0000000000000000 ) ;
#935 = VECTOR ( 'NONE', #732, 100.0000000000000000 ) ;
#936 = ORIENTED_EDGE ( 'NONE', *, *, #588, .F. ) ;
#937 = CARTESIAN_POINT ( 'NONE',  ( -3.391062754563282766, -0.3557761351636733460, -2.020236655730385689 ) ) ;
#938 = DIRECTION ( 'NONE',  ( -1.000000000000000000, -1.148823494024375448E-16, -0.000000000000000000 ) ) ;
#939 = VERTEX_POINT ( 'NONE', #1373 ) ;
#940 = VERTEX_POINT ( 'NONE', #302 ) ;
#941 = CYLINDRICAL_SURFACE ( 'NONE', #626, 0.1899999999999998912 ) ;
#942 = LINE ( 'NONE', #1197, #525 ) ;
#943 = DIRECTION ( 'NONE',  ( -1.000000000000000000, 0.000000000000000000, 0.000000000000000000 ) ) ;
#944 = EDGE_CURVE ( 'NONE', #774, #1052, #546, .T. ) ;
#945 = CARTESIAN_POINT ( 'NONE',  ( -0.4060627545632816693, 1.214223864836327493, 0.4999999999999998335 ) ) ;
#946 = DIRECTION ( 'NONE',  ( 1.224510688924804848E-16, -1.000000000000000000, 0.000000000000000000 ) ) ;
#947 = VERTEX_POINT ( 'NONE', #661 ) ;
#948 = ORIENTED_EDGE ( 'NONE', *, *, #570, .T. ) ;
#949 = DIRECTION ( 'NONE',  ( 1.000000000000000000, 0.000000000000000000, 0.000000000000000000 ) ) ;
#950 = ADVANCED_FACE ( 'NONE', ( #185 ), #408, .F. ) ;
#951 = AXIS2_PLACEMENT_3D ( 'NONE', #1013, #396, #417 ) ;
#952 = VERTEX_POINT ( 'NONE', #1216 ) ;
#953 = EDGE_LOOP ( 'NONE', ( #720, #664, #323, #839 ) ) ;
#954 = DIRECTION ( 'NONE',  ( 1.224510688924804848E-16, -1.000000000000000000, 0.000000000000000000 ) ) ;
#955 = CARTESIAN_POINT ( 'NONE',  ( -5.886062754563281985, 1.214223864836326827, -2.520236655730386133 ) ) ;
#956 = FACE_OUTER_BOUND ( 'NONE', #63, .T. ) ;
#957 = EDGE_CURVE ( 'NONE', #591, #245, #153, .T. ) ;
#958 = AXIS2_PLACEMENT_3D ( 'NONE', #446, #923, #1284 ) ;
#959 = CYLINDRICAL_SURFACE ( 'NONE', #1469, 0.1899999999999998912 ) ;
#960 = ORIENTED_EDGE ( 'NONE', *, *, #197, .F. ) ;
#961 = VECTOR ( 'NONE', #157, 100.0000000000000000 ) ;
#962 = VECTOR ( 'NONE', #972, 100.0000000000000000 ) ;
#963 = CARTESIAN_POINT ( 'NONE',  ( 0.000000000000000000, 0.000000000000000000, 0.000000000000000000 ) ) ;
#964 = FACE_OUTER_BOUND ( 'NONE', #1205, .T. ) ;
#965 = EDGE_CURVE ( 'NONE', #1036, #609, #35, .T. ) ;
#966 = EDGE_LOOP ( 'NONE', ( #1503, #177 ) ) ;
#967 = CARTESIAN_POINT ( 'NONE',  ( -4.396062754563281771, 0.1942238648363268094, -2.320236655730385955 ) ) ;
#968 = EDGE_CURVE ( 'NONE', #924, #283, #516, .T. ) ;
#969 = DIRECTION ( 'NONE',  ( -0.000000000000000000, -0.000000000000000000, -1.000000000000000000 ) ) ;
#970 = DIRECTION ( 'NONE',  ( 0.000000000000000000, -0.000000000000000000, 1.000000000000000000 ) ) ;
#971 = STYLED_ITEM ( 'NONE', ( #1023 ), #440 ) ;
#972 = DIRECTION ( 'NONE',  ( -1.000000000000000000, 0.000000000000000000, 0.000000000000000000 ) ) ;
#973 = ORIENTED_EDGE ( 'NONE', *, *, #492, .F. ) ;
#974 = DIRECTION ( 'NONE',  ( 0.000000000000000000, -0.000000000000000000, 1.000000000000000000 ) ) ;
#975 = AXIS2_PLACEMENT_3D ( 'NONE', #967, #233, #1298 ) ;
#976 = AXIS2_PLACEMENT_3D ( 'NONE', #499, #974, #1443 ) ;
#977 = ORIENTED_EDGE ( 'NONE', *, *, #929, .F. ) ;
#978 = ORIENTED_EDGE ( 'NONE', *, *, #843, .T. ) ;
#979 = EDGE_CURVE ( 'NONE', #804, #930, #266, .T. ) ;
#980 = DIRECTION ( 'NONE',  ( -1.000000000000000000, 0.000000000000000000, 0.000000000000000000 ) ) ;
#981 = DIRECTION ( 'NONE',  ( -0.000000000000000000, -0.000000000000000000, -1.000000000000000000 ) ) ;
#982 = ORIENTED_EDGE ( 'NONE', *, *, #1060, .F. ) ;
#983 = CARTESIAN_POINT ( 'NONE',  ( -3.391062754563282766, -0.5457761351636732927, -2.320236655730385955 ) ) ;
#984 = LINE ( 'NONE', #13, #1122 ) ;
#985 = PLANE ( 'NONE',  #1404 ) ;
#986 = ORIENTED_EDGE ( 'NONE', *, *, #979, .T. ) ;
#987 = DIRECTION ( 'NONE',  ( 1.000000000000000000, 0.000000000000000000, 0.000000000000000000 ) ) ;
#988 = ORIENTED_EDGE ( 'NONE', *, *, #1079, .F. ) ;
#989 = AXIS2_PLACEMENT_3D ( 'NONE', #877, #388, #1106 ) ;
#990 = CARTESIAN_POINT ( 'NONE',  ( -0.4060627545632813917, -0.8157761351636727554, 0.4999999999999998335 ) ) ;
#991 = CARTESIAN_POINT ( 'NONE',  ( -0.4060627545632813917, -1.115776135163672800, -2.520236655730386133 ) ) ;
#992 = VERTEX_POINT ( 'NONE', #928 ) ;
#993 = FACE_OUTER_BOUND ( 'NONE', #1550, .T. ) ;
#994 = LINE ( 'NONE', #1218, #886 ) ;
#995 = EDGE_LOOP ( 'NONE', ( #1150, #21, #865, #211 ) ) ;
#996 =( NAMED_UNIT ( * ) PLANE_ANGLE_UNIT ( ) SI_UNIT ( $, .RADIAN. ) );
#997 = EDGE_CURVE ( 'NONE', #1430, #1065, #72, .T. ) ;
#998 = EDGE_CURVE ( 'NONE', #1348, #718, #423, .T. ) ;
#999 = FACE_BOUND ( 'NONE', #1463, .T. ) ;
#1000 = SURFACE_STYLE_FILL_AREA ( #665 ) ;
#1001 = ORIENTED_EDGE ( 'NONE', *, *, #792, .T. ) ;
#1002 = CIRCLE ( 'NONE', #1315, 0.1500000000000001332 ) ;
#1003 = DIRECTION ( 'NONE',  ( -1.148823494024375448E-16, 1.000000000000000000, 0.000000000000000000 ) ) ;
#1004 = DIRECTION ( 'NONE',  ( 1.224510688924804848E-16, -1.000000000000000000, 0.000000000000000000 ) ) ;
#1005 = ORIENTED_EDGE ( 'NONE', *, *, #355, .T. ) ;
#1006 = DIRECTION ( 'NONE',  ( 1.000000000000000000, 0.000000000000000000, -0.000000000000000000 ) ) ;
#1007 = VECTOR ( 'NONE', #573, 100.0000000000000000 ) ;
#1008 = CARTESIAN_POINT ( 'NONE',  ( 9.863937245436718015, -0.8157761351636714231, -3.020236655730385689 ) ) ;
#1009 = EDGE_CURVE ( 'NONE', #1244, #1374, #563, .T. ) ;
#1010 =( NAMED_UNIT ( * ) PLANE_ANGLE_UNIT ( ) SI_UNIT ( $, .RADIAN. ) );
#1011 = ORIENTED_EDGE ( 'NONE', *, *, #1364, .T. ) ;
#1012 = AXIS2_PLACEMENT_3D ( 'NONE', #276, #1465, #761 ) ;
#1013 = CARTESIAN_POINT ( 'NONE',  ( -5.736062754563281629, 1.214223864836326827, -2.520236655730386133 ) ) ;
#1014 = AXIS2_PLACEMENT_3D ( 'NONE', #551, #1034, #1132 ) ;
#1015 = ORIENTED_EDGE ( 'NONE', *, *, #479, .T. ) ;
#1016 = VERTEX_POINT ( 'NONE', #328 ) ;
#1017 = DIRECTION ( 'NONE',  ( -1.000000000000000000, 0.000000000000000000, 0.000000000000000000 ) ) ;
#1018 = DIRECTION ( 'NONE',  ( -1.224510688924804848E-16, 1.000000000000000000, 0.000000000000000000 ) ) ;
#1019 = DIRECTION ( 'NONE',  ( 1.000000000000000000, 0.000000000000000000, -0.000000000000000000 ) ) ;
#1020 = AXIS2_PLACEMENT_3D ( 'NONE', #1095, #505, #383 ) ;
#1021 = AXIS2_PLACEMENT_3D ( 'NONE', #1338, #970, #1448 ) ;
#1022 = LINE ( 'NONE', #905, #1155 ) ;
#1023 = PRESENTATION_STYLE_ASSIGNMENT (( #422 ) ) ;
#1024 = ORIENTED_EDGE ( 'NONE', *, *, #506, .T. ) ;
#1025 = CARTESIAN_POINT ( 'NONE',  ( -2.751062754563282642, -0.3557761351636733460, -0.2902366557303859285 ) ) ;
#1026 = CARTESIAN_POINT ( 'NONE',  ( 0.000000000000000000, -0.7357761351636732394, -2.020236655730385689 ) ) ;
#1027 = CARTESIAN_POINT ( 'NONE',  ( -0.006062754563281456260, -0.8157761351636726443, -3.020236655730385689 ) ) ;
#1028 = CIRCLE ( 'NONE', #349, 0.1500000000000001332 ) ;
#1029 = ORIENTED_EDGE ( 'NONE', *, *, #957, .T. ) ;
#1030 = EDGE_CURVE ( 'NONE', #1518, #309, #801, .T. ) ;
#1031 = VECTOR ( 'NONE', #278, 100.0000000000000000 ) ;
#1032 = VERTEX_POINT ( 'NONE', #913 ) ;
#1033 = DIRECTION ( 'NONE',  ( -0.000000000000000000, -0.000000000000000000, -1.000000000000000000 ) ) ;
#1034 = DIRECTION ( 'NONE',  ( 0.000000000000000000, -0.000000000000000000, 1.000000000000000000 ) ) ;
#1035 = VERTEX_POINT ( 'NONE', #1379 ) ;
#1036 = VERTEX_POINT ( 'NONE', #1259 ) ;
#1037 = EDGE_CURVE ( 'NONE', #437, #1221, #1342, .T. ) ;
#1038 = PLANE ( 'NONE',  #1484 ) ;
#1039 = DIRECTION ( 'NONE',  ( 0.000000000000000000, 0.000000000000000000, 1.000000000000000000 ) ) ;
#1040 = VECTOR ( 'NONE', #635, 100.0000000000000000 ) ;
#1041 = ORIENTED_EDGE ( 'NONE', *, *, #212, .T. ) ;
#1042 = FACE_OUTER_BOUND ( 'NONE', #345, .T. ) ;
#1043 = ORIENTED_EDGE ( 'NONE', *, *, #604, .F. ) ;
#1044 = CARTESIAN_POINT ( 'NONE',  ( -6.136062754563281985, -0.8157761351636733105, -3.020236655730385689 ) ) ;
#1045 = ORIENTED_EDGE ( 'NONE', *, *, #1393, .F. ) ;
#1046 = CARTESIAN_POINT ( 'NONE',  ( -4.396062754563281771, 0.1942238648363268094, 0.6999999999999999556 ) ) ;
#1047 = VERTEX_POINT ( 'NONE', #1267 ) ;
#1048 = DIRECTION ( 'NONE',  ( -1.224510688924804848E-16, 1.000000000000000000, 0.000000000000000000 ) ) ;
#1049 = CIRCLE ( 'NONE', #1165, 0.1899999999999998912 ) ;
#1050 = ORIENTED_EDGE ( 'NONE', *, *, #1066, .T. ) ;
#1051 = FACE_OUTER_BOUND ( 'NONE', #503, .T. ) ;
#1052 = VERTEX_POINT ( 'NONE', #209 ) ;
#1053 = ORIENTED_EDGE ( 'NONE', *, *, #944, .T. ) ;
#1054 = CARTESIAN_POINT ( 'NONE',  ( -0.8060627545632825797, 1.214223864836326827, 0.6999999999999999556 ) ) ;
#1055 = FACE_BOUND ( 'NONE', #1219, .T. ) ;
#1056 = CARTESIAN_POINT ( 'NONE',  ( -3.391062754563282766, -0.5457761351636732927, 2.729999999999999982 ) ) ;
#1057 = CARTESIAN_POINT ( 'NONE',  ( -0.006062754563281419831, -1.115776135163672800, -2.020236655730385689 ) ) ;
#1058 = AXIS2_PLACEMENT_3D ( 'NONE', #507, #379, #1326 ) ;
#1059 = ORIENTED_EDGE ( 'NONE', *, *, #917, .F. ) ;
#1060 = EDGE_CURVE ( 'NONE', #1285, #1116, #1286, .T. ) ;
#1061 = LINE ( 'NONE', #250, #317 ) ;
#1062 = FACE_BOUND ( 'NONE', #716, .T. ) ;
#1063 = STYLED_ITEM ( 'NONE', ( #403 ), #420 ) ;
#1064 = EDGE_LOOP ( 'NONE', ( #1313, #51, #798, #353 ) ) ;
#1065 = VERTEX_POINT ( 'NONE', #707 ) ;
#1066 = EDGE_CURVE ( 'NONE', #1016, #1047, #1049, .T. ) ;
#1067 = DIRECTION ( 'NONE',  ( 1.000000000000000000, 1.224510688924804848E-16, -0.000000000000000000 ) ) ;
#1068 = DIRECTION ( 'NONE',  ( -0.000000000000000000, -0.000000000000000000, -1.000000000000000000 ) ) ;
#1069 = EDGE_LOOP ( 'NONE', ( #399, #851, #1091, #483 ) ) ;
#1070 = DIRECTION ( 'NONE',  ( 1.000000000000000000, 0.000000000000000000, -0.000000000000000000 ) ) ;
#1071 = CIRCLE ( 'NONE', #975, 0.8499999999999994227 ) ;
#1072 = CARTESIAN_POINT ( 'NONE',  ( -3.391062754563282766, -0.5457761351636732927, 2.729999999999999982 ) ) ;
#1073 = ORIENTED_EDGE ( 'NONE', *, *, #1300, .F. ) ;
#1074 = EDGE_CURVE ( 'NONE', #1211, #65, #858, .T. ) ;
#1075 = CARTESIAN_POINT ( 'NONE',  ( -5.336062754563282162, -0.8157761351636733105, 0.6999999999999999556 ) ) ;
#1076 = CARTESIAN_POINT ( 'NONE',  ( -4.396062754563281771, 0.1942238648363268094, 2.729999999999999982 ) ) ;
#1077 = ORIENTED_EDGE ( 'NONE', *, *, #965, .T. ) ;
#1078 = DIRECTION ( 'NONE',  ( -1.000000000000000000, -1.326553246335205396E-16, 0.000000000000000000 ) ) ;
#1079 = EDGE_CURVE ( 'NONE', #1116, #561, #942, .T. ) ;
#1080 = AXIS2_PLACEMENT_3D ( 'NONE', #754, #150, #631 ) ;
#1081 = LINE ( 'NONE', #1464, #668 ) ;
#1082 = DIRECTION ( 'NONE',  ( -1.224510688924804848E-16, 1.000000000000000000, 0.000000000000000000 ) ) ;
#1083 = ORIENTED_EDGE ( 'NONE', *, *, #646, .F. ) ;
#1084 = LINE ( 'NONE', #603, #1096 ) ;
#1085 = VECTOR ( 'NONE', #272, 100.0000000000000000 ) ;
#1086 = ADVANCED_FACE ( 'NONE', ( #1418 ), #97, .F. ) ;
#1087 = DIRECTION ( 'NONE',  ( -1.000000000000000000, -2.168404344971008868E-16, -2.168404344971008868E-16 ) ) ;
#1088 = EDGE_CURVE ( 'NONE', #924, #56, #737, .T. ) ;
#1089 = CARTESIAN_POINT ( 'NONE',  ( -2.751062754563282642, -0.7357761351636732394, 2.729999999999999982 ) ) ;
#1090 = CARTESIAN_POINT ( 'NONE',  ( -0.8060627545632813584, -0.8157761351636729774, 0.6999999999999999556 ) ) ;
#1091 = ORIENTED_EDGE ( 'NONE', *, *, #588, .T. ) ;
#1092 = ADVANCED_FACE ( 'NONE', ( #106 ), #593, .F. ) ;
#1093 = AXIS2_PLACEMENT_3D ( 'NONE', #127, #580, #727 ) ;
#1094 = DIRECTION ( 'NONE',  ( -1.000000000000000000, 0.000000000000000000, 0.000000000000000000 ) ) ;
#1095 = CARTESIAN_POINT ( 'NONE',  ( -3.391062754563282766, -0.5457761351636732927, -2.020236655730385689 ) ) ;
#1096 = VECTOR ( 'NONE', #1554, 100.0000000000000000 ) ;
#1097 = ORIENTED_EDGE ( 'NONE', *, *, #998, .T. ) ;
#1098 = LINE ( 'NONE', #16, #92 ) ;
#1099 = DIRECTION ( 'NONE',  ( -1.000000000000000000, -1.148823494024375448E-16, -0.000000000000000000 ) ) ;
#1100 = DIRECTION ( 'NONE',  ( 1.224510688924804848E-16, -1.000000000000000000, 0.000000000000000000 ) ) ;
#1101 = EDGE_LOOP ( 'NONE', ( #1269, #1147, #1529, #1171, #1140, #223, #1509, #628 ) ) ;
#1102 = DIRECTION ( 'NONE',  ( 1.326553246335205396E-16, -1.000000000000000000, -0.000000000000000000 ) ) ;
#1103 = DIRECTION ( 'NONE',  ( -1.000000000000000000, -1.224510688924804848E-16, 0.000000000000000000 ) ) ;
#1104 = CARTESIAN_POINT ( 'NONE',  ( -2.751062754563282642, -0.7357761351636732394, 0.6999999999999999556 ) ) ;
#1105 = ORIENTED_EDGE ( 'NONE', *, *, #922, .T. ) ;
#1106 = DIRECTION ( 'NONE',  ( -1.000000000000000000, 0.000000000000000000, 0.000000000000000000 ) ) ;
#1107 = ADVANCED_FACE ( 'NONE', ( #605 ), #959, .F. ) ;
#1108 = CARTESIAN_POINT ( 'NONE',  ( -5.336062754563282162, 1.214223864836326383, 0.6999999999999999556 ) ) ;
#1109 = VERTEX_POINT ( 'NONE', #138 ) ;
#1110 = CIRCLE ( 'NONE', #438, 0.8499999999999994227 ) ;
#1111 = LINE ( 'NONE', #289, #1346 ) ;
#1112 = LINE ( 'NONE', #31, #608 ) ;
#1113 = CARTESIAN_POINT ( 'NONE',  ( -5.886062754563281985, -0.8157761351636735325, -2.520236655730386133 ) ) ;
#1114 = ORIENTED_EDGE ( 'NONE', *, *, #843, .F. ) ;
#1115 = PLANE ( 'NONE',  #1276 ) ;
#1116 = VERTEX_POINT ( 'NONE', #620 ) ;
#1117 = EDGE_CURVE ( 'NONE', #765, #1546, #1370, .T. ) ;
#1118 = PLANE ( 'NONE',  #1130 ) ;
#1119 = LINE ( 'NONE', #39, #697 ) ;
#1120 = CARTESIAN_POINT ( 'NONE',  ( -1.746062754563282304, 0.1942238648363268094, 0.6999999999999999556 ) ) ;
#1121 = ORIENTED_EDGE ( 'NONE', *, *, #197, .T. ) ;
#1122 = VECTOR ( 'NONE', #504, 100.0000000000000000 ) ;
#1123 = LINE ( 'NONE', #908, #143 ) ;
#1124 = CARTESIAN_POINT ( 'NONE',  ( -0.006062754563281456260, -0.8157761351636726443, -2.020236655730385689 ) ) ;
#1125 = EDGE_CURVE ( 'NONE', #952, #260, #984, .T. ) ;
#1126 = ORIENTED_EDGE ( 'NONE', *, *, #492, .T. ) ;
#1127 = DIRECTION ( 'NONE',  ( -0.000000000000000000, -0.000000000000000000, -1.000000000000000000 ) ) ;
#1128 = ORIENTED_EDGE ( 'NONE', *, *, #802, .T. ) ;
#1129 = CARTESIAN_POINT ( 'NONE',  ( -0.8060627545632825797, 1.214223864836326827, -2.320236655730385955 ) ) ;
#1130 = AXIS2_PLACEMENT_3D ( 'NONE', #38, #529, #1006 ) ;
#1131 = FACE_OUTER_BOUND ( 'NONE', #15, .T. ) ;
#1132 = DIRECTION ( 'NONE',  ( 1.000000000000000000, 0.000000000000000000, 0.000000000000000000 ) ) ;
#1133 = ORIENTED_EDGE ( 'NONE', *, *, #922, .F. ) ;
#1134 = LINE ( 'NONE', #1331, #264 ) ;
#1135 = CIRCLE ( 'NONE', #1324, 0.1500000000000001332 ) ;
#1136 = AXIS2_PLACEMENT_3D ( 'NONE', #868, #268, #636 ) ;
#1137 = DIRECTION ( 'NONE',  ( -0.000000000000000000, -0.000000000000000000, -1.000000000000000000 ) ) ;
#1138 = ADVANCED_FACE ( 'NONE', ( #1452 ), #766, .T. ) ;
#1139 = PLANE ( 'NONE',  #806 ) ;
#1140 = ORIENTED_EDGE ( 'NONE', *, *, #968, .F. ) ;
#1141 = ORIENTED_EDGE ( 'NONE', *, *, #997, .T. ) ;
#1142 = CYLINDRICAL_SURFACE ( 'NONE', #249, 0.8500000000000000888 ) ;
#1143 = ORIENTED_EDGE ( 'NONE', *, *, #248, .F. ) ;
#1144 = ADVANCED_FACE ( 'NONE', ( #552 ), #796, .T. ) ;
#1145 = VECTOR ( 'NONE', #47, 100.0000000000000000 ) ;
#1146 = ORIENTED_EDGE ( 'NONE', *, *, #163, .T. ) ;
#1147 = ORIENTED_EDGE ( 'NONE', *, *, #28, .T. ) ;
#1148 = DIRECTION ( 'NONE',  ( 0.000000000000000000, -0.000000000000000000, 1.000000000000000000 ) ) ;
#1149 = VECTOR ( 'NONE', #190, 100.0000000000000000 ) ;
#1150 = ORIENTED_EDGE ( 'NONE', *, *, #1246, .F. ) ;
#1151 = ADVANCED_FACE ( 'NONE', ( #1500 ), #1139, .T. ) ;
#1152 = CARTESIAN_POINT ( 'NONE',  ( -0.2560627545632813695, -1.115776135163672800, 0.4999999999999998335 ) ) ;
#1153 = ORIENTED_EDGE ( 'NONE', *, *, #792, .F. ) ;
#1154 = CARTESIAN_POINT ( 'NONE',  ( -0.006062754563281456260, -0.8157761351636726443, -4.010140340620933995E-17 ) ) ;
#1155 = VECTOR ( 'NONE', #1213, 100.0000000000000000 ) ;
#1156 = VECTOR ( 'NONE', #1100, 100.0000000000000000 ) ;
#1157 = ORIENTED_EDGE ( 'NONE', *, *, #1544, .T. ) ;
#1158 = ORIENTED_EDGE ( 'NONE', *, *, #776, .T. ) ;
#1159 = FACE_BOUND ( 'NONE', #186, .T. ) ;
#1160 = CARTESIAN_POINT ( 'NONE',  ( -0.4060627545632816693, 1.214223864836327493, -2.520236655730386133 ) ) ;
#1161 = EDGE_CURVE ( 'NONE', #774, #120, #1380, .T. ) ;
#1162 = ORIENTED_EDGE ( 'NONE', *, *, #823, .T. ) ;
#1163 = CARTESIAN_POINT ( 'NONE',  ( -2.596062754563282393, 0.1942238648363268094, 2.729999999999999982 ) ) ;
#1164 = ORIENTED_EDGE ( 'NONE', *, *, #1270, .T. ) ;
#1165 = AXIS2_PLACEMENT_3D ( 'NONE', #493, #369, #714 ) ;
#1166 = CARTESIAN_POINT ( 'NONE',  ( -0.2560627545632813695, -1.115776135163672800, -2.520236655730386133 ) ) ;
#1167 = AXIS2_PLACEMENT_3D ( 'NONE', #362, #848, #735 ) ;
#1168 = CARTESIAN_POINT ( 'NONE',  ( -5.336062754563282162, -0.8157761351636735325, -2.320236655730385955 ) ) ;
#1169 = CARTESIAN_POINT ( 'NONE',  ( -4.396062754563281771, 0.1942238648363268094, 0.6999999999999999556 ) ) ;
#1170 = DIRECTION ( 'NONE',  ( 1.000000000000000000, 0.000000000000000000, 0.000000000000000000 ) ) ;
#1171 = ORIENTED_EDGE ( 'NONE', *, *, #235, .T. ) ;
#1172 = DIRECTION ( 'NONE',  ( 1.000000000000000000, 0.000000000000000000, 0.000000000000000000 ) ) ;
#1173 = EDGE_LOOP ( 'NONE', ( #299, #30, #1143, #1073 ) ) ;
#1174 = ORIENTED_EDGE ( 'NONE', *, *, #1117, .F. ) ;
#1175 = LINE ( 'NONE', #586, #113 ) ;
#1176 = DIRECTION ( 'NONE',  ( 1.224510688924804848E-16, -1.000000000000000000, 0.000000000000000000 ) ) ;
#1177 = VERTEX_POINT ( 'NONE', #914 ) ;
#1178 = CARTESIAN_POINT ( 'NONE',  ( -3.546062754563282571, 0.1942238648363269204, -0.2902366557303859285 ) ) ;
#1179 = EDGE_CURVE ( 'NONE', #309, #671, #653, .T. ) ;
#1180 = VECTOR ( 'NONE', #1378, 100.0000000000000000 ) ;
#1181 = DIRECTION ( 'NONE',  ( -0.000000000000000000, -0.000000000000000000, -1.000000000000000000 ) ) ;
#1182 = FACE_OUTER_BOUND ( 'NONE', #648, .T. ) ;
#1183 = ORIENTED_EDGE ( 'NONE', *, *, #722, .T. ) ;
#1184 = CARTESIAN_POINT ( 'NONE',  ( -5.336062754563282162, 1.214223864836326383, 1.000000000000000000 ) ) ;
#1185 = ORIENTED_EDGE ( 'NONE', *, *, #1393, .T. ) ;
#1186 = DIRECTION ( 'NONE',  ( 1.000000000000000000, 1.224510688924804848E-16, -0.000000000000000000 ) ) ;
#1187 = ORIENTED_EDGE ( 'NONE', *, *, #1074, .F. ) ;
#1188 = ORIENTED_EDGE ( 'NONE', *, *, #779, .F. ) ;
#1189 = LINE ( 'NONE', #579, #1471 ) ;
#1190 = AXIS2_PLACEMENT_3D ( 'NONE', #745, #1322, #1094 ) ;
#1191 = ORIENTED_EDGE ( 'NONE', *, *, #555, .T. ) ;
#1192 = DIRECTION ( 'NONE',  ( -0.000000000000000000, -0.000000000000000000, -1.000000000000000000 ) ) ;
#1193 = FACE_BOUND ( 'NONE', #232, .T. ) ;
#1194 = ORIENTED_EDGE ( 'NONE', *, *, #212, .F. ) ;
#1195 = DIRECTION ( 'NONE',  ( -0.000000000000000000, -0.000000000000000000, -1.000000000000000000 ) ) ;
#1196 = EDGE_CURVE ( 'NONE', #939, #876, #1123, .T. ) ;
#1197 = CARTESIAN_POINT ( 'NONE',  ( -0.5560627545632815805, 1.214223864836327493, -2.520236655730386133 ) ) ;
#1198 = ADVANCED_FACE ( 'NONE', ( #42 ), #315, .F. ) ;
#1199 = VERTEX_POINT ( 'NONE', #1372 ) ;
#1200 = ORIENTED_EDGE ( 'NONE', *, *, #555, .F. ) ;
#1201 = AXIS2_PLACEMENT_3D ( 'NONE', #1511, #441, #149 ) ;
#1202 = VECTOR ( 'NONE', #244, 100.0000000000000000 ) ;
#1203 = FACE_OUTER_BOUND ( 'NONE', #1069, .T. ) ;
#1204 = LINE ( 'NONE', #486, #491 ) ;
#1205 = EDGE_LOOP ( 'NONE', ( #759, #156, #708, #481 ) ) ;
#1206 = DIRECTION ( 'NONE',  ( -1.000000000000000000, 0.000000000000000000, 0.000000000000000000 ) ) ;
#1207 = DIRECTION ( 'NONE',  ( 0.000000000000000000, 0.000000000000000000, -1.000000000000000000 ) ) ;
#1208 = LINE ( 'NONE', #1104, #509 ) ;
#1209 = DIRECTION ( 'NONE',  ( 1.000000000000000000, 1.224510688924804848E-16, -0.000000000000000000 ) ) ;
#1210 = CYLINDRICAL_SURFACE ( 'NONE', #216, 0.1899999999999998912 ) ;
#1211 = VERTEX_POINT ( 'NONE', #698 ) ;
#1212 = AXIS2_PLACEMENT_3D ( 'NONE', #456, #1148, #1519 ) ;
#1213 = DIRECTION ( 'NONE',  ( -1.000000000000000000, -1.148823494024375448E-16, -0.000000000000000000 ) ) ;
#1214 = CARTESIAN_POINT ( 'NONE',  ( -0.2560627545632817026, 1.214223864836327493, -2.520236655730386133 ) ) ;
#1215 = ADVANCED_FACE ( 'NONE', ( #964 ), #1433, .F. ) ;
#1216 = CARTESIAN_POINT ( 'NONE',  ( -5.336062754563282162, 1.214223864836326383, 0.6999999999999999556 ) ) ;
#1217 = DIRECTION ( 'NONE',  ( 1.000000000000000000, 0.000000000000000000, 0.000000000000000000 ) ) ;
#1218 = CARTESIAN_POINT ( 'NONE',  ( -3.391062754563282766, -0.7357761351636732394, -0.2902366557303859285 ) ) ;
#1219 = EDGE_LOOP ( 'NONE', ( #677, #1301 ) ) ;
#1220 = CARTESIAN_POINT ( 'NONE',  ( -2.751062754563282642, -0.7357761351636732394, -0.2902366557303859285 ) ) ;
#1221 = VERTEX_POINT ( 'NONE', #468 ) ;
#1222 = DIRECTION ( 'NONE',  ( -1.224510688924804848E-16, 1.000000000000000000, 0.000000000000000000 ) ) ;
#1223 = ADVANCED_FACE ( 'NONE', ( #231 ), #218, .F. ) ;
#1224 = VERTEX_POINT ( 'NONE', #80 ) ;
#1225 = VECTOR ( 'NONE', #296, 100.0000000000000000 ) ;
#1226 = CARTESIAN_POINT ( 'NONE',  ( -3.391062754563282766, -0.5457761351636732927, 1.000000000000000222 ) ) ;
#1227 = AXIS2_PLACEMENT_3D ( 'NONE', #497, #144, #590 ) ;
#1228 = VERTEX_POINT ( 'NONE', #828 ) ;
#1229 = FACE_OUTER_BOUND ( 'NONE', #1434, .T. ) ;
#1230 = DIRECTION ( 'NONE',  ( -1.000000000000000000, 0.000000000000000000, 0.000000000000000000 ) ) ;
#1231 = DIRECTION ( 'NONE',  ( 0.000000000000000000, 0.000000000000000000, -1.000000000000000000 ) ) ;
#1232 = EDGE_CURVE ( 'NONE', #65, #1211, #1002, .T. ) ;
#1233 = VERTEX_POINT ( 'NONE', #1438 ) ;
#1234 = DIRECTION ( 'NONE',  ( -1.000000000000000000, -1.148823494024375448E-16, 0.000000000000000000 ) ) ;
#1235 = EDGE_CURVE ( 'NONE', #876, #84, #132, .T. ) ;
#1236 = LINE ( 'NONE', #172, #405 ) ;
#1237 = VERTEX_POINT ( 'NONE', #439 ) ;
#1238 = SHAPE_DEFINITION_REPRESENTATION ( #217, #450 ) ;
#1239 = DIRECTION ( 'NONE',  ( -1.326553246335205396E-16, 1.000000000000000000, 0.000000000000000000 ) ) ;
#1240 = DIRECTION ( 'NONE',  ( 0.000000000000000000, -0.000000000000000000, 1.000000000000000000 ) ) ;
#1241 = LINE ( 'NONE', #642, #1149 ) ;
#1242 = ORIENTED_EDGE ( 'NONE', *, *, #1417, .F. ) ;
#1243 = AXIS2_PLACEMENT_3D ( 'NONE', #1271, #577, #1289 ) ;
#1244 = VERTEX_POINT ( 'NONE', #1494 ) ;
#1245 = ORIENTED_EDGE ( 'NONE', *, *, #214, .T. ) ;
#1246 = EDGE_CURVE ( 'NONE', #1249, #283, #1496, .T. ) ;
#1247 = CARTESIAN_POINT ( 'NONE',  ( -5.736062754563281629, -1.115776135163673466, -2.520236655730386133 ) ) ;
#1248 = DIRECTION ( 'NONE',  ( 1.000000000000000000, 1.148823494024375448E-16, 0.000000000000000000 ) ) ;
#1249 = VERTEX_POINT ( 'NONE', #791 ) ;
#1250 = ORIENTED_EDGE ( 'NONE', *, *, #711, .T. ) ;
#1251 = CARTESIAN_POINT ( 'NONE',  ( -4.396062754563281771, 0.1942238648363268094, -2.320236655730385955 ) ) ;
#1252 = PLANE ( 'NONE',  #478 ) ;
#1253 = VECTOR ( 'NONE', #1099, 100.0000000000000000 ) ;
#1254 = DIRECTION ( 'NONE',  ( -0.000000000000000000, -0.000000000000000000, -1.000000000000000000 ) ) ;
#1255 = DIRECTION ( 'NONE',  ( 1.224510688924804848E-16, -1.000000000000000000, 0.000000000000000000 ) ) ;
#1256 = VERTEX_POINT ( 'NONE', #932 ) ;
#1257 = ORIENTED_EDGE ( 'NONE', *, *, #457, .F. ) ;
#1258 = CARTESIAN_POINT ( 'NONE',  ( -6.136062754563281985, -0.8157761351636733105, -2.020236655730385689 ) ) ;
#1259 = CARTESIAN_POINT ( 'NONE',  ( -0.8060627545632825797, 1.214223864836326827, 1.000000000000000000 ) ) ;
#1260 = EDGE_CURVE ( 'NONE', #361, #333, #700, .T. ) ;
#1261 = CIRCLE ( 'NONE', #681, 0.1899999999999998912 ) ;
#1262 = ORIENTED_EDGE ( 'NONE', *, *, #1232, .T. ) ;
#1263 = VECTOR ( 'NONE', #116, 100.0000000000000000 ) ;
#1264 = DIRECTION ( 'NONE',  ( 1.000000000000000000, 0.000000000000000000, -0.000000000000000000 ) ) ;
#1265 = CARTESIAN_POINT ( 'NONE',  ( -3.391062754563282766, -0.5457761351636732927, 1.000000000000000222 ) ) ;
#1266 = AXIS2_PLACEMENT_3D ( 'NONE', #300, #780, #1239 ) ;
#1267 = CARTESIAN_POINT ( 'NONE',  ( -3.391062754563282766, -0.3557761351636733460, 0.6999999999999999556 ) ) ;
#1268 = FACE_OUTER_BOUND ( 'NONE', #201, .T. ) ;
#1269 = ORIENTED_EDGE ( 'NONE', *, *, #1161, .T. ) ;
#1270 = EDGE_CURVE ( 'NONE', #679, #939, #1525, .T. ) ;
#1271 = CARTESIAN_POINT ( 'NONE',  ( -1.746062754563282304, 0.1942238648363268094, -0.2902366557303859285 ) ) ;
#1272 = ORIENTED_EDGE ( 'NONE', *, *, #496, .T. ) ;
#1273 = CARTESIAN_POINT ( 'NONE',  ( -0.2560627545632814250, -0.8157761351636727554, -2.520236655730386133 ) ) ;
#1274 = VECTOR ( 'NONE', #772, 100.0000000000000000 ) ;
#1275 = AXIS2_PLACEMENT_3D ( 'NONE', #945, #717, #1172 ) ;
#1276 = AXIS2_PLACEMENT_3D ( 'NONE', #43, #1473, #1004 ) ;
#1277 = VERTEX_POINT ( 'NONE', #1044 ) ;
#1278 = CIRCLE ( 'NONE', #338, 0.1499999999999999667 ) ;
#1279 = CARTESIAN_POINT ( 'NONE',  ( -5.586062754563281274, 1.214223864836326827, -2.520236655730386133 ) ) ;
#1280 = LINE ( 'NONE', #1168, #414 ) ;
#1281 = ORIENTED_EDGE ( 'NONE', *, *, #1386, .T. ) ;
#1282 = FACE_BOUND ( 'NONE', #795, .T. ) ;
#1283 = DIRECTION ( 'NONE',  ( 1.000000000000000000, 0.000000000000000000, 0.000000000000000000 ) ) ;
#1284 = DIRECTION ( 'NONE',  ( 1.000000000000000000, 0.000000000000000000, 0.000000000000000000 ) ) ;
#1285 = VERTEX_POINT ( 'NONE', #1273 ) ;
#1286 = CIRCLE ( 'NONE', #60, 0.1499999999999999667 ) ;
#1287 = LINE ( 'NONE', #702, #1202 ) ;
#1288 = PRODUCT_DEFINITION_FORMATION_WITH_SPECIFIED_SOURCE ( 'ANY', '', #451, .NOT_KNOWN. ) ;
#1289 = DIRECTION ( 'NONE',  ( -1.000000000000000000, 0.000000000000000000, 0.000000000000000000 ) ) ;
#1290 = EDGE_LOOP ( 'NONE', ( #517, #1402, #1281, #1541 ) ) ;
#1291 = DIRECTION ( 'NONE',  ( 0.000000000000000000, 0.000000000000000000, -1.000000000000000000 ) ) ;
#1292 = ADVANCED_FACE ( 'NONE', ( #189 ), #830, .F. ) ;
#1293 = VERTEX_POINT ( 'NONE', #556 ) ;
#1294 = LINE ( 'NONE', #1178, #1007 ) ;
#1295 = EDGE_LOOP ( 'NONE', ( #1242, #1059 ) ) ;
#1296 = FACE_OUTER_BOUND ( 'NONE', #357, .T. ) ;
#1297 = CARTESIAN_POINT ( 'NONE',  ( -5.736062754563281629, -0.8157761351636735325, 0.4999999999999999445 ) ) ;
#1298 = DIRECTION ( 'NONE',  ( -1.000000000000000000, 0.000000000000000000, 0.000000000000000000 ) ) ;
#1299 = CARTESIAN_POINT ( 'NONE',  ( -0.006062754563281456260, -0.8157761351636726443, -2.020236655730385689 ) ) ;
#1300 = EDGE_CURVE ( 'NONE', #1052, #1109, #82, .T. ) ;
#1301 = ORIENTED_EDGE ( 'NONE', *, *, #392, .F. ) ;
#1302 = VECTOR ( 'NONE', #1181, 100.0000000000000000 ) ;
#1303 = ORIENTED_EDGE ( 'NONE', *, *, #174, .F. ) ;
#1304 = DIRECTION ( 'NONE',  ( -1.000000000000000000, 0.000000000000000000, 0.000000000000000000 ) ) ;
#1305 = VERTEX_POINT ( 'NONE', #1258 ) ;
#1306 = ORIENTED_EDGE ( 'NONE', *, *, #1079, .T. ) ;
#1307 = CARTESIAN_POINT ( 'NONE',  ( -0.5560627545632813584, -0.8157761351636727554, 0.4999999999999998335 ) ) ;
#1308 = CARTESIAN_POINT ( 'NONE',  ( -0.8960627545632822155, 0.1942238648363269204, 2.729999999999999982 ) ) ;
#1309 = EDGE_CURVE ( 'NONE', #1221, #437, #1028, .T. ) ;
#1310 = EDGE_CURVE ( 'NONE', #1211, #1199, #673, .T. ) ;
#1311 = CARTESIAN_POINT ( 'NONE',  ( -1.746062754563282304, 0.1942238648363268094, -2.020236655730385689 ) ) ;
#1312 = CARTESIAN_POINT ( 'NONE',  ( -0.8060627545632813584, -0.8157761351636729774, -2.020236655730386133 ) ) ;
#1313 = ORIENTED_EDGE ( 'NONE', *, *, #402, .T. ) ;
#1314 = CARTESIAN_POINT ( 'NONE',  ( -3.581062754563282713, -0.5457761351636732927, 1.000000000000000222 ) ) ;
#1315 = AXIS2_PLACEMENT_3D ( 'NONE', #1297, #243, #730 ) ;
#1316 = ORIENTED_EDGE ( 'NONE', *, *, #582, .T. ) ;
#1317 = ORIENTED_EDGE ( 'NONE', *, *, #841, .F. ) ;
#1318 = LINE ( 'NONE', #760, #215 ) ;
#1319 = FACE_OUTER_BOUND ( 'NONE', #1400, .T. ) ;
#1320 = EDGE_LOOP ( 'NONE', ( #240, #1045 ) ) ;
#1321 = DIRECTION ( 'NONE',  ( 1.326553246335205396E-16, -1.000000000000000000, 0.000000000000000000 ) ) ;
#1322 = DIRECTION ( 'NONE',  ( -1.224510688924804848E-16, 1.000000000000000000, 0.000000000000000000 ) ) ;
#1323 = DIRECTION ( 'NONE',  ( 1.224510688924804848E-16, -1.000000000000000000, 0.000000000000000000 ) ) ;
#1324 = AXIS2_PLACEMENT_3D ( 'NONE', #284, #669, #179 ) ;
#1325 = AXIS2_PLACEMENT_3D ( 'NONE', #616, #19, #987 ) ;
#1326 = DIRECTION ( 'NONE',  ( 1.000000000000000000, 0.000000000000000000, 0.000000000000000000 ) ) ;
#1327 = FACE_OUTER_BOUND ( 'NONE', #109, .T. ) ;
#1328 = VERTEX_POINT ( 'NONE', #682 ) ;
#1329 = ADVANCED_FACE ( 'NONE', ( #1051 ), #1142, .F. ) ;
#1330 = ADVANCED_FACE ( 'NONE', ( #1514, #1282, #544, #1507 ), #921, .T. ) ;
#1331 = CARTESIAN_POINT ( 'NONE',  ( -0.8060627545632825797, 1.214223864836326827, -2.020236655730385689 ) ) ;
#1332 = FACE_OUTER_BOUND ( 'NONE', #953, .T. ) ;
#1333 = CARTESIAN_POINT ( 'NONE',  ( 0.000000000000000000, -0.7357761351636732394, 1.000000000000000000 ) ) ;
#1334 = CIRCLE ( 'NONE', #1539, 0.8499999999999994227 ) ;
#1335 = ORIENTED_EDGE ( 'NONE', *, *, #70, .T. ) ;
#1336 = CARTESIAN_POINT ( 'NONE',  ( -5.736062754563281629, 1.214223864836326827, 0.4999999999999999445 ) ) ;
#1337 = EDGE_LOOP ( 'NONE', ( #1397, #986, #885, #1486 ) ) ;
#1338 = CARTESIAN_POINT ( 'NONE',  ( -4.396062754563281771, 0.1942238648363268094, 1.000000000000000222 ) ) ;
#1339 = FACE_OUTER_BOUND ( 'NONE', #618, .T. ) ;
#1340 = ORIENTED_EDGE ( 'NONE', *, *, #64, .T. ) ;
#1341 = CARTESIAN_POINT ( 'NONE',  ( -4.396062754563281771, 0.1942238648363268094, -0.2902366557303859285 ) ) ;
#1342 = CIRCLE ( 'NONE', #372, 0.1500000000000001332 ) ;
#1343 = DIRECTION ( 'NONE',  ( -0.000000000000000000, -0.000000000000000000, -1.000000000000000000 ) ) ;
#1344 = ADVANCED_FACE ( 'NONE', ( #918 ), #313, .F. ) ;
#1345 = AXIS2_PLACEMENT_3D ( 'NONE', #983, #880, #752 ) ;
#1346 = VECTOR ( 'NONE', #784, 100.0000000000000000 ) ;
#1347 = DIRECTION ( 'NONE',  ( 0.000000000000000000, 0.000000000000000000, -1.000000000000000000 ) ) ;
#1348 = VERTEX_POINT ( 'NONE', #66 ) ;
#1349 = EDGE_CURVE ( 'NONE', #1233, #774, #1403, .T. ) ;
#1350 = CARTESIAN_POINT ( 'NONE',  ( -5.586062754563281274, -1.115776135163673466, -2.520236655730386133 ) ) ;
#1351 = ORIENTED_EDGE ( 'NONE', *, *, #1125, .T. ) ;
#1352 = VERTEX_POINT ( 'NONE', #326 ) ;
#1353 = AXIS2_PLACEMENT_3D ( 'NONE', #404, #756, #159 ) ;
#1354 = VECTOR ( 'NONE', #53, 100.0000000000000000 ) ;
#1355 = LINE ( 'NONE', #647, #736 ) ;
#1356 = AXIS2_PLACEMENT_3D ( 'NONE', #1076, #1068, #510 ) ;
#1357 = VERTEX_POINT ( 'NONE', #342 ) ;
#1358 = PLANE ( 'NONE',  #1266 ) ;
#1359 = CIRCLE ( 'NONE', #1080, 0.1899999999999998912 ) ;
#1360 = LINE ( 'NONE', #166, #292 ) ;
#1361 =( LENGTH_UNIT ( ) NAMED_UNIT ( * ) SI_UNIT ( .CENTI., .METRE. ) );
#1362 = DIRECTION ( 'NONE',  ( 1.000000000000000000, 0.000000000000000000, 0.000000000000000000 ) ) ;
#1363 = EDGE_CURVE ( 'NONE', #252, #1420, #1261, .T. ) ;
#1364 = EDGE_CURVE ( 'NONE', #1305, #1277, #562, .T. ) ;
#1365 = ORIENTED_EDGE ( 'NONE', *, *, #1536, .T. ) ;
#1366 = CARTESIAN_POINT ( 'NONE',  ( -5.886062754563281985, -1.115776135163673466, -2.520236655730386133 ) ) ;
#1367 = CARTESIAN_POINT ( 'NONE',  ( -3.391062754563282766, -0.3557761351636733460, 1.000000000000000222 ) ) ;
#1368 = CARTESIAN_POINT ( 'NONE',  ( -0.006062754563281456260, -0.8157761351636726443, -3.020236655730385689 ) ) ;
#1369 =( NAMED_UNIT ( * ) SI_UNIT ( $, .STERADIAN. ) SOLID_ANGLE_UNIT ( ) );
#1370 = CIRCLE ( 'NONE', #1190, 0.1500000000000001332 ) ;
#1371 =( GEOMETRIC_REPRESENTATION_CONTEXT ( 3 ) GLOBAL_UNCERTAINTY_ASSIGNED_CONTEXT ( ( #1540 ) ) GLOBAL_UNIT_ASSIGNED_CONTEXT ( ( #629, #996, #528 ) ) REPRESENTATION_CONTEXT ( 'NONE', 'WORKASPACE' ) );
#1372 = CARTESIAN_POINT ( 'NONE',  ( -5.586062754563281274, -1.115776135163673466, 0.4999999999999999445 ) ) ;
#1373 = CARTESIAN_POINT ( 'NONE',  ( -0.006062754563281456260, -0.8157761351636726443, 0.9999999999999998890 ) ) ;
#1374 = VERTEX_POINT ( 'NONE', #814 ) ;
#1375 = ORIENTED_EDGE ( 'NONE', *, *, #711, .F. ) ;
#1376 = DIRECTION ( 'NONE',  ( -0.000000000000000000, -0.000000000000000000, -1.000000000000000000 ) ) ;
#1377 = DIRECTION ( 'NONE',  ( 1.326553246335205396E-16, -1.000000000000000000, 0.000000000000000000 ) ) ;
#1378 = DIRECTION ( 'NONE',  ( 1.000000000000000000, 0.000000000000000000, 0.000000000000000000 ) ) ;
#1379 = CARTESIAN_POINT ( 'NONE',  ( -6.136062754563281985, -1.115776135163673466, 0.9999999999999998890 ) ) ;
#1380 = LINE ( 'NONE', #676, #1145 ) ;
#1381 = ORIENTED_EDGE ( 'NONE', *, *, #430, .F. ) ;
#1382 = VERTEX_POINT ( 'NONE', #226 ) ;
#1383 = LINE ( 'NONE', #427, #360 ) ;
#1384 = CIRCLE ( 'NONE', #25, 0.1499999999999999667 ) ;
#1385 = CARTESIAN_POINT ( 'NONE',  ( -0.006062754563281419831, -1.115776135163672800, -3.020236655730385689 ) ) ;
#1386 = EDGE_CURVE ( 'NONE', #1532, #1237, #912, .T. ) ;
#1387 = SURFACE_STYLE_USAGE ( .BOTH. , #59 ) ;
#1388 = ORIENTED_EDGE ( 'NONE', *, *, #303, .F. ) ;
#1389 = ORIENTED_EDGE ( 'NONE', *, *, #722, .F. ) ;
#1390 = CARTESIAN_POINT ( 'NONE',  ( -6.136062754563281985, -0.8157761351636733105, -3.020236655730385689 ) ) ;
#1391 = CARTESIAN_POINT ( 'NONE',  ( -5.336062754563282162, 1.214223864836326383, -2.320236655730385955 ) ) ;
#1392 = CARTESIAN_POINT ( 'NONE',  ( -0.5560627545632815805, 1.214223864836327493, 0.4999999999999998335 ) ) ;
#1393 = EDGE_CURVE ( 'NONE', #94, #361, #327, .T. ) ;
#1394 = ORIENTED_EDGE ( 'NONE', *, *, #692, .T. ) ;
#1395 = CARTESIAN_POINT ( 'NONE',  ( -0.4060627545632816693, 1.214223864836327493, 0.4999999999999998335 ) ) ;
#1396 = ORIENTED_EDGE ( 'NONE', *, *, #731, .T. ) ;
#1397 = ORIENTED_EDGE ( 'NONE', *, *, #282, .T. ) ;
#1398 = DIRECTION ( 'NONE',  ( -1.000000000000000000, 0.000000000000000000, 0.000000000000000000 ) ) ;
#1399 = EDGE_CURVE ( 'NONE', #1116, #1285, #306, .T. ) ;
#1400 = EDGE_LOOP ( 'NONE', ( #274, #572, #978, #6 ) ) ;
#1401 = FACE_OUTER_BOUND ( 'NONE', #916, .T. ) ;
#1402 = ORIENTED_EDGE ( 'NONE', *, *, #392, .T. ) ;
#1403 = LINE ( 'NONE', #1391, #883 ) ;
#1404 = AXIS2_PLACEMENT_3D ( 'NONE', #280, #1103, #46 ) ;
#1405 = VECTOR ( 'NONE', #627, 100.0000000000000000 ) ;
#1406 = FACE_OUTER_BOUND ( 'NONE', #866, .T. ) ;
#1407 = LINE ( 'NONE', #833, #384 ) ;
#1408 = CARTESIAN_POINT ( 'NONE',  ( -0.006062754563281456260, -0.8157761351636726443, -4.010140340620933995E-17 ) ) ;
#1409 = ORIENTED_EDGE ( 'NONE', *, *, #1544, .F. ) ;
#1410 = LINE ( 'NONE', #89, #808 ) ;
#1411 = ORIENTED_EDGE ( 'NONE', *, *, #262, .T. ) ;
#1412 = DIRECTION ( 'NONE',  ( 0.000000000000000000, 0.000000000000000000, -1.000000000000000000 ) ) ;
#1413 = AXIS2_PLACEMENT_3D ( 'NONE', #170, #178, #652 ) ;
#1414 = LINE ( 'NONE', #838, #1302 ) ;
#1415 = ORIENTED_EDGE ( 'NONE', *, *, #1437, .F. ) ;
#1416 = CARTESIAN_POINT ( 'NONE',  ( -0.8060627545632825797, 1.214223864836326827, -2.320236655730385955 ) ) ;
#1417 = EDGE_CURVE ( 'NONE', #1237, #329, #1071, .T. ) ;
#1418 = FACE_OUTER_BOUND ( 'NONE', #1493, .T. ) ;
#1419 = ORIENTED_EDGE ( 'NONE', *, *, #646, .T. ) ;
#1420 = VERTEX_POINT ( 'NONE', #1314 ) ;
#1421 = CARTESIAN_POINT ( 'NONE',  ( 0.000000000000000000, -0.3557761351636733460, 1.000000000000000000 ) ) ;
#1422 = FACE_OUTER_BOUND ( 'NONE', #1290, .T. ) ;
#1423 = CIRCLE ( 'NONE', #816, 0.1500000000000001332 ) ;
#1424 = ORIENTED_EDGE ( 'NONE', *, *, #582, .F. ) ;
#1425 = FACE_OUTER_BOUND ( 'NONE', #533, .T. ) ;
#1426 = ADVANCED_FACE ( 'NONE', ( #1425 ), #941, .F. ) ;
#1427 = VECTOR ( 'NONE', #1323, 100.0000000000000000 ) ;
#1428 = ADVANCED_FACE ( 'NONE', ( #1538 ), #376, .F. ) ;
#1429 = EDGE_LOOP ( 'NONE', ( #1191, #1340, #1157, #17 ) ) ;
#1430 = VERTEX_POINT ( 'NONE', #864 ) ;
#1431 = PRODUCT_RELATED_PRODUCT_CATEGORY ( 'part', '', ( #451 ) ) ;
#1432 = FACE_OUTER_BOUND ( 'NONE', #559, .T. ) ;
#1433 = CYLINDRICAL_SURFACE ( 'NONE', #1243, 0.8500000000000000888 ) ;
#1434 = EDGE_LOOP ( 'NONE', ( #613, #375, #1442, #813 ) ) ;
#1435 = DIRECTION ( 'NONE',  ( -0.000000000000000000, -0.000000000000000000, -1.000000000000000000 ) ) ;
#1436 = DIRECTION ( 'NONE',  ( -1.000000000000000000, 0.000000000000000000, 0.000000000000000000 ) ) ;
#1437 = EDGE_CURVE ( 'NONE', #1524, #1199, #1499, .T. ) ;
#1438 = CARTESIAN_POINT ( 'NONE',  ( -5.336062754563282162, 1.214223864836326383, -2.320236655730385955 ) ) ;
#1439 = APPLICATION_CONTEXT ( 'automotive_design' ) ;
#1440 = CARTESIAN_POINT ( 'NONE',  ( 9.863937245436718015, -1.115776135163671468, 1.000000000000000000 ) ) ;
#1441 = LINE ( 'NONE', #878, #1485 ) ;
#1442 = ORIENTED_EDGE ( 'NONE', *, *, #692, .F. ) ;
#1443 = DIRECTION ( 'NONE',  ( 1.000000000000000000, 0.000000000000000000, 0.000000000000000000 ) ) ;
#1444 = AXIS2_PLACEMENT_3D ( 'NONE', #1025, #449, #435 ) ;
#1445 = ORIENTED_EDGE ( 'NONE', *, *, #604, .T. ) ;
#1446 = EDGE_LOOP ( 'NONE', ( #936, #7, #322, #769 ) ) ;
#1447 = EDGE_CURVE ( 'NONE', #1480, #204, #1410, .T. ) ;
#1448 = DIRECTION ( 'NONE',  ( 1.000000000000000000, 0.000000000000000000, 0.000000000000000000 ) ) ;
#1449 = CARTESIAN_POINT ( 'NONE',  ( 9.863937245436718015, -1.115776135163671468, -2.020236655730385689 ) ) ;
#1450 = ORIENTED_EDGE ( 'NONE', *, *, #377, .T. ) ;
#1451 = CARTESIAN_POINT ( 'NONE',  ( -2.751062754563282642, -0.3557761351636733460, -2.320236655730385955 ) ) ;
#1452 = FACE_OUTER_BOUND ( 'NONE', #995, .T. ) ;
#1453 = DIRECTION ( 'NONE',  ( 0.000000000000000000, 0.000000000000000000, -1.000000000000000000 ) ) ;
#1454 = CYLINDRICAL_SURFACE ( 'NONE', #989, 0.8500000000000000888 ) ;
#1455 = ORIENTED_EDGE ( 'NONE', *, *, #779, .T. ) ;
#1456 = EDGE_CURVE ( 'NONE', #4, #34, #597, .T. ) ;
#1457 = CARTESIAN_POINT ( 'NONE',  ( -3.391062754563282766, -0.5457761351636732927, -0.2902366557303859285 ) ) ;
#1458 = LINE ( 'NONE', #131, #210 ) ;
#1459 = DIRECTION ( 'NONE',  ( 0.000000000000000000, -0.000000000000000000, -1.000000000000000000 ) ) ;
#1460 = COLOUR_RGB ( '',0.7921568627450980005, 0.8196078431372548767, 0.9333333333333333481 ) ;
#1461 = ORIENTED_EDGE ( 'NONE', *, *, #1363, .F. ) ;
#1462 = DIRECTION ( 'NONE',  ( -1.000000000000000000, -2.168404344971008868E-16, -2.168404344971008868E-16 ) ) ;
#1463 = EDGE_LOOP ( 'NONE', ( #712, #889 ) ) ;
#1464 = CARTESIAN_POINT ( 'NONE',  ( -3.581062754563282713, -0.5457761351636732927, -0.2902366557303859285 ) ) ;
#1465 = DIRECTION ( 'NONE',  ( 0.000000000000000000, 0.000000000000000000, -1.000000000000000000 ) ) ;
#1466 = ORIENTED_EDGE ( 'NONE', *, *, #457, .T. ) ;
#1467 = FACE_OUTER_BOUND ( 'NONE', #107, .T. ) ;
#1468 = EDGE_CURVE ( 'NONE', #778, #924, #238, .T. ) ;
#1469 = AXIS2_PLACEMENT_3D ( 'NONE', #263, #382, #1206 ) ;
#1470 = CARTESIAN_POINT ( 'NONE',  ( -6.136062754563281985, -0.8157761351636733105, -9.797174393178824918E-17 ) ) ;
#1471 = VECTOR ( 'NONE', #713, 100.0000000000000000 ) ;
#1472 = DIRECTION ( 'NONE',  ( -0.000000000000000000, -0.000000000000000000, -1.000000000000000000 ) ) ;
#1473 = DIRECTION ( 'NONE',  ( -1.000000000000000000, -1.224510688924804848E-16, 0.000000000000000000 ) ) ;
#1474 = ORIENTED_EDGE ( 'NONE', *, *, #1179, .F. ) ;
#1475 = AXIS2_PLACEMENT_3D ( 'NONE', #1226, #398, #884 ) ;
#1476 = CARTESIAN_POINT ( 'NONE',  ( -2.751062754563282642, -0.5457761351636732927, 0.6999999999999999556 ) ) ;
#1477 = EDGE_CURVE ( 'NONE', #1035, #1357, #1189, .T. ) ;
#1478 = VECTOR ( 'NONE', #969, 100.0000000000000000 ) ;
#1479 = EDGE_CURVE ( 'NONE', #56, #1328, #1175, .T. ) ;
#1480 = VERTEX_POINT ( 'NONE', #489 ) ;
#1481 = CARTESIAN_POINT ( 'NONE',  ( -5.336062754563282162, -0.8157761351636733105, -3.549465291591070253E-17 ) ) ;
#1482 = ORIENTED_EDGE ( 'NONE', *, *, #560, .T. ) ;
#1483 = AXIS2_PLACEMENT_3D ( 'NONE', #1476, #1453, #898 ) ;
#1484 = AXIS2_PLACEMENT_3D ( 'NONE', #689, #549, #1505 ) ;
#1485 = VECTOR ( 'NONE', #617, 100.0000000000000000 ) ;
#1486 = ORIENTED_EDGE ( 'NONE', *, *, #371, .F. ) ;
#1487 = DIRECTION ( 'NONE',  ( -1.000000000000000000, 0.000000000000000000, 0.000000000000000000 ) ) ;
#1488 = FACE_OUTER_BOUND ( 'NONE', #633, .T. ) ;
#1489 = VECTOR ( 'NONE', #805, 100.0000000000000000 ) ;
#1490 = CARTESIAN_POINT ( 'NONE',  ( -3.546062754563282571, 0.1942238648363269204, 2.729999999999999982 ) ) ;
#1491 = LINE ( 'NONE', #1026, #1180 ) ;
#1492 = LINE ( 'NONE', #386, #934 ) ;
#1493 = EDGE_LOOP ( 'NONE', ( #911, #1121, #977, #115 ) ) ;
#1494 = CARTESIAN_POINT ( 'NONE',  ( -0.8960627545632822155, 0.1942238648363269204, -2.020236655730385689 ) ) ;
#1495 = ORIENTED_EDGE ( 'NONE', *, *, #705, .T. ) ;
#1496 = LINE ( 'NONE', #1385, #925 ) ;
#1497 = DIRECTION ( 'NONE',  ( 0.000000000000000000, 0.000000000000000000, 1.000000000000000000 ) ) ;
#1498 =( NAMED_UNIT ( * ) PLANE_ANGLE_UNIT ( ) SI_UNIT ( $, .RADIAN. ) );
#1499 = CIRCLE ( 'NONE', #12, 0.1500000000000001332 ) ;
#1500 = FACE_OUTER_BOUND ( 'NONE', #859, .T. ) ;
#1501 = CARTESIAN_POINT ( 'NONE',  ( -2.751062754563282642, -0.3557761351636733460, 0.6999999999999999556 ) ) ;
#1502 = ORIENTED_EDGE ( 'NONE', *, *, #1235, .T. ) ;
#1503 = ORIENTED_EDGE ( 'NONE', *, *, #901, .T. ) ;
#1504 = ADVANCED_FACE ( 'NONE', ( #1062, #354, #105, #1182 ), #855, .F. ) ;
#1505 = DIRECTION ( 'NONE',  ( 1.326553246335205396E-16, -1.000000000000000000, 0.000000000000000000 ) ) ;
#1506 = CARTESIAN_POINT ( 'NONE',  ( 0.000000000000000000, 0.000000000000000000, -3.020236655730385689 ) ) ;
#1507 = FACE_BOUND ( 'NONE', #1320, .T. ) ;
#1508 = ORIENTED_EDGE ( 'NONE', *, *, #998, .F. ) ;
#1509 = ORIENTED_EDGE ( 'NONE', *, *, #881, .F. ) ;
#1510 = DIRECTION ( 'NONE',  ( -0.000000000000000000, -0.000000000000000000, -1.000000000000000000 ) ) ;
#1511 = CARTESIAN_POINT ( 'NONE',  ( -2.751062754563282642, -0.7357761351636732394, 2.729999999999999982 ) ) ;
#1512 = ADVANCED_FACE ( 'NONE', ( #1547, #477, #956 ), #253, .F. ) ;
#1513 = VECTOR ( 'NONE', #1304, 100.0000000000000000 ) ;
#1514 = FACE_OUTER_BOUND ( 'NONE', #787, .T. ) ;
#1515 = DIRECTION ( 'NONE',  ( -1.000000000000000000, 0.000000000000000000, 0.000000000000000000 ) ) ;
#1516 = ORIENTED_EDGE ( 'NONE', *, *, #1520, .T. ) ;
#1517 = CARTESIAN_POINT ( 'NONE',  ( -1.746062754563282304, 0.1942238648363268094, -2.020236655730385689 ) ) ;
#1518 = VERTEX_POINT ( 'NONE', #1307 ) ;
#1519 = DIRECTION ( 'NONE',  ( 1.000000000000000000, 0.000000000000000000, -0.000000000000000000 ) ) ;
#1520 = EDGE_CURVE ( 'NONE', #37, #1256, #246, .T. ) ;
#1521 = VECTOR ( 'NONE', #334, 100.0000000000000000 ) ;
#1522 = ORIENTED_EDGE ( 'NONE', *, *, #203, .T. ) ;
#1523 = DIRECTION ( 'NONE',  ( -1.000000000000000000, -1.326553246335205396E-16, 0.000000000000000000 ) ) ;
#1524 = VERTEX_POINT ( 'NONE', #610 ) ;
#1525 = LINE ( 'NONE', #1154, #9 ) ;
#1526 = DIRECTION ( 'NONE',  ( 1.326553246335205396E-16, -1.000000000000000000, 0.000000000000000000 ) ) ;
#1527 = DIRECTION ( 'NONE',  ( 0.000000000000000000, -0.000000000000000000, 1.000000000000000000 ) ) ;
#1528 = EDGE_CURVE ( 'NONE', #1047, #930, #1084, .T. ) ;
#1529 = ORIENTED_EDGE ( 'NONE', *, *, #452, .T. ) ;
#1530 = CARTESIAN_POINT ( 'NONE',  ( -2.751062754563282642, -0.3557761351636733460, -0.2902366557303859285 ) ) ;
#1531 = FACE_BOUND ( 'NONE', #738, .T. ) ;
#1532 = VERTEX_POINT ( 'NONE', #5 ) ;
#1533 = DIRECTION ( 'NONE',  ( -1.000000000000000000, 0.000000000000000000, 0.000000000000000000 ) ) ;
#1534 = AXIS2_PLACEMENT_3D ( 'NONE', #413, #1240, #522 ) ;
#1535 = VECTOR ( 'NONE', #1186, 100.0000000000000000 ) ;
#1536 = EDGE_CURVE ( 'NONE', #145, #863, #200, .T. ) ;
#1537 = FACE_BOUND ( 'NONE', #194, .T. ) ;
#1538 = FACE_OUTER_BOUND ( 'NONE', #1173, .T. ) ;
#1539 = AXIS2_PLACEMENT_3D ( 'NONE', #919, #167, #773 ) ;
#1540 = UNCERTAINTY_MEASURE_WITH_UNIT (LENGTH_MEASURE( 1.000000000000000082E-05 ), #629, 'distance_accuracy_value', 'NONE');
#1541 = ORIENTED_EDGE ( 'NONE', *, *, #1417, .T. ) ;
#1542 = ORIENTED_EDGE ( 'NONE', *, *, #1260, .F. ) ;
#1543 = VECTOR ( 'NONE', #52, 100.0000000000000000 ) ;
#1544 = EDGE_CURVE ( 'NONE', #863, #1177, #649, .T. ) ;
#1545 = DIRECTION ( 'NONE',  ( -1.224510688924804848E-16, 1.000000000000000000, 0.000000000000000000 ) ) ;
#1546 = VERTEX_POINT ( 'NONE', #1366 ) ;
#1547 = FACE_BOUND ( 'NONE', #286, .T. ) ;
#1548 = ADVANCED_FACE ( 'NONE', ( #1467 ), #400, .F. ) ;
#1549 = DIRECTION ( 'NONE',  ( -0.000000000000000000, -0.000000000000000000, -1.000000000000000000 ) ) ;
#1550 = EDGE_LOOP ( 'NONE', ( #277, #160, #948, #537 ) ) ;
#1551 = FACE_OUTER_BOUND ( 'NONE', #1446, .T. ) ;
#1552 = LINE ( 'NONE', #955, #1156 ) ;
#1553 = ORIENTED_EDGE ( 'NONE', *, *, #1037, .T. ) ;
#1554 = DIRECTION ( 'NONE',  ( 1.000000000000000000, -0.000000000000000000, -0.000000000000000000 ) ) ;
#1555 = EDGE_CURVE ( 'NONE', #778, #1249, #903, .T. ) ;
#1556 = VECTOR ( 'NONE', #14, 100.0000000000000000 ) ;
#1557 = CIRCLE ( 'NONE', #1058, 0.1499999999999999667 ) ;
#1558 = ORIENTED_EDGE ( 'NONE', *, *, #1349, .T. ) ;
ENDSEC;
END-ISO-10303-21;
